baseline_auroc,tau_g,r,true_delta,sigma_f,pilot,pilot_ied,qc_loss,mu_d,gamma,n_eligible_mean,estimate_mean,hw90_naive_median,hw90_honest,naive90_coverage,p_equiv_honest,p_equiv_naive,p_lb95_gt0_honest,p_lb95_gt0_naive
0.85,0.1,0.8,0.0,0.0,0,0,0,1.5547,0.0035,46.0,-0.0,0.0087,0.0088,0.899,1.0,1.0,0.026,0.028
0.85,0.1,0.8,0.0,0.0,0,0,5,1.5547,0.0035,41.611,0.0,0.0091,0.0091,0.898,1.0,1.0,0.027,0.026
0.85,0.1,0.8,0.0,0.0,0,0,10,1.5547,0.0035,37.172,-0.0,0.0097,0.0099,0.895,0.999,0.994,0.023,0.027
0.85,0.1,0.8,0.0,0.0,6,4,0,1.5547,0.0035,42.453,-0.0001,0.0091,0.0092,0.89,1.0,0.999,0.027,0.029
0.85,0.1,0.8,0.0,0.0,6,4,5,1.5547,0.0035,38.03,-0.0001,0.0096,0.0096,0.905,0.999,0.999,0.022,0.022
0.85,0.1,0.8,0.0,0.0,6,4,10,1.5547,0.0035,33.629,0.0001,0.0101,0.0102,0.909,0.998,0.993,0.025,0.024
0.85,0.1,0.8,0.0,0.0,8,5,0,1.5547,0.0035,41.575,-0.0001,0.0091,0.0091,0.91,1.0,0.999,0.021,0.026
0.85,0.1,0.8,0.0,0.0,8,5,5,1.5547,0.0035,37.128,0.0,0.0096,0.0099,0.896,1.0,0.996,0.023,0.034
0.85,0.1,0.8,0.0,0.0,8,5,10,1.5547,0.0035,32.686,0.0,0.0102,0.0104,0.897,0.996,0.992,0.025,0.033
0.85,0.1,0.8,0.0,0.0,10,6,0,1.5547,0.0035,40.682,-0.0001,0.0092,0.0093,0.908,1.0,1.0,0.028,0.028
0.85,0.1,0.8,0.0,0.0,10,6,5,1.5547,0.0035,36.222,0.0,0.0098,0.0097,0.905,1.0,0.998,0.027,0.03
0.85,0.1,0.8,0.0,0.0,10,6,10,1.5547,0.0035,31.824,-0.0,0.0103,0.0105,0.899,0.999,0.993,0.032,0.03
0.85,0.1,0.8,0.0,0.01,0,0,0,1.5547,0.0035,46.0,-0.0001,0.0087,0.0091,0.901,1.0,1.0,0.024,0.029
0.85,0.1,0.8,0.0,0.01,0,0,5,1.5547,0.0035,41.572,-0.0001,0.0092,0.0093,0.895,1.0,0.999,0.023,0.027
0.85,0.1,0.8,0.0,0.01,0,0,10,1.5547,0.0035,37.143,-0.0001,0.0096,0.0101,0.883,0.998,0.996,0.023,0.03
0.85,0.1,0.8,0.0,0.01,6,4,0,1.5547,0.0035,42.419,-0.0001,0.009,0.0095,0.884,1.0,1.0,0.021,0.03
0.85,0.1,0.8,0.0,0.01,6,4,5,1.5547,0.0035,38.074,-0.0001,0.0096,0.0101,0.887,0.999,0.999,0.023,0.037
0.85,0.1,0.8,0.0,0.01,6,4,10,1.5547,0.0035,33.628,-0.0002,0.0101,0.0106,0.88,0.996,0.992,0.025,0.036
0.85,0.1,0.8,0.0,0.01,8,5,0,1.5547,0.0035,41.583,-0.0001,0.0091,0.0093,0.905,0.999,0.999,0.027,0.03
0.85,0.1,0.8,0.0,0.01,8,5,5,1.5547,0.0035,37.137,-0.0002,0.0097,0.0102,0.883,0.998,0.998,0.02,0.035
0.85,0.1,0.8,0.0,0.01,8,5,10,1.5547,0.0035,32.749,0.0001,0.0103,0.0106,0.898,0.997,0.993,0.022,0.027
0.85,0.1,0.8,0.0,0.01,10,6,0,1.5547,0.0035,40.678,-0.0001,0.0092,0.0096,0.892,1.0,0.998,0.027,0.031
0.85,0.1,0.8,0.0,0.01,10,6,5,1.5547,0.0035,36.267,-0.0001,0.0098,0.01,0.9,0.998,0.995,0.023,0.032
0.85,0.1,0.8,0.0,0.01,10,6,10,1.5547,0.0035,31.892,0.0,0.0103,0.0108,0.878,0.993,0.991,0.029,0.037
0.85,0.1,0.8,0.0,0.02,0,0,0,1.5547,0.0035,46.0,-0.0,0.0088,0.0101,0.847,0.999,0.999,0.026,0.046
0.85,0.1,0.8,0.0,0.02,0,0,5,1.5547,0.0035,41.555,0.0001,0.0092,0.0106,0.851,0.997,0.997,0.02,0.04
0.85,0.1,0.8,0.0,0.02,0,0,10,1.5547,0.0035,37.166,-0.0002,0.0098,0.0112,0.851,0.994,0.993,0.027,0.046
0.85,0.1,0.8,0.0,0.02,6,4,0,1.5547,0.0035,42.459,0.0,0.0091,0.0104,0.851,0.997,0.999,0.026,0.047
0.85,0.1,0.8,0.0,0.02,6,4,5,1.5547,0.0035,38.047,0.0001,0.0097,0.0109,0.852,0.995,0.994,0.031,0.047
0.85,0.1,0.8,0.0,0.02,6,4,10,1.5547,0.0035,33.607,0.0,0.0103,0.0116,0.86,0.988,0.989,0.028,0.05
0.85,0.1,0.8,0.0,0.02,8,5,0,1.5547,0.0035,41.583,0.0,0.0092,0.0103,0.859,0.997,0.999,0.028,0.043
0.85,0.1,0.8,0.0,0.02,8,5,5,1.5547,0.0035,37.14,-0.0001,0.0098,0.011,0.859,0.997,0.997,0.022,0.042
0.85,0.1,0.8,0.0,0.02,8,5,10,1.5547,0.0035,32.702,0.0001,0.0103,0.0113,0.867,0.999,0.995,0.03,0.045
0.85,0.1,0.8,0.0,0.02,10,6,0,1.5547,0.0035,40.702,0.0001,0.0094,0.0107,0.845,0.994,0.993,0.029,0.045
0.85,0.1,0.8,0.0,0.02,10,6,5,1.5547,0.0035,36.283,0.0001,0.0099,0.0109,0.865,0.998,0.998,0.024,0.036
0.85,0.1,0.8,0.0,0.02,10,6,10,1.5547,0.0035,31.829,-0.0001,0.0105,0.0115,0.866,0.992,0.993,0.027,0.043
0.85,0.1,0.8,0.03,0.0,0,0,0,1.5547,0.2117,46.0,0.0302,0.0088,0.0088,0.896,0.043,0.058,1.0,1.0
0.85,0.1,0.8,0.03,0.0,0,0,5,1.5547,0.2117,41.583,0.0302,0.0092,0.0093,0.896,0.049,0.058,1.0,1.0
0.85,0.1,0.8,0.03,0.0,0,0,10,1.5547,0.2117,37.092,0.0302,0.0097,0.0097,0.898,0.042,0.056,0.999,0.998
0.85,0.1,0.8,0.03,0.0,6,4,0,1.5547,0.2117,42.462,0.0302,0.0091,0.0092,0.899,0.041,0.061,0.999,0.999
0.85,0.1,0.8,0.03,0.0,6,4,5,1.5547,0.2117,38.053,0.0302,0.0096,0.0098,0.893,0.04,0.063,0.999,0.998
0.85,0.1,0.8,0.03,0.0,6,4,10,1.5547,0.2117,33.664,0.0303,0.0102,0.01,0.913,0.039,0.047,0.999,0.997
0.85,0.1,0.8,0.03,0.0,8,5,0,1.5547,0.2117,41.588,0.0303,0.0092,0.0094,0.888,0.038,0.061,1.0,1.0
0.85,0.1,0.8,0.03,0.0,8,5,5,1.5547,0.2117,37.216,0.0301,0.0097,0.0099,0.892,0.049,0.061,0.997,0.995
0.85,0.1,0.8,0.03,0.0,8,5,10,1.5547,0.2117,32.706,0.03,0.0103,0.0105,0.898,0.047,0.062,0.999,0.996
0.85,0.1,0.8,0.03,0.0,10,6,0,1.5547,0.2117,40.71,0.0302,0.0092,0.0094,0.882,0.048,0.074,0.999,0.998
0.85,0.1,0.8,0.03,0.0,10,6,5,1.5547,0.2117,36.253,0.0302,0.0099,0.0099,0.892,0.048,0.066,1.0,1.0
0.85,0.1,0.8,0.03,0.0,10,6,10,1.5547,0.2117,31.854,0.0302,0.0106,0.0105,0.903,0.046,0.057,1.0,0.993
0.85,0.1,0.8,0.03,0.01,0,0,0,1.5547,0.2117,46.0,0.0302,0.0088,0.0091,0.877,0.043,0.069,1.0,1.0
0.85,0.1,0.8,0.03,0.01,0,0,5,1.5547,0.2117,41.547,0.0302,0.0092,0.0097,0.873,0.05,0.071,1.0,0.999
0.85,0.1,0.8,0.03,0.01,0,0,10,1.5547,0.2117,37.109,0.0303,0.0098,0.0101,0.882,0.047,0.066,0.999,0.998
0.85,0.1,0.8,0.03,0.01,6,4,0,1.5547,0.2117,42.479,0.0303,0.0091,0.0094,0.869,0.042,0.064,0.999,0.998
0.85,0.1,0.8,0.03,0.01,6,4,5,1.5547,0.2117,38.057,0.0303,0.0097,0.0099,0.885,0.045,0.066,1.0,1.0
0.85,0.1,0.8,0.03,0.01,6,4,10,1.5547,0.2117,33.634,0.0303,0.0103,0.0108,0.881,0.05,0.071,0.998,0.998
0.85,0.1,0.8,0.03,0.01,8,5,0,1.5547,0.2117,41.571,0.0302,0.0092,0.0097,0.88,0.044,0.071,0.999,0.998
0.85,0.1,0.8,0.03,0.01,8,5,5,1.5547,0.2117,37.168,0.0302,0.0098,0.0098,0.89,0.044,0.064,0.998,0.998
0.85,0.1,0.8,0.03,0.01,8,5,10,1.5547,0.2117,32.743,0.0303,0.0105,0.011,0.882,0.047,0.066,0.997,0.992
0.85,0.1,0.8,0.03,0.01,10,6,0,1.5547,0.2117,40.692,0.0302,0.0094,0.0097,0.884,0.051,0.065,1.0,1.0
0.85,0.1,0.8,0.03,0.01,10,6,5,1.5547,0.2117,36.273,0.0304,0.0098,0.0102,0.878,0.041,0.065,0.999,0.999
0.85,0.1,0.8,0.03,0.01,10,6,10,1.5547,0.2117,31.85,0.0303,0.0107,0.0109,0.883,0.045,0.066,0.995,0.996
0.85,0.1,0.8,0.03,0.02,0,0,0,1.5547,0.2117,46.0,0.0301,0.0088,0.0101,0.849,0.046,0.08,1.0,1.0
0.85,0.1,0.8,0.03,0.02,0,0,5,1.5547,0.2117,41.545,0.03,0.0093,0.0105,0.848,0.05,0.088,0.998,0.999
0.85,0.1,0.8,0.03,0.02,0,0,10,1.5547,0.2117,37.161,0.0301,0.0099,0.0113,0.834,0.051,0.099,0.993,0.995
0.85,0.1,0.8,0.03,0.02,6,4,0,1.5547,0.2117,42.448,0.0302,0.0092,0.0104,0.852,0.053,0.088,0.999,0.999
0.85,0.1,0.8,0.03,0.02,6,4,5,1.5547,0.2117,38.011,0.0302,0.0098,0.0111,0.851,0.042,0.076,0.997,0.998
0.85,0.1,0.8,0.03,0.02,6,4,10,1.5547,0.2117,33.621,0.0301,0.0103,0.0118,0.854,0.042,0.084,0.991,0.994
0.85,0.1,0.8,0.03,0.02,8,5,0,1.5547,0.2117,41.567,0.0301,0.0094,0.0105,0.86,0.049,0.08,0.997,0.999
0.85,0.1,0.8,0.03,0.02,8,5,5,1.5547,0.2117,37.153,0.0301,0.0099,0.0105,0.868,0.045,0.076,0.999,0.999
0.85,0.1,0.8,0.03,0.02,8,5,10,1.5547,0.2117,32.677,0.0301,0.0104,0.0119,0.856,0.045,0.085,0.989,0.994
0.85,0.1,0.8,0.03,0.02,10,6,0,1.5547,0.2117,40.683,0.0302,0.0094,0.0105,0.869,0.046,0.072,0.995,0.997
0.85,0.1,0.8,0.03,0.02,10,6,5,1.5547,0.2117,36.26,0.0305,0.01,0.0113,0.849,0.044,0.08,0.992,0.995
0.85,0.1,0.8,0.03,0.02,10,6,10,1.5547,0.2117,31.906,0.0301,0.0107,0.0113,0.862,0.053,0.083,0.993,0.993
0.85,0.1,0.9,0.0,0.0,0,0,0,1.5547,0.0035,46.0,-0.0,0.0068,0.0067,0.916,1.0,1.0,0.029,0.026
0.85,0.1,0.9,0.0,0.0,0,0,5,1.5547,0.0035,41.54,-0.0001,0.0071,0.007,0.905,1.0,1.0,0.029,0.031
0.85,0.1,0.9,0.0,0.0,0,0,10,1.5547,0.0035,37.15,-0.0001,0.0076,0.0073,0.904,1.0,1.0,0.021,0.026
0.85,0.1,0.9,0.0,0.0,6,4,0,1.5547,0.0035,42.485,0.0,0.0071,0.007,0.904,1.0,1.0,0.029,0.024
0.85,0.1,0.9,0.0,0.0,6,4,5,1.5547,0.0035,37.999,-0.0,0.0075,0.0076,0.895,1.0,1.0,0.022,0.027
0.85,0.1,0.9,0.0,0.0,6,4,10,1.5547,0.0035,33.579,-0.0,0.0079,0.0081,0.891,1.0,1.0,0.023,0.032
0.85,0.1,0.9,0.0,0.0,8,5,0,1.5547,0.0035,41.59,-0.0,0.0072,0.007,0.91,1.0,1.0,0.028,0.027
0.85,0.1,0.9,0.0,0.0,8,5,5,1.5547,0.0035,37.18,-0.0,0.0075,0.0077,0.896,1.0,1.0,0.031,0.027
0.85,0.1,0.9,0.0,0.0,8,5,10,1.5547,0.0035,32.734,0.0,0.008,0.008,0.897,1.0,1.0,0.024,0.025
0.85,0.1,0.9,0.0,0.0,10,6,0,1.5547,0.0035,40.693,0.0001,0.0072,0.0071,0.912,1.0,1.0,0.026,0.03
0.85,0.1,0.9,0.0,0.0,10,6,5,1.5547,0.0035,36.256,0.0,0.0076,0.0075,0.911,1.0,1.0,0.022,0.017
0.85,0.1,0.9,0.0,0.0,10,6,10,1.5547,0.0035,31.907,0.0,0.0081,0.008,0.904,1.0,0.999,0.025,0.024
0.85,0.1,0.9,0.0,0.01,0,0,0,1.5547,0.0035,46.0,0.0,0.0069,0.0072,0.886,1.0,1.0,0.023,0.032
0.85,0.1,0.9,0.0,0.01,0,0,5,1.5547,0.0035,41.586,0.0001,0.0072,0.0075,0.883,1.0,1.0,0.02,0.031
0.85,0.1,0.9,0.0,0.01,0,0,10,1.5547,0.0035,37.127,0.0,0.0076,0.0079,0.898,1.0,1.0,0.019,0.032
0.85,0.1,0.9,0.0,0.01,6,4,0,1.5547,0.0035,42.46,-0.0,0.0071,0.0076,0.873,1.0,1.0,0.019,0.037
0.85,0.1,0.9,0.0,0.01,6,4,5,1.5547,0.0035,38.007,0.0,0.0075,0.008,0.877,1.0,1.0,0.024,0.038
0.85,0.1,0.9,0.0,0.01,6,4,10,1.5547,0.0035,33.648,0.0001,0.008,0.0083,0.876,1.0,1.0,0.021,0.037
0.85,0.1,0.9,0.0,0.01,8,5,0,1.5547,0.0035,41.58,0.0,0.0072,0.0074,0.897,1.0,1.0,0.023,0.031
0.85,0.1,0.9,0.0,0.01,8,5,5,1.5547,0.0035,37.152,0.0,0.0076,0.008,0.881,1.0,1.0,0.02,0.032
0.85,0.1,0.9,0.0,0.01,8,5,10,1.5547,0.0035,32.716,0.0,0.0081,0.0083,0.888,1.0,1.0,0.027,0.03
0.85,0.1,0.9,0.0,0.01,10,6,0,1.5547,0.0035,40.677,-0.0,0.0073,0.0076,0.884,1.0,1.0,0.024,0.036
0.85,0.1,0.9,0.0,0.01,10,6,5,1.5547,0.0035,36.256,0.0,0.0077,0.0081,0.876,1.0,1.0,0.03,0.037
0.85,0.1,0.9,0.0,0.01,10,6,10,1.5547,0.0035,31.808,-0.0001,0.0082,0.0085,0.9,1.0,1.0,0.015,0.024
0.85,0.1,0.9,0.0,0.02,0,0,0,1.5547,0.0035,46.0,-0.0,0.0069,0.0082,0.826,1.0,1.0,0.021,0.051
0.85,0.1,0.9,0.0,0.02,0,0,5,1.5547,0.0035,41.588,-0.0,0.0073,0.0084,0.848,1.0,1.0,0.02,0.046
0.85,0.1,0.9,0.0,0.02,0,0,10,1.5547,0.0035,37.118,-0.0001,0.0077,0.0088,0.842,1.0,1.0,0.021,0.046
0.85,0.1,0.9,0.0,0.02,6,4,0,1.5547,0.0035,42.438,0.0001,0.0072,0.0085,0.826,1.0,1.0,0.022,0.052
0.85,0.1,0.9,0.0,0.02,6,4,5,1.5547,0.0035,38.028,-0.0001,0.0076,0.0089,0.844,1.0,1.0,0.026,0.043
0.85,0.1,0.9,0.0,0.02,6,4,10,1.5547,0.0035,33.601,-0.0002,0.0081,0.0092,0.863,0.999,0.998,0.026,0.043
0.85,0.1,0.9,0.0,0.02,8,5,0,1.5547,0.0035,41.588,-0.0001,0.0073,0.0086,0.839,1.0,1.0,0.018,0.052
0.85,0.1,0.9,0.0,0.02,8,5,5,1.5547,0.0035,37.118,0.0001,0.0078,0.009,0.849,1.0,1.0,0.022,0.039
0.85,0.1,0.9,0.0,0.02,8,5,10,1.5547,0.0035,32.728,-0.0004,0.0082,0.0095,0.847,1.0,1.0,0.018,0.037
0.85,0.1,0.9,0.0,0.02,10,6,0,1.5547,0.0035,40.684,-0.0001,0.0074,0.0087,0.838,1.0,1.0,0.028,0.05
0.85,0.1,0.9,0.0,0.02,10,6,5,1.5547,0.0035,36.324,-0.0,0.0079,0.0093,0.828,1.0,1.0,0.022,0.054
0.85,0.1,0.9,0.0,0.02,10,6,10,1.5547,0.0035,31.904,-0.0002,0.0083,0.0096,0.853,1.0,1.0,0.016,0.043
0.85,0.1,0.9,0.03,0.0,0,0,0,1.5547,0.2117,46.0,0.0297,0.0071,0.0071,0.897,0.058,0.062,1.0,1.0
0.85,0.1,0.9,0.03,0.0,0,0,5,1.5547,0.2117,41.56,0.0296,0.0075,0.0073,0.901,0.052,0.063,1.0,1.0
0.85,0.1,0.9,0.03,0.0,0,0,10,1.5547,0.2117,37.139,0.0296,0.0079,0.0078,0.896,0.055,0.07,1.0,1.0
0.85,0.1,0.9,0.03,0.0,6,4,0,1.5547,0.2117,42.486,0.0297,0.0074,0.0073,0.895,0.041,0.062,1.0,1.0
0.85,0.1,0.9,0.03,0.0,6,4,5,1.5547,0.2117,38.013,0.0298,0.0078,0.0079,0.899,0.044,0.061,1.0,1.0
0.85,0.1,0.9,0.03,0.0,6,4,10,1.5547,0.2117,33.656,0.0297,0.0083,0.0083,0.898,0.047,0.066,1.0,1.0
0.85,0.1,0.9,0.03,0.0,8,5,0,1.5547,0.2117,41.559,0.0297,0.0075,0.0075,0.89,0.058,0.067,1.0,1.0
0.85,0.1,0.9,0.03,0.0,8,5,5,1.5547,0.2117,37.141,0.0297,0.0079,0.0077,0.904,0.051,0.061,1.0,1.0
0.85,0.1,0.9,0.03,0.0,8,5,10,1.5547,0.2117,32.676,0.0295,0.0083,0.0085,0.895,0.049,0.068,1.0,1.0
0.85,0.1,0.9,0.03,0.0,10,6,0,1.5547,0.2117,40.68,0.0297,0.0075,0.0075,0.899,0.054,0.06,1.0,1.0
0.85,0.1,0.9,0.03,0.0,10,6,5,1.5547,0.2117,36.19,0.0296,0.0079,0.0081,0.891,0.047,0.067,0.999,0.999
0.85,0.1,0.9,0.03,0.0,10,6,10,1.5547,0.2117,31.866,0.0298,0.0085,0.0083,0.893,0.044,0.066,1.0,1.0
0.85,0.1,0.9,0.03,0.01,0,0,0,1.5547,0.2117,46.0,0.0297,0.0071,0.0074,0.885,0.047,0.072,1.0,1.0
0.85,0.1,0.9,0.03,0.01,0,0,5,1.5547,0.2117,41.587,0.0297,0.0075,0.0078,0.88,0.053,0.074,1.0,1.0
0.85,0.1,0.9,0.03,0.01,0,0,10,1.5547,0.2117,37.196,0.0296,0.0079,0.0082,0.881,0.047,0.08,1.0,1.0
0.85,0.1,0.9,0.03,0.01,6,4,0,1.5547,0.2117,42.468,0.0296,0.0074,0.0078,0.872,0.06,0.084,1.0,1.0
0.85,0.1,0.9,0.03,0.01,6,4,5,1.5547,0.2117,37.994,0.0298,0.0078,0.008,0.888,0.048,0.067,1.0,1.0
0.85,0.1,0.9,0.03,0.01,6,4,10,1.5547,0.2117,33.644,0.0295,0.0083,0.0084,0.877,0.05,0.081,1.0,1.0
0.85,0.1,0.9,0.03,0.01,8,5,0,1.5547,0.2117,41.571,0.0296,0.0075,0.0078,0.886,0.047,0.074,1.0,1.0
0.85,0.1,0.9,0.03,0.01,8,5,5,1.5547,0.2117,37.144,0.0297,0.0079,0.0081,0.904,0.044,0.059,1.0,1.0
0.85,0.1,0.9,0.03,0.01,8,5,10,1.5547,0.2117,32.723,0.0296,0.0084,0.0087,0.895,0.05,0.064,1.0,1.0
0.85,0.1,0.9,0.03,0.01,10,6,0,1.5547,0.2117,40.684,0.0297,0.0076,0.008,0.872,0.051,0.08,1.0,1.0
0.85,0.1,0.9,0.03,0.01,10,6,5,1.5547,0.2117,36.268,0.0297,0.008,0.0085,0.881,0.049,0.074,1.0,1.0
0.85,0.1,0.9,0.03,0.01,10,6,10,1.5547,0.2117,31.845,0.0296,0.0085,0.0087,0.882,0.057,0.079,1.0,1.0
0.85,0.1,0.9,0.03,0.02,0,0,0,1.5547,0.2117,46.0,0.0297,0.0072,0.0085,0.853,0.05,0.09,1.0,1.0
0.85,0.1,0.9,0.03,0.02,0,0,5,1.5547,0.2117,41.604,0.0297,0.0076,0.0093,0.832,0.046,0.097,0.998,0.998
0.85,0.1,0.9,0.03,0.02,0,0,10,1.5547,0.2117,37.137,0.0296,0.008,0.0092,0.84,0.05,0.102,1.0,1.0
0.85,0.1,0.9,0.03,0.02,6,4,0,1.5547,0.2117,42.465,0.0299,0.0075,0.0085,0.856,0.055,0.085,1.0,1.0
0.85,0.1,0.9,0.03,0.02,6,4,5,1.5547,0.2117,38.066,0.0296,0.0079,0.0094,0.836,0.057,0.103,0.998,0.999
0.85,0.1,0.9,0.03,0.02,6,4,10,1.5547,0.2117,33.641,0.0297,0.0084,0.0098,0.845,0.056,0.095,0.999,1.0
0.85,0.1,0.9,0.03,0.02,8,5,0,1.5547,0.2117,41.568,0.0296,0.0076,0.009,0.833,0.053,0.103,0.999,1.0
0.85,0.1,0.9,0.03,0.02,8,5,5,1.5547,0.2117,37.142,0.0296,0.008,0.0095,0.847,0.053,0.094,1.0,1.0
0.85,0.1,0.9,0.03,0.02,8,5,10,1.5547,0.2117,32.68,0.0297,0.0086,0.0098,0.848,0.062,0.101,0.999,0.999
0.85,0.1,0.9,0.03,0.02,10,6,0,1.5547,0.2117,40.683,0.0296,0.0077,0.009,0.839,0.051,0.095,1.0,1.0
0.85,0.1,0.9,0.03,0.02,10,6,5,1.5547,0.2117,36.272,0.03,0.0081,0.0092,0.851,0.051,0.081,1.0,1.0
0.85,0.1,0.9,0.03,0.02,10,6,10,1.5547,0.2117,31.886,0.0298,0.0086,0.01,0.845,0.045,0.085,0.999,1.0
0.85,0.25,0.8,0.0,0.0,0,0,0,1.5547,0.0214,46.0,-0.0,0.0127,0.0125,0.91,0.978,0.96,0.021,0.016
0.85,0.25,0.8,0.0,0.0,0,0,5,1.5547,0.0214,41.559,-0.0002,0.0133,0.0131,0.902,0.962,0.947,0.021,0.019
0.85,0.25,0.8,0.0,0.0,0,0,10,1.5547,0.0214,37.138,-0.0001,0.014,0.014,0.902,0.94,0.923,0.016,0.026
0.85,0.25,0.8,0.0,0.0,6,4,0,1.5547,0.0214,42.457,-0.0,0.0133,0.0131,0.914,0.968,0.949,0.022,0.02
0.85,0.25,0.8,0.0,0.0,6,4,5,1.5547,0.0214,38.022,0.0001,0.0139,0.014,0.905,0.94,0.921,0.021,0.022
0.85,0.25,0.8,0.0,0.0,6,4,10,1.5547,0.0214,33.649,-0.0001,0.0149,0.0152,0.901,0.898,0.878,0.019,0.032
0.85,0.25,0.8,0.0,0.0,8,5,0,1.5547,0.0214,41.635,-0.0001,0.0133,0.0132,0.908,0.964,0.945,0.018,0.021
0.85,0.25,0.8,0.0,0.0,8,5,5,1.5547,0.0214,37.191,-0.0001,0.014,0.0139,0.914,0.942,0.92,0.018,0.019
0.85,0.25,0.8,0.0,0.0,8,5,10,1.5547,0.0214,32.746,0.0001,0.0151,0.0145,0.921,0.928,0.879,0.023,0.023
0.85,0.25,0.8,0.0,0.0,10,6,0,1.5547,0.0214,40.681,0.0,0.0135,0.0131,0.923,0.971,0.95,0.019,0.016
0.85,0.25,0.8,0.0,0.0,10,6,5,1.5547,0.0214,36.296,-0.0002,0.0143,0.0142,0.899,0.934,0.914,0.023,0.021
0.85,0.25,0.8,0.0,0.0,10,6,10,1.5547,0.0214,31.876,-0.0003,0.0152,0.0151,0.901,0.894,0.862,0.023,0.021
0.85,0.25,0.8,0.0,0.01,0,0,0,1.5547,0.0214,46.0,-0.0001,0.0127,0.0127,0.901,0.971,0.958,0.023,0.02
0.85,0.25,0.8,0.0,0.01,0,0,5,1.5547,0.0214,41.575,-0.0001,0.0134,0.013,0.903,0.965,0.95,0.02,0.02
0.85,0.25,0.8,0.0,0.01,0,0,10,1.5547,0.0214,37.161,-0.0001,0.014,0.0138,0.915,0.953,0.928,0.019,0.025
0.85,0.25,0.8,0.0,0.01,6,4,0,1.5547,0.0214,42.459,-0.0001,0.0133,0.0135,0.902,0.956,0.943,0.019,0.023
0.85,0.25,0.8,0.0,0.01,6,4,5,1.5547,0.0214,37.992,0.0,0.0139,0.0143,0.905,0.936,0.909,0.022,0.032
0.85,0.25,0.8,0.0,0.01,6,4,10,1.5547,0.0214,33.574,0.0,0.0149,0.015,0.907,0.902,0.872,0.024,0.027
0.85,0.25,0.8,0.0,0.01,8,5,0,1.5547,0.0214,41.599,-0.0,0.0133,0.0132,0.917,0.96,0.941,0.028,0.03
0.85,0.25,0.8,0.0,0.01,8,5,5,1.5547,0.0214,37.183,-0.0001,0.0142,0.0139,0.903,0.938,0.91,0.023,0.027
0.85,0.25,0.8,0.0,0.01,8,5,10,1.5547,0.0214,32.762,-0.0001,0.015,0.0151,0.912,0.901,0.868,0.026,0.025
0.85,0.25,0.8,0.0,0.01,10,6,0,1.5547,0.0214,40.682,-0.0,0.0135,0.0136,0.902,0.958,0.943,0.02,0.025
0.85,0.25,0.8,0.0,0.01,10,6,5,1.5547,0.0214,36.305,-0.0,0.0142,0.0145,0.897,0.924,0.905,0.02,0.028
0.85,0.25,0.8,0.0,0.01,10,6,10,1.5547,0.0214,31.82,-0.0002,0.0152,0.0153,0.907,0.887,0.865,0.023,0.03
0.85,0.25,0.8,0.0,0.02,0,0,0,1.5547,0.0214,46.0,-0.0001,0.0128,0.0136,0.875,0.952,0.945,0.021,0.031
0.85,0.25,0.8,0.0,0.02,0,0,5,1.5547,0.0214,41.55,0.0002,0.0134,0.0135,0.902,0.955,0.948,0.018,0.029
0.85,0.25,0.8,0.0,0.02,0,0,10,1.5547,0.0214,37.129,-0.0001,0.0142,0.0149,0.886,0.902,0.903,0.019,0.029
0.85,0.25,0.8,0.0,0.02,6,4,0,1.5547,0.0214,42.461,0.0,0.0133,0.0139,0.886,0.947,0.943,0.022,0.029
0.85,0.25,0.8,0.0,0.02,6,4,5,1.5547,0.0214,38.029,0.0002,0.014,0.0148,0.877,0.916,0.909,0.023,0.037
0.85,0.25,0.8,0.0,0.02,6,4,10,1.5547,0.0214,33.635,-0.0001,0.0149,0.0152,0.892,0.881,0.873,0.023,0.025
0.85,0.25,0.8,0.0,0.02,8,5,0,1.5547,0.0214,41.553,-0.0001,0.0134,0.0142,0.889,0.933,0.933,0.022,0.029
0.85,0.25,0.8,0.0,0.02,8,5,5,1.5547,0.0214,37.193,-0.0002,0.0142,0.0147,0.886,0.914,0.897,0.025,0.027
0.85,0.25,0.8,0.0,0.02,8,5,10,1.5547,0.0214,32.702,0.0002,0.015,0.0154,0.896,0.884,0.868,0.023,0.03
0.85,0.25,0.8,0.0,0.02,10,6,0,1.5547,0.0214,40.656,-0.0,0.0135,0.0138,0.891,0.953,0.935,0.024,0.028
0.85,0.25,0.8,0.0,0.02,10,6,5,1.5547,0.0214,36.271,-0.0001,0.0143,0.0148,0.888,0.913,0.905,0.023,0.028
0.85,0.25,0.8,0.0,0.02,10,6,10,1.5547,0.0214,31.833,-0.0002,0.0153,0.0158,0.886,0.855,0.844,0.02,0.025
0.85,0.25,0.8,0.03,0.0,0,0,0,1.5547,0.2321,46.0,0.0298,0.0119,0.0115,0.913,0.049,0.054,0.995,0.992
0.85,0.25,0.8,0.03,0.0,0,0,5,1.5547,0.2321,41.538,0.0299,0.0126,0.0123,0.907,0.048,0.057,0.987,0.984
0.85,0.25,0.8,0.03,0.0,0,0,10,1.5547,0.2321,37.159,0.0298,0.0134,0.0129,0.907,0.053,0.053,0.971,0.954
0.85,0.25,0.8,0.03,0.0,6,4,0,1.5547,0.2321,42.463,0.0299,0.0125,0.0119,0.92,0.045,0.045,0.993,0.985
0.85,0.25,0.8,0.03,0.0,6,4,5,1.5547,0.2321,38.046,0.0297,0.0132,0.0125,0.917,0.041,0.052,0.98,0.971
0.85,0.25,0.8,0.03,0.0,6,4,10,1.5547,0.2321,33.623,0.0298,0.014,0.0134,0.91,0.049,0.054,0.956,0.939
0.85,0.25,0.8,0.03,0.0,8,5,0,1.5547,0.2321,41.598,0.0298,0.0125,0.0121,0.909,0.043,0.052,0.982,0.976
0.85,0.25,0.8,0.03,0.0,8,5,5,1.5547,0.2321,37.183,0.0298,0.0133,0.0124,0.913,0.057,0.052,0.975,0.958
0.85,0.25,0.8,0.03,0.0,8,5,10,1.5547,0.2321,32.704,0.0298,0.0143,0.0139,0.908,0.049,0.059,0.946,0.926
0.85,0.25,0.8,0.03,0.0,10,6,0,1.5547,0.2321,40.665,0.0298,0.0127,0.0124,0.911,0.048,0.05,0.986,0.977
0.85,0.25,0.8,0.03,0.0,10,6,5,1.5547,0.2321,36.299,0.0298,0.0135,0.0129,0.918,0.052,0.054,0.968,0.956
0.85,0.25,0.8,0.03,0.0,10,6,10,1.5547,0.2321,31.826,0.0298,0.0145,0.014,0.905,0.051,0.053,0.942,0.933
0.85,0.25,0.8,0.03,0.01,0,0,0,1.5547,0.2321,46.0,0.0298,0.012,0.0116,0.909,0.054,0.058,0.992,0.993
0.85,0.25,0.8,0.03,0.01,0,0,5,1.5547,0.2321,41.564,0.0298,0.0126,0.0126,0.901,0.047,0.058,0.979,0.979
0.85,0.25,0.8,0.03,0.01,0,0,10,1.5547,0.2321,37.152,0.0301,0.0133,0.0131,0.901,0.043,0.05,0.969,0.962
0.85,0.25,0.8,0.03,0.01,6,4,0,1.5547,0.2321,42.467,0.0298,0.0125,0.0121,0.917,0.048,0.049,0.989,0.985
0.85,0.25,0.8,0.03,0.01,6,4,5,1.5547,0.2321,38.063,0.0297,0.0131,0.0127,0.904,0.05,0.054,0.975,0.964
0.85,0.25,0.8,0.03,0.01,6,4,10,1.5547,0.2321,33.624,0.0295,0.0141,0.0138,0.899,0.062,0.067,0.934,0.924
0.85,0.25,0.8,0.03,0.01,8,5,0,1.5547,0.2321,41.551,0.0299,0.0126,0.0124,0.905,0.052,0.056,0.982,0.975
0.85,0.25,0.8,0.03,0.01,8,5,5,1.5547,0.2321,37.159,0.03,0.0133,0.0131,0.897,0.044,0.051,0.966,0.961
0.85,0.25,0.8,0.03,0.01,8,5,10,1.5547,0.2321,32.766,0.0297,0.0142,0.0142,0.887,0.049,0.062,0.933,0.932
0.85,0.25,0.8,0.03,0.01,10,6,0,1.5547,0.2321,40.658,0.03,0.0127,0.0127,0.899,0.049,0.055,0.974,0.972
0.85,0.25,0.8,0.03,0.01,10,6,5,1.5547,0.2321,36.267,0.0299,0.0134,0.0132,0.91,0.058,0.051,0.959,0.946
0.85,0.25,0.8,0.03,0.01,10,6,10,1.5547,0.2321,31.799,0.0298,0.0144,0.0138,0.917,0.04,0.049,0.956,0.94
0.85,0.25,0.8,0.03,0.02,0,0,0,1.5547,0.2321,46.0,0.0298,0.012,0.0126,0.873,0.052,0.074,0.98,0.98
0.85,0.25,0.8,0.03,0.02,0,0,5,1.5547,0.2321,41.57,0.0298,0.0127,0.0129,0.898,0.043,0.057,0.977,0.971
0.85,0.25,0.8,0.03,0.02,0,0,10,1.5547,0.2321,37.17,0.0298,0.0133,0.0137,0.886,0.045,0.064,0.954,0.951
0.85,0.25,0.8,0.03,0.02,6,4,0,1.5547,0.2321,42.443,0.0299,0.0125,0.0126,0.903,0.045,0.056,0.977,0.975
0.85,0.25,0.8,0.03,0.02,6,4,5,1.5547,0.2321,38.013,0.0301,0.0133,0.0138,0.878,0.042,0.065,0.956,0.954
0.85,0.25,0.8,0.03,0.02,6,4,10,1.5547,0.2321,33.621,0.0299,0.014,0.0147,0.887,0.041,0.067,0.913,0.932
0.85,0.25,0.8,0.03,0.02,8,5,0,1.5547,0.2321,41.577,0.0298,0.0127,0.013,0.892,0.05,0.064,0.975,0.973
0.85,0.25,0.8,0.03,0.02,8,5,5,1.5547,0.2321,37.169,0.0298,0.0133,0.014,0.884,0.059,0.068,0.93,0.941
0.85,0.25,0.8,0.03,0.02,8,5,10,1.5547,0.2321,32.688,0.0299,0.0142,0.0149,0.881,0.041,0.064,0.913,0.921
0.85,0.25,0.8,0.03,0.02,10,6,0,1.5547,0.2321,40.676,0.0298,0.0128,0.0133,0.873,0.057,0.076,0.959,0.965
0.85,0.25,0.8,0.03,0.02,10,6,5,1.5547,0.2321,36.274,0.0297,0.0136,0.014,0.895,0.046,0.056,0.94,0.95
0.85,0.25,0.8,0.03,0.02,10,6,10,1.5547,0.2321,31.833,0.0299,0.0145,0.0144,0.899,0.049,0.057,0.933,0.914
0.85,0.25,0.9,0.0,0.0,0,0,0,1.5547,0.0214,46.0,0.0002,0.0114,0.0116,0.905,0.993,0.99,0.018,0.028
0.85,0.25,0.9,0.0,0.0,0,0,5,1.5547,0.0214,41.585,0.0002,0.012,0.0121,0.904,0.988,0.981,0.024,0.03
0.85,0.25,0.9,0.0,0.0,0,0,10,1.5547,0.0214,37.159,0.0002,0.0127,0.0127,0.904,0.98,0.967,0.022,0.03
0.85,0.25,0.9,0.0,0.0,6,4,0,1.5547,0.0214,42.462,0.0002,0.0119,0.0122,0.896,0.987,0.981,0.023,0.033
0.85,0.25,0.9,0.0,0.0,6,4,5,1.5547,0.0214,38.076,0.0002,0.0126,0.0126,0.895,0.979,0.964,0.024,0.031
0.85,0.25,0.9,0.0,0.0,6,4,10,1.5547,0.0214,33.589,0.0001,0.0133,0.0136,0.897,0.958,0.943,0.021,0.044
0.85,0.25,0.9,0.0,0.0,8,5,0,1.5547,0.0214,41.552,0.0002,0.012,0.0121,0.895,0.987,0.974,0.023,0.032
0.85,0.25,0.9,0.0,0.0,8,5,5,1.5547,0.0214,37.107,0.0002,0.0128,0.0128,0.901,0.977,0.964,0.022,0.031
0.85,0.25,0.9,0.0,0.0,8,5,10,1.5547,0.0214,32.697,0.0003,0.0137,0.0138,0.89,0.944,0.928,0.028,0.033
0.85,0.25,0.9,0.0,0.0,10,6,0,1.5547,0.0214,40.683,0.0001,0.0122,0.0123,0.903,0.989,0.982,0.02,0.028
0.85,0.25,0.9,0.0,0.0,10,6,5,1.5547,0.0214,36.237,0.0002,0.013,0.013,0.897,0.962,0.957,0.02,0.03
0.85,0.25,0.9,0.0,0.0,10,6,10,1.5547,0.0214,31.873,0.0,0.0138,0.0139,0.895,0.934,0.912,0.024,0.029
0.85,0.25,0.9,0.0,0.01,0,0,0,1.5547,0.0214,46.0,0.0002,0.0114,0.0117,0.889,0.995,0.992,0.024,0.033
0.85,0.25,0.9,0.0,0.01,0,0,5,1.5547,0.0214,41.577,0.0001,0.0121,0.0122,0.901,0.986,0.982,0.021,0.034
0.85,0.25,0.9,0.0,0.01,0,0,10,1.5547,0.0214,37.209,0.0001,0.0127,0.0129,0.894,0.972,0.958,0.023,0.038
0.85,0.25,0.9,0.0,0.01,6,4,0,1.5547,0.0214,42.453,0.0002,0.0119,0.0122,0.901,0.988,0.982,0.026,0.031
0.85,0.25,0.9,0.0,0.01,6,4,5,1.5547,0.0214,38.072,0.0002,0.0125,0.0128,0.893,0.975,0.965,0.028,0.037
0.85,0.25,0.9,0.0,0.01,6,4,10,1.5547,0.0214,33.52,0.0003,0.0134,0.0135,0.895,0.957,0.94,0.026,0.034
0.85,0.25,0.9,0.0,0.01,8,5,0,1.5547,0.0214,41.559,0.0002,0.012,0.0125,0.894,0.986,0.98,0.026,0.029
0.85,0.25,0.9,0.0,0.01,8,5,5,1.5547,0.0214,37.138,0.0003,0.0128,0.0131,0.885,0.964,0.959,0.027,0.042
0.85,0.25,0.9,0.0,0.01,8,5,10,1.5547,0.0214,32.764,0.0002,0.0136,0.0139,0.9,0.949,0.932,0.02,0.03
0.85,0.25,0.9,0.0,0.01,10,6,0,1.5547,0.0214,40.679,0.0001,0.0122,0.0125,0.882,0.986,0.977,0.023,0.037
0.85,0.25,0.9,0.0,0.01,10,6,5,1.5547,0.0214,36.272,0.0001,0.0129,0.0129,0.901,0.969,0.96,0.024,0.033
0.85,0.25,0.9,0.0,0.01,10,6,10,1.5547,0.0214,31.838,0.0004,0.0137,0.0142,0.881,0.934,0.93,0.021,0.038
0.85,0.25,0.9,0.0,0.02,0,0,0,1.5547,0.0214,46.0,0.0002,0.0115,0.0123,0.888,0.986,0.987,0.026,0.038
0.85,0.25,0.9,0.0,0.02,0,0,5,1.5547,0.0214,41.598,0.0001,0.0122,0.013,0.871,0.975,0.974,0.026,0.038
0.85,0.25,0.9,0.0,0.02,0,0,10,1.5547,0.0214,37.149,0.0002,0.0128,0.0137,0.863,0.95,0.948,0.024,0.04
0.85,0.25,0.9,0.0,0.02,6,4,0,1.5547,0.0214,42.451,0.0002,0.012,0.013,0.868,0.977,0.978,0.021,0.039
0.85,0.25,0.9,0.0,0.02,6,4,5,1.5547,0.0214,38.01,0.0005,0.0127,0.0134,0.874,0.96,0.96,0.023,0.044
0.85,0.25,0.9,0.0,0.02,6,4,10,1.5547,0.0214,33.654,0.0004,0.0136,0.0145,0.873,0.921,0.921,0.026,0.036
0.85,0.25,0.9,0.0,0.02,8,5,0,1.5547,0.0214,41.607,0.0001,0.0121,0.0129,0.87,0.979,0.97,0.02,0.037
0.85,0.25,0.9,0.0,0.02,8,5,5,1.5547,0.0214,37.177,0.0001,0.0128,0.013,0.892,0.971,0.957,0.03,0.034
0.85,0.25,0.9,0.0,0.02,8,5,10,1.5547,0.0214,32.754,0.0002,0.0137,0.0144,0.873,0.933,0.918,0.017,0.035
0.85,0.25,0.9,0.0,0.02,10,6,0,1.5547,0.0214,40.677,0.0003,0.0123,0.0132,0.872,0.973,0.975,0.024,0.044
0.85,0.25,0.9,0.0,0.02,10,6,5,1.5547,0.0214,36.235,0.0004,0.0129,0.0142,0.861,0.945,0.943,0.023,0.041
0.85,0.25,0.9,0.0,0.02,10,6,10,1.5547,0.0214,31.854,0.0002,0.0139,0.0149,0.878,0.894,0.892,0.024,0.041
0.85,0.25,0.9,0.03,0.0,0,0,0,1.5547,0.2321,46.0,0.03,0.0109,0.0108,0.885,0.05,0.059,0.998,0.996
0.85,0.25,0.9,0.03,0.0,0,0,5,1.5547,0.2321,41.587,0.03,0.0114,0.0114,0.881,0.053,0.068,0.997,0.993
0.85,0.25,0.9,0.03,0.0,0,0,10,1.5547,0.2321,37.176,0.0299,0.0121,0.0119,0.899,0.04,0.052,0.986,0.985
0.85,0.25,0.9,0.03,0.0,6,4,0,1.5547,0.2321,42.482,0.03,0.0114,0.0112,0.886,0.043,0.06,0.997,0.994
0.85,0.25,0.9,0.03,0.0,6,4,5,1.5547,0.2321,38.063,0.03,0.012,0.0119,0.887,0.045,0.056,0.988,0.985
0.85,0.25,0.9,0.03,0.0,6,4,10,1.5547,0.2321,33.654,0.0299,0.0127,0.0128,0.894,0.055,0.061,0.972,0.972
0.85,0.25,0.9,0.03,0.0,8,5,0,1.5547,0.2321,41.6,0.0299,0.0114,0.0113,0.897,0.051,0.056,0.992,0.99
0.85,0.25,0.9,0.03,0.0,8,5,5,1.5547,0.2321,37.17,0.03,0.0121,0.0119,0.891,0.052,0.059,0.994,0.986
0.85,0.25,0.9,0.03,0.0,8,5,10,1.5547,0.2321,32.664,0.03,0.013,0.013,0.889,0.052,0.059,0.968,0.964
0.85,0.25,0.9,0.03,0.0,10,6,0,1.5547,0.2321,40.656,0.03,0.0116,0.0116,0.887,0.052,0.065,0.991,0.99
0.85,0.25,0.9,0.03,0.0,10,6,5,1.5547,0.2321,36.301,0.0299,0.0123,0.0122,0.893,0.051,0.06,0.982,0.979
0.85,0.25,0.9,0.03,0.0,10,6,10,1.5547,0.2321,31.818,0.0301,0.0131,0.0131,0.886,0.042,0.061,0.969,0.965
0.85,0.25,0.9,0.03,0.01,0,0,0,1.5547,0.2321,46.0,0.03,0.0109,0.0111,0.879,0.057,0.068,0.997,0.996
0.85,0.25,0.9,0.03,0.01,0,0,5,1.5547,0.2321,41.586,0.0299,0.0114,0.0118,0.868,0.051,0.069,0.991,0.991
0.85,0.25,0.9,0.03,0.01,0,0,10,1.5547,0.2321,37.164,0.03,0.0121,0.0124,0.895,0.044,0.053,0.978,0.978
0.85,0.25,0.9,0.03,0.01,6,4,0,1.5547,0.2321,42.475,0.0298,0.0113,0.0115,0.877,0.053,0.065,0.99,0.994
0.85,0.25,0.9,0.03,0.01,6,4,5,1.5547,0.2321,38.009,0.0299,0.012,0.0121,0.89,0.048,0.064,0.978,0.981
0.85,0.25,0.9,0.03,0.01,6,4,10,1.5547,0.2321,33.635,0.0299,0.0128,0.013,0.888,0.049,0.06,0.965,0.972
0.85,0.25,0.9,0.03,0.01,8,5,0,1.5547,0.2321,41.551,0.03,0.0115,0.0115,0.893,0.046,0.05,0.994,0.991
0.85,0.25,0.9,0.03,0.01,8,5,5,1.5547,0.2321,37.121,0.0298,0.0122,0.0123,0.876,0.051,0.074,0.986,0.986
0.85,0.25,0.9,0.03,0.01,8,5,10,1.5547,0.2321,32.736,0.0298,0.0128,0.0131,0.886,0.048,0.067,0.965,0.967
0.85,0.25,0.9,0.03,0.01,10,6,0,1.5547,0.2321,40.746,0.03,0.0116,0.0119,0.88,0.049,0.067,0.98,0.985
0.85,0.25,0.9,0.03,0.01,10,6,5,1.5547,0.2321,36.226,0.0301,0.0122,0.0125,0.884,0.057,0.069,0.976,0.976
0.85,0.25,0.9,0.03,0.01,10,6,10,1.5547,0.2321,31.832,0.03,0.0131,0.0132,0.892,0.046,0.062,0.964,0.961
0.85,0.25,0.9,0.03,0.02,0,0,0,1.5547,0.2321,46.0,0.0299,0.011,0.0118,0.867,0.044,0.067,0.988,0.991
0.85,0.25,0.9,0.03,0.02,0,0,5,1.5547,0.2321,41.624,0.0301,0.0116,0.0124,0.864,0.048,0.067,0.98,0.983
0.85,0.25,0.9,0.03,0.02,0,0,10,1.5547,0.2321,37.077,0.0299,0.0123,0.0129,0.871,0.06,0.079,0.97,0.964
0.85,0.25,0.9,0.03,0.02,6,4,0,1.5547,0.2321,42.454,0.03,0.0114,0.0123,0.859,0.053,0.071,0.979,0.983
0.85,0.25,0.9,0.03,0.02,6,4,5,1.5547,0.2321,38.051,0.03,0.012,0.0131,0.865,0.053,0.079,0.967,0.969
0.85,0.25,0.9,0.03,0.02,6,4,10,1.5547,0.2321,33.624,0.0299,0.0129,0.0135,0.884,0.042,0.059,0.964,0.959
0.85,0.25,0.9,0.03,0.02,8,5,0,1.5547,0.2321,41.569,0.0299,0.0115,0.0123,0.866,0.047,0.076,0.984,0.984
0.85,0.25,0.9,0.03,0.02,8,5,5,1.5547,0.2321,37.163,0.0298,0.0122,0.0129,0.876,0.051,0.072,0.968,0.971
0.85,0.25,0.9,0.03,0.02,8,5,10,1.5547,0.2321,32.724,0.0301,0.013,0.0141,0.868,0.045,0.069,0.944,0.953
0.85,0.25,0.9,0.03,0.02,10,6,0,1.5547,0.2321,40.682,0.0301,0.0117,0.0124,0.869,0.048,0.065,0.978,0.987
0.85,0.25,0.9,0.03,0.02,10,6,5,1.5547,0.2321,36.239,0.03,0.0123,0.0128,0.876,0.044,0.064,0.978,0.975
0.85,0.25,0.9,0.03,0.02,10,6,10,1.5547,0.2321,31.788,0.0302,0.0131,0.0135,0.893,0.048,0.054,0.958,0.956
0.85,0.5,0.8,0.0,0.0,0,0,0,1.5547,0.0841,46.0,-0.0002,0.0211,0.0206,0.904,0.538,0.513,0.02,0.035
0.85,0.5,0.8,0.0,0.0,0,0,5,1.5547,0.0841,41.589,-0.0003,0.0222,0.0219,0.898,0.462,0.445,0.019,0.035
0.85,0.5,0.8,0.0,0.0,0,0,10,1.5547,0.0841,37.146,-0.0001,0.0235,0.0227,0.912,0.408,0.377,0.016,0.024
0.85,0.5,0.8,0.0,0.0,6,4,0,1.5547,0.0841,42.476,-0.0001,0.022,0.0216,0.903,0.473,0.46,0.019,0.03
0.85,0.5,0.8,0.0,0.0,6,4,5,1.5547,0.0841,38.075,-0.0,0.0232,0.0227,0.904,0.402,0.388,0.025,0.036
0.85,0.5,0.8,0.0,0.0,6,4,10,1.5547,0.0841,33.571,-0.0002,0.0248,0.0239,0.911,0.331,0.281,0.019,0.029
0.85,0.5,0.8,0.0,0.0,8,5,0,1.5547,0.0841,41.577,-0.0001,0.0222,0.022,0.9,0.448,0.444,0.023,0.035
0.85,0.5,0.8,0.0,0.0,8,5,5,1.5547,0.0841,37.157,-0.0003,0.0235,0.0236,0.892,0.356,0.353,0.021,0.034
0.85,0.5,0.8,0.0,0.0,8,5,10,1.5547,0.0841,32.696,-0.0003,0.025,0.0245,0.903,0.297,0.27,0.017,0.039
0.85,0.5,0.8,0.0,0.0,10,6,0,1.5547,0.0841,40.613,-0.0003,0.0224,0.0221,0.905,0.437,0.41,0.02,0.032
0.85,0.5,0.8,0.0,0.0,10,6,5,1.5547,0.0841,36.316,0.0001,0.0236,0.0236,0.899,0.347,0.349,0.021,0.038
0.85,0.5,0.8,0.0,0.0,10,6,10,1.5547,0.0841,31.871,-0.0005,0.0256,0.0243,0.921,0.294,0.253,0.019,0.028
0.85,0.5,0.8,0.0,0.01,0,0,0,1.5547,0.0841,46.0,-0.0002,0.0211,0.0208,0.901,0.529,0.51,0.02,0.034
0.85,0.5,0.8,0.0,0.01,0,0,5,1.5547,0.0841,41.578,-0.0002,0.0222,0.0221,0.907,0.437,0.432,0.019,0.025
0.85,0.5,0.8,0.0,0.01,0,0,10,1.5547,0.0841,37.181,-0.0001,0.0236,0.0234,0.899,0.352,0.341,0.02,0.04
0.85,0.5,0.8,0.0,0.01,6,4,0,1.5547,0.0841,42.46,-0.0,0.0219,0.022,0.906,0.446,0.439,0.019,0.033
0.85,0.5,0.8,0.0,0.01,6,4,5,1.5547,0.0841,38.019,-0.0002,0.0233,0.0226,0.916,0.407,0.374,0.017,0.034
0.85,0.5,0.8,0.0,0.01,6,4,10,1.5547,0.0841,33.661,-0.0001,0.0247,0.0245,0.899,0.295,0.291,0.022,0.04
0.85,0.5,0.8,0.0,0.01,8,5,0,1.5547,0.0841,41.513,-0.0003,0.0222,0.0218,0.907,0.453,0.425,0.02,0.031
0.85,0.5,0.8,0.0,0.01,8,5,5,1.5547,0.0841,37.145,-0.0001,0.0234,0.0231,0.899,0.37,0.354,0.017,0.031
0.85,0.5,0.8,0.0,0.01,8,5,10,1.5547,0.0841,32.719,-0.0,0.025,0.0242,0.908,0.293,0.254,0.018,0.036
0.85,0.5,0.8,0.0,0.01,10,6,0,1.5547,0.0841,40.649,-0.0001,0.0225,0.0218,0.908,0.466,0.416,0.018,0.032
0.85,0.5,0.8,0.0,0.01,10,6,5,1.5547,0.0841,36.239,-0.0001,0.0237,0.0234,0.91,0.359,0.331,0.024,0.03
0.85,0.5,0.8,0.0,0.01,10,6,10,1.5547,0.0841,31.922,-0.0001,0.0254,0.0252,0.903,0.232,0.237,0.019,0.036
0.85,0.5,0.8,0.0,0.02,0,0,0,1.5547,0.0841,46.0,-0.0001,0.0211,0.0214,0.896,0.488,0.505,0.019,0.038
0.85,0.5,0.8,0.0,0.02,0,0,5,1.5547,0.0841,41.618,-0.0003,0.0221,0.022,0.898,0.464,0.442,0.018,0.037
0.85,0.5,0.8,0.0,0.02,0,0,10,1.5547,0.0841,37.13,0.0,0.0236,0.0232,0.902,0.368,0.346,0.025,0.034
0.85,0.5,0.8,0.0,0.02,6,4,0,1.5547,0.0841,42.481,0.0,0.022,0.022,0.899,0.441,0.438,0.019,0.034
0.85,0.5,0.8,0.0,0.02,6,4,5,1.5547,0.0841,38.056,-0.0,0.0233,0.0232,0.896,0.365,0.345,0.013,0.033
0.85,0.5,0.8,0.0,0.02,6,4,10,1.5547,0.0841,33.658,-0.0004,0.0247,0.0249,0.899,0.265,0.282,0.019,0.036
0.85,0.5,0.8,0.0,0.02,8,5,0,1.5547,0.0841,41.592,-0.0,0.0222,0.0224,0.9,0.431,0.423,0.025,0.035
0.85,0.5,0.8,0.0,0.02,8,5,5,1.5547,0.0841,37.175,-0.0006,0.0237,0.023,0.902,0.381,0.349,0.023,0.035
0.85,0.5,0.8,0.0,0.02,8,5,10,1.5547,0.0841,32.708,0.0003,0.0251,0.0251,0.893,0.249,0.263,0.024,0.034
0.85,0.5,0.8,0.0,0.02,10,6,0,1.5547,0.0841,40.686,-0.0002,0.0226,0.0228,0.895,0.401,0.406,0.016,0.028
0.85,0.5,0.8,0.0,0.02,10,6,5,1.5547,0.0841,36.294,-0.0003,0.0237,0.0235,0.896,0.344,0.334,0.013,0.032
0.85,0.5,0.8,0.0,0.02,10,6,10,1.5547,0.0841,31.74,0.0002,0.0255,0.0256,0.891,0.249,0.272,0.023,0.04
0.85,0.5,0.8,0.03,0.0,0,0,0,1.5547,0.3032,46.0,0.0302,0.0192,0.0195,0.887,0.052,0.044,0.725,0.702
0.85,0.5,0.8,0.03,0.0,0,0,5,1.5547,0.3032,41.575,0.0301,0.0201,0.0212,0.875,0.053,0.05,0.637,0.656
0.85,0.5,0.8,0.03,0.0,0,0,10,1.5547,0.3032,37.127,0.0304,0.0212,0.0214,0.89,0.048,0.04,0.642,0.619
0.85,0.5,0.8,0.03,0.0,6,4,0,1.5547,0.3032,42.47,0.0304,0.0199,0.0204,0.886,0.048,0.048,0.687,0.681
0.85,0.5,0.8,0.03,0.0,6,4,5,1.5547,0.3032,38.003,0.03,0.0212,0.0216,0.876,0.054,0.05,0.629,0.634
0.85,0.5,0.8,0.03,0.0,6,4,10,1.5547,0.3032,33.608,0.03,0.0224,0.0224,0.907,0.048,0.033,0.604,0.596
0.85,0.5,0.8,0.03,0.0,8,5,0,1.5547,0.3032,41.606,0.0302,0.0201,0.0201,0.895,0.049,0.04,0.692,0.674
0.85,0.5,0.8,0.03,0.0,8,5,5,1.5547,0.3032,37.152,0.0303,0.0213,0.0213,0.889,0.047,0.041,0.639,0.632
0.85,0.5,0.8,0.03,0.0,8,5,10,1.5547,0.3032,32.696,0.03,0.0225,0.0237,0.887,0.043,0.045,0.541,0.575
0.85,0.5,0.8,0.03,0.0,10,6,0,1.5547,0.3032,40.701,0.0305,0.0204,0.0204,0.897,0.044,0.04,0.674,0.663
0.85,0.5,0.8,0.03,0.0,10,6,5,1.5547,0.3032,36.281,0.0301,0.0214,0.0221,0.878,0.046,0.044,0.61,0.617
0.85,0.5,0.8,0.03,0.0,10,6,10,1.5547,0.3032,31.82,0.03,0.023,0.0236,0.888,0.047,0.045,0.571,0.573
0.85,0.5,0.8,0.03,0.01,0,0,0,1.5547,0.3032,46.0,0.0302,0.0192,0.0197,0.884,0.055,0.051,0.703,0.699
0.85,0.5,0.8,0.03,0.01,0,0,5,1.5547,0.3032,41.595,0.0302,0.0201,0.0206,0.887,0.053,0.047,0.674,0.667
0.85,0.5,0.8,0.03,0.01,0,0,10,1.5547,0.3032,37.157,0.0302,0.0214,0.0216,0.888,0.053,0.05,0.631,0.624
0.85,0.5,0.8,0.03,0.01,6,4,0,1.5547,0.3032,42.504,0.0303,0.0199,0.0203,0.892,0.051,0.043,0.668,0.664
0.85,0.5,0.8,0.03,0.01,6,4,5,1.5547,0.3032,38.057,0.0303,0.021,0.0218,0.888,0.054,0.045,0.624,0.635
0.85,0.5,0.8,0.03,0.01,6,4,10,1.5547,0.3032,33.586,0.0301,0.0224,0.0234,0.883,0.047,0.039,0.56,0.583
0.85,0.5,0.8,0.03,0.01,8,5,0,1.5547,0.3032,41.585,0.0302,0.0202,0.0206,0.892,0.041,0.042,0.661,0.676
0.85,0.5,0.8,0.03,0.01,8,5,5,1.5547,0.3032,37.127,0.03,0.0212,0.0216,0.885,0.042,0.042,0.614,0.624
0.85,0.5,0.8,0.03,0.01,8,5,10,1.5547,0.3032,32.71,0.0304,0.0228,0.0228,0.884,0.052,0.045,0.58,0.569
0.85,0.5,0.8,0.03,0.01,10,6,0,1.5547,0.3032,40.707,0.0302,0.0203,0.0206,0.889,0.045,0.045,0.673,0.662
0.85,0.5,0.8,0.03,0.01,10,6,5,1.5547,0.3032,36.263,0.0304,0.0214,0.0216,0.905,0.04,0.037,0.639,0.622
0.85,0.5,0.8,0.03,0.01,10,6,10,1.5547,0.3032,31.873,0.0304,0.023,0.0233,0.89,0.043,0.038,0.587,0.569
0.85,0.5,0.8,0.03,0.02,0,0,0,1.5547,0.3032,46.0,0.0301,0.0192,0.02,0.875,0.058,0.054,0.69,0.691
0.85,0.5,0.8,0.03,0.02,0,0,5,1.5547,0.3032,41.599,0.0302,0.0202,0.0209,0.889,0.047,0.042,0.66,0.665
0.85,0.5,0.8,0.03,0.02,0,0,10,1.5547,0.3032,37.148,0.03,0.0212,0.0218,0.884,0.046,0.044,0.619,0.608
0.85,0.5,0.8,0.03,0.02,6,4,0,1.5547,0.3032,42.481,0.0303,0.0199,0.0211,0.868,0.041,0.051,0.64,0.664
0.85,0.5,0.8,0.03,0.02,6,4,5,1.5547,0.3032,38.08,0.0301,0.021,0.0217,0.876,0.051,0.047,0.626,0.626
0.85,0.5,0.8,0.03,0.02,6,4,10,1.5547,0.3032,33.587,0.0303,0.0225,0.0236,0.869,0.042,0.047,0.568,0.587
0.85,0.5,0.8,0.03,0.02,8,5,0,1.5547,0.3032,41.585,0.0302,0.0202,0.0211,0.869,0.049,0.052,0.64,0.662
0.85,0.5,0.8,0.03,0.02,8,5,5,1.5547,0.3032,37.153,0.0303,0.0215,0.022,0.887,0.038,0.037,0.608,0.631
0.85,0.5,0.8,0.03,0.02,8,5,10,1.5547,0.3032,32.746,0.03,0.0226,0.0234,0.882,0.053,0.046,0.56,0.576
0.85,0.5,0.8,0.03,0.02,10,6,0,1.5547,0.3032,40.656,0.0303,0.0204,0.0215,0.865,0.044,0.052,0.629,0.652
0.85,0.5,0.8,0.03,0.02,10,6,5,1.5547,0.3032,36.277,0.0303,0.0215,0.0224,0.879,0.044,0.045,0.593,0.614
0.85,0.5,0.8,0.03,0.02,10,6,10,1.5547,0.3032,31.809,0.0304,0.0232,0.0232,0.885,0.055,0.038,0.6,0.591
0.85,0.5,0.9,0.0,0.0,0,0,0,1.5547,0.0841,46.0,0.0002,0.0206,0.0201,0.905,0.578,0.54,0.021,0.037
0.85,0.5,0.9,0.0,0.0,0,0,5,1.5547,0.0841,41.6,0.0003,0.0218,0.0212,0.901,0.485,0.467,0.018,0.035
0.85,0.5,0.9,0.0,0.0,0,0,10,1.5547,0.0841,37.188,0.0003,0.0229,0.0221,0.896,0.441,0.392,0.027,0.041
0.85,0.5,0.9,0.0,0.0,6,4,0,1.5547,0.0841,42.428,0.0001,0.0215,0.0208,0.904,0.531,0.502,0.026,0.032
0.85,0.5,0.9,0.0,0.0,6,4,5,1.5547,0.0841,38.072,0.0002,0.0227,0.0224,0.897,0.415,0.402,0.021,0.039
0.85,0.5,0.9,0.0,0.0,6,4,10,1.5547,0.0841,33.634,0.0002,0.0243,0.0239,0.9,0.317,0.303,0.024,0.038
0.85,0.5,0.9,0.0,0.0,8,5,0,1.5547,0.0841,41.594,0.0002,0.0217,0.0209,0.905,0.535,0.485,0.024,0.036
0.85,0.5,0.9,0.0,0.0,8,5,5,1.5547,0.0841,37.141,0.0004,0.0228,0.023,0.89,0.38,0.379,0.025,0.042
0.85,0.5,0.9,0.0,0.0,8,5,10,1.5547,0.0841,32.778,0.0004,0.0243,0.024,0.909,0.303,0.302,0.018,0.032
0.85,0.5,0.9,0.0,0.0,10,6,0,1.5547,0.0841,40.689,0.0002,0.022,0.0215,0.896,0.475,0.46,0.019,0.041
0.85,0.5,0.9,0.0,0.0,10,6,5,1.5547,0.0841,36.263,0.0001,0.0231,0.0224,0.902,0.408,0.361,0.018,0.033
0.85,0.5,0.9,0.0,0.0,10,6,10,1.5547,0.0841,31.839,0.0001,0.0246,0.0241,0.904,0.34,0.299,0.014,0.034
0.85,0.5,0.9,0.0,0.01,0,0,0,1.5547,0.0841,46.0,0.0002,0.0206,0.0203,0.9,0.562,0.554,0.024,0.038
0.85,0.5,0.9,0.0,0.01,0,0,5,1.5547,0.0841,41.552,0.0001,0.0218,0.021,0.907,0.508,0.461,0.023,0.04
0.85,0.5,0.9,0.0,0.01,0,0,10,1.5547,0.0841,37.199,0.0004,0.0228,0.0221,0.905,0.441,0.411,0.019,0.034
0.85,0.5,0.9,0.0,0.01,6,4,0,1.5547,0.0841,42.448,0.0004,0.0214,0.0211,0.889,0.508,0.482,0.023,0.039
0.85,0.5,0.9,0.0,0.01,6,4,5,1.5547,0.0841,38.032,-0.0002,0.0226,0.0226,0.895,0.408,0.382,0.023,0.032
0.85,0.5,0.9,0.0,0.01,6,4,10,1.5547,0.0841,33.596,0.0003,0.024,0.0243,0.897,0.301,0.309,0.025,0.04
0.85,0.5,0.9,0.0,0.01,8,5,0,1.5547,0.0841,41.586,0.0002,0.0217,0.0213,0.898,0.507,0.463,0.025,0.041
0.85,0.5,0.9,0.0,0.01,8,5,5,1.5547,0.0841,37.225,0.0002,0.0228,0.0227,0.895,0.407,0.398,0.019,0.039
0.85,0.5,0.9,0.0,0.01,8,5,10,1.5547,0.0841,32.676,0.0001,0.0247,0.0242,0.899,0.332,0.317,0.022,0.032
0.85,0.5,0.9,0.0,0.01,10,6,0,1.5547,0.0841,40.668,0.0002,0.0219,0.0217,0.894,0.488,0.466,0.029,0.048
0.85,0.5,0.9,0.0,0.01,10,6,5,1.5547,0.0841,36.284,0.0007,0.0232,0.0223,0.903,0.421,0.37,0.022,0.027
0.85,0.5,0.9,0.0,0.01,10,6,10,1.5547,0.0841,31.836,-0.0,0.0247,0.025,0.888,0.266,0.273,0.023,0.053
0.85,0.5,0.9,0.0,0.02,0,0,0,1.5547,0.0841,46.0,0.0003,0.0206,0.0206,0.895,0.559,0.538,0.027,0.045
0.85,0.5,0.9,0.0,0.02,0,0,5,1.5547,0.0841,41.588,0.0003,0.0217,0.0217,0.883,0.463,0.453,0.025,0.037
0.85,0.5,0.9,0.0,0.02,0,0,10,1.5547,0.0841,37.167,0.0003,0.023,0.0223,0.908,0.415,0.4,0.019,0.029
0.85,0.5,0.9,0.0,0.02,6,4,0,1.5547,0.0841,42.451,0.0002,0.0215,0.0217,0.884,0.448,0.462,0.023,0.041
0.85,0.5,0.9,0.0,0.02,6,4,5,1.5547,0.0841,38.013,0.0002,0.0228,0.0227,0.879,0.43,0.411,0.023,0.044
0.85,0.5,0.9,0.0,0.02,6,4,10,1.5547,0.0841,33.655,0.0,0.0241,0.024,0.89,0.333,0.328,0.022,0.047
0.85,0.5,0.9,0.0,0.02,8,5,0,1.5547,0.0841,41.591,0.0001,0.0217,0.0212,0.9,0.477,0.451,0.021,0.029
0.85,0.5,0.9,0.0,0.02,8,5,5,1.5547,0.0841,37.183,-0.0002,0.023,0.0236,0.89,0.338,0.376,0.015,0.044
0.85,0.5,0.9,0.0,0.02,8,5,10,1.5547,0.0841,32.735,0.0006,0.0244,0.025,0.887,0.229,0.269,0.027,0.051
0.85,0.5,0.9,0.0,0.02,10,6,0,1.5547,0.0841,40.679,0.0005,0.022,0.0216,0.893,0.48,0.455,0.027,0.039
0.85,0.5,0.9,0.0,0.02,10,6,5,1.5547,0.0841,36.306,0.0001,0.0232,0.0231,0.901,0.375,0.367,0.018,0.039
0.85,0.5,0.9,0.0,0.02,10,6,10,1.5547,0.0841,31.815,0.0003,0.0246,0.0244,0.899,0.297,0.299,0.018,0.042
0.85,0.5,0.9,0.03,0.0,0,0,0,1.5547,0.3032,46.0,0.03,0.0186,0.0183,0.896,0.049,0.042,0.757,0.738
0.85,0.5,0.9,0.03,0.0,0,0,5,1.5547,0.3032,41.604,0.03,0.0195,0.0191,0.902,0.054,0.04,0.74,0.698
0.85,0.5,0.9,0.03,0.0,0,0,10,1.5547,0.3032,37.159,0.0299,0.0206,0.0202,0.9,0.052,0.044,0.679,0.659
0.85,0.5,0.9,0.03,0.0,6,4,0,1.5547,0.3032,42.483,0.0301,0.0193,0.0187,0.909,0.048,0.036,0.742,0.713
0.85,0.5,0.9,0.03,0.0,6,4,5,1.5547,0.3032,38.065,0.0301,0.0204,0.0206,0.882,0.065,0.054,0.685,0.673
0.85,0.5,0.9,0.03,0.0,6,4,10,1.5547,0.3032,33.585,0.0299,0.0215,0.021,0.904,0.054,0.043,0.659,0.622
0.85,0.5,0.9,0.03,0.0,8,5,0,1.5547,0.3032,41.608,0.0301,0.0195,0.0195,0.894,0.054,0.047,0.714,0.699
0.85,0.5,0.9,0.03,0.0,8,5,5,1.5547,0.3032,37.123,0.0299,0.0205,0.0208,0.895,0.047,0.039,0.653,0.648
0.85,0.5,0.9,0.03,0.0,8,5,10,1.5547,0.3032,32.73,0.0299,0.022,0.0213,0.907,0.055,0.032,0.626,0.591
0.85,0.5,0.9,0.03,0.0,10,6,0,1.5547,0.3032,40.669,0.03,0.0199,0.0194,0.906,0.055,0.039,0.72,0.697
0.85,0.5,0.9,0.03,0.0,10,6,5,1.5547,0.3032,36.244,0.0301,0.0208,0.0209,0.895,0.053,0.042,0.666,0.654
0.85,0.5,0.9,0.03,0.0,10,6,10,1.5547,0.3032,31.806,0.0303,0.0222,0.0226,0.898,0.051,0.039,0.607,0.604
0.85,0.5,0.9,0.03,0.01,0,0,0,1.5547,0.3032,46.0,0.03,0.0186,0.0184,0.902,0.05,0.037,0.752,0.742
0.85,0.5,0.9,0.03,0.01,0,0,5,1.5547,0.3032,41.593,0.0301,0.0195,0.0194,0.893,0.045,0.042,0.709,0.7
0.85,0.5,0.9,0.03,0.01,0,0,10,1.5547,0.3032,37.151,0.0297,0.0207,0.0205,0.896,0.052,0.044,0.658,0.641
0.85,0.5,0.9,0.03,0.01,6,4,0,1.5547,0.3032,42.513,0.0301,0.0193,0.0191,0.896,0.053,0.04,0.725,0.705
0.85,0.5,0.9,0.03,0.01,6,4,5,1.5547,0.3032,38.075,0.0298,0.0203,0.0199,0.905,0.053,0.038,0.682,0.657
0.85,0.5,0.9,0.03,0.01,6,4,10,1.5547,0.3032,33.657,0.0301,0.0216,0.0216,0.903,0.053,0.04,0.636,0.62
0.85,0.5,0.9,0.03,0.01,8,5,0,1.5547,0.3032,41.553,0.0301,0.0195,0.0194,0.898,0.045,0.04,0.717,0.702
0.85,0.5,0.9,0.03,0.01,8,5,5,1.5547,0.3032,37.162,0.0298,0.0208,0.0199,0.916,0.056,0.034,0.7,0.659
0.85,0.5,0.9,0.03,0.01,8,5,10,1.5547,0.3032,32.709,0.0302,0.022,0.0222,0.894,0.055,0.039,0.627,0.611
0.85,0.5,0.9,0.03,0.01,10,6,0,1.5547,0.3032,40.681,0.0301,0.0198,0.0201,0.894,0.049,0.047,0.699,0.703
0.85,0.5,0.9,0.03,0.01,10,6,5,1.5547,0.3032,36.225,0.0302,0.0209,0.0207,0.888,0.057,0.042,0.669,0.641
0.85,0.5,0.9,0.03,0.01,10,6,10,1.5547,0.3032,31.842,0.03,0.0222,0.0225,0.893,0.049,0.037,0.592,0.584
0.85,0.5,0.9,0.03,0.02,0,0,0,1.5547,0.3032,46.0,0.03,0.0186,0.0191,0.891,0.049,0.05,0.738,0.739
0.85,0.5,0.9,0.03,0.02,0,0,5,1.5547,0.3032,41.576,0.0298,0.0195,0.0203,0.884,0.059,0.052,0.687,0.691
0.85,0.5,0.9,0.03,0.02,0,0,10,1.5547,0.3032,37.164,0.0303,0.0208,0.021,0.896,0.058,0.04,0.668,0.662
0.85,0.5,0.9,0.03,0.02,6,4,0,1.5547,0.3032,42.5,0.0299,0.0193,0.02,0.886,0.057,0.053,0.692,0.697
0.85,0.5,0.9,0.03,0.02,6,4,5,1.5547,0.3032,38.047,0.03,0.0205,0.0208,0.888,0.059,0.043,0.667,0.663
0.85,0.5,0.9,0.03,0.02,6,4,10,1.5547,0.3032,33.597,0.0301,0.0219,0.0218,0.889,0.048,0.04,0.623,0.623
0.85,0.5,0.9,0.03,0.02,8,5,0,1.5547,0.3032,41.597,0.0301,0.0196,0.0199,0.88,0.054,0.049,0.707,0.7
0.85,0.5,0.9,0.03,0.02,8,5,5,1.5547,0.3032,37.112,0.0297,0.0207,0.0209,0.889,0.057,0.047,0.652,0.647
0.85,0.5,0.9,0.03,0.02,8,5,10,1.5547,0.3032,32.718,0.0301,0.0222,0.0218,0.89,0.054,0.041,0.643,0.604
0.85,0.5,0.9,0.03,0.02,10,6,0,1.5547,0.3032,40.713,0.0297,0.0198,0.0202,0.884,0.057,0.054,0.666,0.675
0.85,0.5,0.9,0.03,0.02,10,6,5,1.5547,0.3032,36.21,0.03,0.0209,0.0216,0.883,0.045,0.042,0.617,0.625
0.85,0.5,0.9,0.03,0.02,10,6,10,1.5547,0.3032,31.845,0.0301,0.0224,0.0229,0.89,0.053,0.045,0.576,0.603
0.9,0.1,0.8,0.0,0.0,0,0,0,1.9223,0.0043,46.0,-0.0001,0.0071,0.007,0.896,1.0,1.0,0.027,0.025
0.9,0.1,0.8,0.0,0.0,0,0,5,1.9223,0.0043,41.554,-0.0002,0.0075,0.0073,0.899,1.0,1.0,0.026,0.028
0.9,0.1,0.8,0.0,0.0,0,0,10,1.9223,0.0043,37.167,-0.0001,0.0078,0.0078,0.898,1.0,1.0,0.023,0.026
0.9,0.1,0.8,0.0,0.0,6,4,0,1.9223,0.0043,42.457,-0.0001,0.0073,0.0074,0.902,1.0,1.0,0.023,0.032
0.9,0.1,0.8,0.0,0.0,6,4,5,1.9223,0.0043,38.014,-0.0001,0.0078,0.0077,0.905,1.0,1.0,0.024,0.024
0.9,0.1,0.8,0.0,0.0,6,4,10,1.9223,0.0043,33.539,-0.0001,0.0082,0.0082,0.898,1.0,1.0,0.024,0.033
0.9,0.1,0.8,0.0,0.0,8,5,0,1.9223,0.0043,41.59,-0.0001,0.0074,0.0074,0.899,1.0,1.0,0.025,0.026
0.9,0.1,0.8,0.0,0.0,8,5,5,1.9223,0.0043,37.125,-0.0001,0.0079,0.0079,0.895,1.0,1.0,0.024,0.026
0.9,0.1,0.8,0.0,0.0,8,5,10,1.9223,0.0043,32.753,-0.0001,0.0083,0.0084,0.906,1.0,1.0,0.025,0.03
0.9,0.1,0.8,0.0,0.0,10,6,0,1.9223,0.0043,40.737,-0.0001,0.0075,0.0073,0.91,1.0,1.0,0.024,0.025
0.9,0.1,0.8,0.0,0.0,10,6,5,1.9223,0.0043,36.276,-0.0001,0.0079,0.0078,0.897,1.0,1.0,0.026,0.028
0.9,0.1,0.8,0.0,0.0,10,6,10,1.9223,0.0043,31.867,0.0002,0.0085,0.0085,0.918,1.0,1.0,0.028,0.026
0.9,0.1,0.8,0.0,0.01,0,0,0,1.9223,0.0043,46.0,-0.0001,0.0071,0.0075,0.871,1.0,1.0,0.026,0.032
0.9,0.1,0.8,0.0,0.01,0,0,5,1.9223,0.0043,41.54,-0.0001,0.0075,0.0077,0.888,1.0,1.0,0.02,0.028
0.9,0.1,0.8,0.0,0.01,0,0,10,1.9223,0.0043,37.208,0.0,0.0079,0.0082,0.886,1.0,1.0,0.023,0.033
0.9,0.1,0.8,0.0,0.01,6,4,0,1.9223,0.0043,42.481,0.0,0.0074,0.0078,0.88,1.0,1.0,0.027,0.036
0.9,0.1,0.8,0.0,0.01,6,4,5,1.9223,0.0043,38.021,-0.0,0.0078,0.0081,0.886,1.0,1.0,0.027,0.029
0.9,0.1,0.8,0.0,0.01,6,4,10,1.9223,0.0043,33.654,-0.0001,0.0083,0.0086,0.891,0.999,0.999,0.022,0.025
0.9,0.1,0.8,0.0,0.01,8,5,0,1.9223,0.0043,41.558,-0.0001,0.0074,0.0077,0.884,1.0,1.0,0.023,0.028
0.9,0.1,0.8,0.0,0.01,8,5,5,1.9223,0.0043,37.142,-0.0002,0.0079,0.0083,0.869,1.0,1.0,0.027,0.034
0.9,0.1,0.8,0.0,0.01,8,5,10,1.9223,0.0043,32.765,-0.0001,0.0085,0.0088,0.885,1.0,0.999,0.027,0.034
0.9,0.1,0.8,0.0,0.01,10,6,0,1.9223,0.0043,40.732,0.0,0.0075,0.0079,0.882,1.0,1.0,0.026,0.036
0.9,0.1,0.8,0.0,0.01,10,6,5,1.9223,0.0043,36.269,-0.0001,0.008,0.0081,0.895,1.0,1.0,0.024,0.035
0.9,0.1,0.8,0.0,0.01,10,6,10,1.9223,0.0043,31.865,0.0001,0.0084,0.0086,0.897,1.0,1.0,0.022,0.024
0.9,0.1,0.8,0.0,0.02,0,0,0,1.9223,0.0043,46.0,-0.0001,0.0072,0.0087,0.825,1.0,1.0,0.023,0.049
0.9,0.1,0.8,0.0,0.02,0,0,5,1.9223,0.0043,41.591,-0.0001,0.0076,0.0091,0.832,1.0,1.0,0.025,0.048
0.9,0.1,0.8,0.0,0.02,0,0,10,1.9223,0.0043,37.159,-0.0001,0.008,0.0093,0.845,1.0,1.0,0.032,0.046
0.9,0.1,0.8,0.0,0.02,6,4,0,1.9223,0.0043,42.492,0.0,0.0075,0.0087,0.847,1.0,1.0,0.032,0.048
0.9,0.1,0.8,0.0,0.02,6,4,5,1.9223,0.0043,38.075,0.0001,0.0079,0.009,0.831,1.0,1.0,0.033,0.056
0.9,0.1,0.8,0.0,0.02,6,4,10,1.9223,0.0043,33.585,-0.0001,0.0084,0.0094,0.858,0.999,0.998,0.025,0.041
0.9,0.1,0.8,0.0,0.02,8,5,0,1.9223,0.0043,41.61,-0.0,0.0076,0.0088,0.855,1.0,1.0,0.031,0.052
0.9,0.1,0.8,0.0,0.02,8,5,5,1.9223,0.0043,37.073,0.0002,0.008,0.0093,0.857,1.0,1.0,0.036,0.052
0.9,0.1,0.8,0.0,0.02,8,5,10,1.9223,0.0043,32.706,-0.0001,0.0086,0.0096,0.857,1.0,1.0,0.027,0.046
0.9,0.1,0.8,0.0,0.02,10,6,0,1.9223,0.0043,40.668,-0.0002,0.0077,0.0087,0.864,0.999,0.999,0.017,0.028
0.9,0.1,0.8,0.0,0.02,10,6,5,1.9223,0.0043,36.262,0.0001,0.008,0.0097,0.821,1.0,1.0,0.032,0.057
0.9,0.1,0.8,0.0,0.02,10,6,10,1.9223,0.0043,31.829,-0.0001,0.0086,0.0095,0.862,1.0,0.999,0.021,0.031
0.9,0.1,0.8,0.03,0.0,0,0,0,1.9223,0.2963,46.0,0.0301,0.0074,0.0075,0.896,0.047,0.071,1.0,1.0
0.9,0.1,0.8,0.03,0.0,0,0,5,1.9223,0.2963,41.572,0.0301,0.0078,0.0078,0.907,0.046,0.061,1.0,1.0
0.9,0.1,0.8,0.03,0.0,0,0,10,1.9223,0.2963,37.147,0.0302,0.0083,0.0084,0.895,0.038,0.064,1.0,1.0
0.9,0.1,0.8,0.03,0.0,6,4,0,1.9223,0.2963,42.454,0.03,0.0077,0.0077,0.909,0.046,0.064,1.0,1.0
0.9,0.1,0.8,0.03,0.0,6,4,5,1.9223,0.2963,38.049,0.03,0.0082,0.0083,0.893,0.049,0.07,1.0,1.0
0.9,0.1,0.8,0.03,0.0,6,4,10,1.9223,0.2963,33.693,0.03,0.0087,0.0085,0.9,0.045,0.073,1.0,0.998
0.9,0.1,0.8,0.03,0.0,8,5,0,1.9223,0.2963,41.582,0.0301,0.0078,0.0079,0.898,0.04,0.071,1.0,1.0
0.9,0.1,0.8,0.03,0.0,8,5,5,1.9223,0.2963,37.133,0.0299,0.0083,0.0083,0.899,0.045,0.073,1.0,1.0
0.9,0.1,0.8,0.03,0.0,8,5,10,1.9223,0.2963,32.727,0.0302,0.0088,0.0089,0.9,0.047,0.065,1.0,0.999
0.9,0.1,0.8,0.03,0.0,10,6,0,1.9223,0.2963,40.686,0.03,0.0079,0.008,0.9,0.048,0.069,1.0,1.0
0.9,0.1,0.8,0.03,0.0,10,6,5,1.9223,0.2963,36.272,0.03,0.0084,0.0082,0.897,0.045,0.068,1.0,0.999
0.9,0.1,0.8,0.03,0.0,10,6,10,1.9223,0.2963,31.825,0.0301,0.0089,0.0091,0.904,0.05,0.071,1.0,1.0
0.9,0.1,0.8,0.03,0.01,0,0,0,1.9223,0.2963,46.0,0.0301,0.0074,0.0078,0.885,0.044,0.073,1.0,1.0
0.9,0.1,0.8,0.03,0.01,0,0,5,1.9223,0.2963,41.607,0.0299,0.0079,0.0083,0.873,0.052,0.089,1.0,1.0
0.9,0.1,0.8,0.03,0.01,0,0,10,1.9223,0.2963,37.141,0.0299,0.0083,0.0086,0.877,0.047,0.088,1.0,1.0
0.9,0.1,0.8,0.03,0.01,6,4,0,1.9223,0.2963,42.493,0.03,0.0078,0.0081,0.885,0.043,0.075,1.0,1.0
0.9,0.1,0.8,0.03,0.01,6,4,5,1.9223,0.2963,37.958,0.0301,0.0083,0.0088,0.867,0.048,0.089,1.0,1.0
0.9,0.1,0.8,0.03,0.01,6,4,10,1.9223,0.2963,33.572,0.03,0.0088,0.0092,0.889,0.042,0.075,1.0,0.999
0.9,0.1,0.8,0.03,0.01,8,5,0,1.9223,0.2963,41.622,0.03,0.0078,0.0081,0.893,0.05,0.068,1.0,1.0
0.9,0.1,0.8,0.03,0.01,8,5,5,1.9223,0.2963,37.149,0.0301,0.0083,0.0088,0.878,0.047,0.077,1.0,1.0
0.9,0.1,0.8,0.03,0.01,8,5,10,1.9223,0.2963,32.751,0.0301,0.0088,0.0091,0.888,0.042,0.076,1.0,1.0
0.9,0.1,0.8,0.03,0.01,10,6,0,1.9223,0.2963,40.7,0.0301,0.0079,0.0082,0.895,0.045,0.068,1.0,1.0
0.9,0.1,0.8,0.03,0.01,10,6,5,1.9223,0.2963,36.262,0.0301,0.0084,0.0088,0.882,0.045,0.077,1.0,1.0
0.9,0.1,0.8,0.03,0.01,10,6,10,1.9223,0.2963,31.889,0.0301,0.009,0.0096,0.879,0.036,0.074,1.0,1.0
0.9,0.1,0.8,0.03,0.02,0,0,0,1.9223,0.2963,46.0,0.0301,0.0076,0.0091,0.813,0.047,0.11,1.0,1.0
0.9,0.1,0.8,0.03,0.02,0,0,5,1.9223,0.2963,41.556,0.0303,0.0079,0.0092,0.846,0.041,0.085,1.0,1.0
0.9,0.1,0.8,0.03,0.02,0,0,10,1.9223,0.2963,37.141,0.03,0.0085,0.0096,0.852,0.05,0.089,0.999,0.999
0.9,0.1,0.8,0.03,0.02,6,4,0,1.9223,0.2963,42.462,0.0301,0.0078,0.0091,0.848,0.054,0.101,1.0,1.0
0.9,0.1,0.8,0.03,0.02,6,4,5,1.9223,0.2963,37.999,0.0301,0.0083,0.0094,0.861,0.047,0.086,1.0,1.0
0.9,0.1,0.8,0.03,0.02,6,4,10,1.9223,0.2963,33.599,0.0301,0.0088,0.0099,0.855,0.045,0.09,0.999,0.999
0.9,0.1,0.8,0.03,0.02,8,5,0,1.9223,0.2963,41.586,0.0299,0.008,0.0092,0.854,0.05,0.088,1.0,1.0
0.9,0.1,0.8,0.03,0.02,8,5,5,1.9223,0.2963,37.164,0.03,0.0084,0.01,0.838,0.053,0.099,1.0,0.999
0.9,0.1,0.8,0.03,0.02,8,5,10,1.9223,0.2963,32.764,0.0299,0.009,0.0101,0.858,0.05,0.09,0.998,1.0
0.9,0.1,0.8,0.03,0.02,10,6,0,1.9223,0.2963,40.644,0.0299,0.008,0.0093,0.85,0.052,0.095,0.999,1.0
0.9,0.1,0.8,0.03,0.02,10,6,5,1.9223,0.2963,36.243,0.0301,0.0085,0.01,0.828,0.051,0.105,1.0,1.0
0.9,0.1,0.8,0.03,0.02,10,6,10,1.9223,0.2963,31.871,0.03,0.0091,0.0107,0.831,0.047,0.105,0.998,0.997
0.9,0.1,0.9,0.0,0.0,0,0,0,1.9223,0.0043,46.0,0.0,0.0056,0.0054,0.908,1.0,1.0,0.022,0.018
0.9,0.1,0.9,0.0,0.0,0,0,5,1.9223,0.0043,41.601,0.0001,0.0059,0.0057,0.919,1.0,1.0,0.026,0.018
0.9,0.1,0.9,0.0,0.0,0,0,10,1.9223,0.0043,37.12,0.0,0.0062,0.006,0.917,1.0,1.0,0.025,0.023
0.9,0.1,0.9,0.0,0.0,6,4,0,1.9223,0.0043,42.441,-0.0,0.0058,0.0056,0.919,1.0,1.0,0.023,0.018
0.9,0.1,0.9,0.0,0.0,6,4,5,1.9223,0.0043,38.024,-0.0,0.0062,0.0058,0.924,1.0,1.0,0.022,0.014
0.9,0.1,0.9,0.0,0.0,6,4,10,1.9223,0.0043,33.639,0.0001,0.0065,0.0064,0.93,1.0,1.0,0.022,0.017
0.9,0.1,0.9,0.0,0.0,8,5,0,1.9223,0.0043,41.587,-0.0,0.0059,0.0056,0.917,1.0,1.0,0.026,0.02
0.9,0.1,0.9,0.0,0.0,8,5,5,1.9223,0.0043,37.114,-0.0,0.0062,0.006,0.923,1.0,1.0,0.02,0.012
0.9,0.1,0.9,0.0,0.0,8,5,10,1.9223,0.0043,32.736,0.0001,0.0066,0.0062,0.914,1.0,1.0,0.022,0.019
0.9,0.1,0.9,0.0,0.0,10,6,0,1.9223,0.0043,40.667,0.0,0.0059,0.0057,0.92,1.0,1.0,0.02,0.012
0.9,0.1,0.9,0.0,0.0,10,6,5,1.9223,0.0043,36.278,0.0001,0.0062,0.0062,0.91,1.0,1.0,0.026,0.026
0.9,0.1,0.9,0.0,0.0,10,6,10,1.9223,0.0043,31.843,-0.0001,0.0068,0.0066,0.907,1.0,1.0,0.018,0.019
0.9,0.1,0.9,0.0,0.01,0,0,0,1.9223,0.0043,46.0,0.0001,0.0056,0.006,0.888,1.0,1.0,0.029,0.029
0.9,0.1,0.9,0.0,0.01,0,0,5,1.9223,0.0043,41.595,-0.0001,0.0059,0.0063,0.889,1.0,1.0,0.016,0.024
0.9,0.1,0.9,0.0,0.01,0,0,10,1.9223,0.0043,37.156,-0.0,0.0063,0.0068,0.864,1.0,1.0,0.027,0.038
0.9,0.1,0.9,0.0,0.01,6,4,0,1.9223,0.0043,42.455,-0.0,0.0059,0.0061,0.893,1.0,1.0,0.02,0.029
0.9,0.1,0.9,0.0,0.01,6,4,5,1.9223,0.0043,38.046,0.0,0.0062,0.0066,0.882,1.0,1.0,0.032,0.034
0.9,0.1,0.9,0.0,0.01,6,4,10,1.9223,0.0043,33.601,-0.0002,0.0066,0.0066,0.911,1.0,1.0,0.017,0.023
0.9,0.1,0.9,0.0,0.01,8,5,0,1.9223,0.0043,41.603,0.0001,0.006,0.0062,0.883,1.0,1.0,0.024,0.027
0.9,0.1,0.9,0.0,0.01,8,5,5,1.9223,0.0043,37.12,-0.0001,0.0062,0.0066,0.893,1.0,1.0,0.018,0.03
0.9,0.1,0.9,0.0,0.01,8,5,10,1.9223,0.0043,32.739,-0.0001,0.0066,0.0069,0.899,1.0,1.0,0.024,0.02
0.9,0.1,0.9,0.0,0.01,10,6,0,1.9223,0.0043,40.711,0.0001,0.006,0.0061,0.886,1.0,1.0,0.02,0.023
0.9,0.1,0.9,0.0,0.01,10,6,5,1.9223,0.0043,36.303,0.0,0.0064,0.0065,0.891,1.0,1.0,0.025,0.021
0.9,0.1,0.9,0.0,0.01,10,6,10,1.9223,0.0043,31.851,-0.0,0.0068,0.0069,0.896,1.0,1.0,0.026,0.023
0.9,0.1,0.9,0.0,0.02,0,0,0,1.9223,0.0043,46.0,0.0001,0.0058,0.0073,0.812,1.0,1.0,0.022,0.057
0.9,0.1,0.9,0.0,0.02,0,0,5,1.9223,0.0043,41.586,-0.0,0.006,0.0075,0.828,1.0,1.0,0.026,0.047
0.9,0.1,0.9,0.0,0.02,0,0,10,1.9223,0.0043,37.182,-0.0001,0.0064,0.0078,0.841,1.0,1.0,0.023,0.051
0.9,0.1,0.9,0.0,0.02,6,4,0,1.9223,0.0043,42.467,0.0001,0.006,0.0074,0.822,1.0,1.0,0.022,0.059
0.9,0.1,0.9,0.0,0.02,6,4,5,1.9223,0.0043,38.097,0.0,0.0063,0.0077,0.824,1.0,1.0,0.02,0.05
0.9,0.1,0.9,0.0,0.02,6,4,10,1.9223,0.0043,33.611,-0.0,0.0067,0.0081,0.82,1.0,1.0,0.024,0.058
0.9,0.1,0.9,0.0,0.02,8,5,0,1.9223,0.0043,41.592,-0.0001,0.0061,0.0074,0.819,1.0,1.0,0.02,0.054
0.9,0.1,0.9,0.0,0.02,8,5,5,1.9223,0.0043,37.132,-0.0002,0.0064,0.0076,0.839,1.0,1.0,0.024,0.043
0.9,0.1,0.9,0.0,0.02,8,5,10,1.9223,0.0043,32.734,0.0,0.0069,0.0084,0.814,1.0,1.0,0.026,0.05
0.9,0.1,0.9,0.0,0.02,10,6,0,1.9223,0.0043,40.66,0.0,0.0061,0.0075,0.819,1.0,1.0,0.02,0.052
0.9,0.1,0.9,0.0,0.02,10,6,5,1.9223,0.0043,36.209,0.0001,0.0065,0.0078,0.834,1.0,1.0,0.02,0.049
0.9,0.1,0.9,0.0,0.02,10,6,10,1.9223,0.0043,31.876,0.0,0.0069,0.008,0.848,1.0,1.0,0.028,0.041
0.9,0.1,0.9,0.03,0.0,0,0,0,1.9223,0.2963,46.0,0.0301,0.0062,0.0064,0.89,0.031,0.072,1.0,1.0
0.9,0.1,0.9,0.03,0.0,0,0,5,1.9223,0.2963,41.597,0.0301,0.0066,0.0068,0.895,0.031,0.067,1.0,1.0
0.9,0.1,0.9,0.03,0.0,0,0,10,1.9223,0.2963,37.133,0.0301,0.0069,0.0069,0.906,0.039,0.058,1.0,1.0
0.9,0.1,0.9,0.03,0.0,6,4,0,1.9223,0.2963,42.47,0.0301,0.0065,0.0067,0.881,0.034,0.071,1.0,1.0
0.9,0.1,0.9,0.03,0.0,6,4,5,1.9223,0.2963,38.066,0.0301,0.0069,0.0071,0.884,0.038,0.072,1.0,1.0
0.9,0.1,0.9,0.03,0.0,6,4,10,1.9223,0.2963,33.612,0.03,0.0073,0.0073,0.896,0.04,0.072,1.0,1.0
0.9,0.1,0.9,0.03,0.0,8,5,0,1.9223,0.2963,41.542,0.0302,0.0066,0.0067,0.898,0.034,0.061,1.0,1.0
0.9,0.1,0.9,0.03,0.0,8,5,5,1.9223,0.2963,37.18,0.0301,0.0069,0.0071,0.89,0.04,0.07,1.0,1.0
0.9,0.1,0.9,0.03,0.0,8,5,10,1.9223,0.2963,32.711,0.0302,0.0074,0.0075,0.897,0.039,0.069,1.0,1.0
0.9,0.1,0.9,0.03,0.0,10,6,0,1.9223,0.2963,40.704,0.03,0.0066,0.0067,0.894,0.038,0.067,1.0,1.0
0.9,0.1,0.9,0.03,0.0,10,6,5,1.9223,0.2963,36.222,0.0301,0.007,0.0073,0.906,0.027,0.053,1.0,1.0
0.9,0.1,0.9,0.03,0.0,10,6,10,1.9223,0.2963,31.824,0.0301,0.0075,0.0076,0.896,0.039,0.066,1.0,1.0
0.9,0.1,0.9,0.03,0.01,0,0,0,1.9223,0.2963,46.0,0.03,0.0063,0.0067,0.871,0.045,0.084,1.0,1.0
0.9,0.1,0.9,0.03,0.01,0,0,5,1.9223,0.2963,41.566,0.03,0.0066,0.0071,0.878,0.044,0.076,1.0,1.0
0.9,0.1,0.9,0.03,0.01,0,0,10,1.9223,0.2963,37.147,0.03,0.007,0.0077,0.864,0.038,0.088,1.0,1.0
0.9,0.1,0.9,0.03,0.01,6,4,0,1.9223,0.2963,42.453,0.03,0.0065,0.0071,0.886,0.038,0.066,1.0,1.0
0.9,0.1,0.9,0.03,0.01,6,4,5,1.9223,0.2963,38.069,0.0301,0.0069,0.0074,0.883,0.039,0.067,1.0,1.0
0.9,0.1,0.9,0.03,0.01,6,4,10,1.9223,0.2963,33.564,0.0302,0.0074,0.0081,0.86,0.029,0.085,1.0,1.0
0.9,0.1,0.9,0.03,0.01,8,5,0,1.9223,0.2963,41.579,0.0301,0.0066,0.0071,0.882,0.039,0.077,1.0,1.0
0.9,0.1,0.9,0.03,0.01,8,5,5,1.9223,0.2963,37.176,0.0302,0.007,0.0075,0.881,0.038,0.081,1.0,1.0
0.9,0.1,0.9,0.03,0.01,8,5,10,1.9223,0.2963,32.691,0.0301,0.0075,0.0081,0.886,0.033,0.073,1.0,1.0
0.9,0.1,0.9,0.03,0.01,10,6,0,1.9223,0.2963,40.724,0.0301,0.0067,0.0071,0.882,0.035,0.072,1.0,1.0
0.9,0.1,0.9,0.03,0.01,10,6,5,1.9223,0.2963,36.27,0.0301,0.0071,0.0078,0.872,0.041,0.081,1.0,1.0
0.9,0.1,0.9,0.03,0.01,10,6,10,1.9223,0.2963,31.824,0.0301,0.0075,0.0077,0.892,0.038,0.071,1.0,1.0
0.9,0.1,0.9,0.03,0.02,0,0,0,1.9223,0.2963,46.0,0.0301,0.0064,0.008,0.813,0.044,0.103,1.0,1.0
0.9,0.1,0.9,0.03,0.02,0,0,5,1.9223,0.2963,41.6,0.0301,0.0068,0.0083,0.824,0.046,0.101,1.0,1.0
0.9,0.1,0.9,0.03,0.02,0,0,10,1.9223,0.2963,37.178,0.03,0.0071,0.0086,0.816,0.042,0.11,1.0,1.0
0.9,0.1,0.9,0.03,0.02,6,4,0,1.9223,0.2963,42.457,0.0301,0.0067,0.0081,0.841,0.039,0.09,1.0,1.0
0.9,0.1,0.9,0.03,0.02,6,4,5,1.9223,0.2963,38.053,0.0302,0.0071,0.0086,0.833,0.043,0.09,1.0,1.0
0.9,0.1,0.9,0.03,0.02,6,4,10,1.9223,0.2963,33.636,0.0302,0.0075,0.009,0.836,0.036,0.089,1.0,1.0
0.9,0.1,0.9,0.03,0.02,8,5,0,1.9223,0.2963,41.635,0.0298,0.0067,0.0084,0.812,0.039,0.109,1.0,1.0
0.9,0.1,0.9,0.03,0.02,8,5,5,1.9223,0.2963,37.155,0.0302,0.0071,0.0087,0.819,0.039,0.096,1.0,1.0
0.9,0.1,0.9,0.03,0.02,8,5,10,1.9223,0.2963,32.719,0.0301,0.0076,0.0089,0.844,0.037,0.089,1.0,1.0
0.9,0.1,0.9,0.03,0.02,10,6,0,1.9223,0.2963,40.716,0.03,0.0069,0.0083,0.822,0.038,0.101,1.0,1.0
0.9,0.1,0.9,0.03,0.02,10,6,5,1.9223,0.2963,36.268,0.03,0.0072,0.0087,0.82,0.043,0.107,1.0,1.0
0.9,0.1,0.9,0.03,0.02,10,6,10,1.9223,0.2963,31.891,0.0301,0.0077,0.0091,0.831,0.04,0.102,1.0,1.0
0.9,0.25,0.8,0.0,0.0,0,0,0,1.9223,0.0265,46.0,0.0003,0.0102,0.0101,0.889,0.999,0.997,0.029,0.035
0.9,0.25,0.8,0.0,0.0,0,0,5,1.9223,0.0265,41.599,0.0004,0.0107,0.0106,0.889,1.0,0.998,0.035,0.038
0.9,0.25,0.8,0.0,0.0,0,0,10,1.9223,0.0265,37.171,0.0004,0.0113,0.0111,0.906,0.995,0.988,0.029,0.039
0.9,0.25,0.8,0.0,0.0,6,4,0,1.9223,0.0265,42.459,0.0004,0.0105,0.0104,0.898,0.999,0.996,0.032,0.039
0.9,0.25,0.8,0.0,0.0,6,4,5,1.9223,0.0265,38.022,0.0005,0.0111,0.0111,0.897,0.995,0.989,0.032,0.031
0.9,0.25,0.8,0.0,0.0,6,4,10,1.9223,0.0265,33.552,0.0004,0.0117,0.0119,0.894,0.989,0.982,0.025,0.03
0.9,0.25,0.8,0.0,0.0,8,5,0,1.9223,0.0265,41.558,0.0004,0.0106,0.0108,0.89,0.997,0.995,0.032,0.037
0.9,0.25,0.8,0.0,0.0,8,5,5,1.9223,0.0265,37.199,0.0004,0.0112,0.0111,0.894,0.994,0.99,0.034,0.031
0.9,0.25,0.8,0.0,0.0,8,5,10,1.9223,0.0265,32.751,0.0004,0.0119,0.0121,0.892,0.982,0.973,0.027,0.041
0.9,0.25,0.8,0.0,0.0,10,6,0,1.9223,0.0265,40.733,0.0004,0.0108,0.0109,0.89,0.999,0.995,0.029,0.038
0.9,0.25,0.8,0.0,0.0,10,6,5,1.9223,0.0265,36.249,0.0005,0.0114,0.0116,0.903,0.989,0.986,0.038,0.042
0.9,0.25,0.8,0.0,0.0,10,6,10,1.9223,0.0265,31.825,0.0003,0.0122,0.0121,0.903,0.992,0.973,0.022,0.029
0.9,0.25,0.8,0.0,0.01,0,0,0,1.9223,0.0265,46.0,0.0003,0.0102,0.0104,0.883,0.999,0.997,0.034,0.041
0.9,0.25,0.8,0.0,0.01,0,0,5,1.9223,0.0265,41.556,0.0004,0.0106,0.0107,0.895,0.996,0.992,0.027,0.037
0.9,0.25,0.8,0.0,0.01,0,0,10,1.9223,0.0265,37.119,0.0003,0.0112,0.0115,0.881,0.991,0.984,0.028,0.043
0.9,0.25,0.8,0.0,0.01,6,4,0,1.9223,0.0265,42.479,0.0003,0.0106,0.011,0.882,0.998,0.995,0.026,0.036
0.9,0.25,0.8,0.0,0.01,6,4,5,1.9223,0.0265,38.053,0.0004,0.0112,0.0112,0.887,0.995,0.991,0.033,0.038
0.9,0.25,0.8,0.0,0.01,6,4,10,1.9223,0.0265,33.627,0.0003,0.0119,0.0118,0.896,0.988,0.974,0.03,0.036
0.9,0.25,0.8,0.0,0.01,8,5,0,1.9223,0.0265,41.572,0.0005,0.0107,0.0106,0.899,0.997,0.997,0.037,0.041
0.9,0.25,0.8,0.0,0.01,8,5,5,1.9223,0.0265,37.169,0.0004,0.0112,0.0111,0.911,0.997,0.993,0.026,0.031
0.9,0.25,0.8,0.0,0.01,8,5,10,1.9223,0.0265,32.795,0.0003,0.0119,0.0119,0.892,0.986,0.98,0.032,0.036
0.9,0.25,0.8,0.0,0.01,10,6,0,1.9223,0.0265,40.68,0.0003,0.0108,0.011,0.891,0.995,0.993,0.031,0.041
0.9,0.25,0.8,0.0,0.01,10,6,5,1.9223,0.0265,36.286,0.0003,0.0114,0.0116,0.883,0.992,0.985,0.022,0.034
0.9,0.25,0.8,0.0,0.01,10,6,10,1.9223,0.0265,31.846,0.0004,0.0122,0.0122,0.901,0.983,0.967,0.022,0.032
0.9,0.25,0.8,0.0,0.02,0,0,0,1.9223,0.0265,46.0,0.0003,0.0102,0.0113,0.866,0.993,0.995,0.032,0.057
0.9,0.25,0.8,0.0,0.02,0,0,5,1.9223,0.0265,41.55,0.0004,0.0108,0.0116,0.868,0.989,0.993,0.032,0.048
0.9,0.25,0.8,0.0,0.02,0,0,10,1.9223,0.0265,37.194,0.0005,0.0113,0.0123,0.874,0.982,0.982,0.035,0.042
0.9,0.25,0.8,0.0,0.02,6,4,0,1.9223,0.0265,42.448,0.0004,0.0106,0.0114,0.874,0.994,0.993,0.028,0.047
0.9,0.25,0.8,0.0,0.02,6,4,5,1.9223,0.0265,38.083,0.0001,0.0112,0.0119,0.882,0.989,0.982,0.027,0.034
0.9,0.25,0.8,0.0,0.02,6,4,10,1.9223,0.0265,33.573,0.0002,0.0118,0.0125,0.882,0.972,0.967,0.028,0.038
0.9,0.25,0.8,0.0,0.02,8,5,0,1.9223,0.0265,41.576,0.0004,0.0108,0.0118,0.865,0.988,0.991,0.029,0.05
0.9,0.25,0.8,0.0,0.02,8,5,5,1.9223,0.0265,37.135,0.0005,0.0113,0.0121,0.872,0.981,0.98,0.03,0.052
0.9,0.25,0.8,0.0,0.02,8,5,10,1.9223,0.0265,32.779,0.0004,0.0121,0.0131,0.872,0.968,0.964,0.033,0.052
0.9,0.25,0.8,0.0,0.02,10,6,0,1.9223,0.0265,40.664,0.0004,0.0108,0.0116,0.862,0.992,0.987,0.029,0.046
0.9,0.25,0.8,0.0,0.02,10,6,5,1.9223,0.0265,36.251,0.0004,0.0115,0.0123,0.859,0.984,0.978,0.035,0.054
0.9,0.25,0.8,0.0,0.02,10,6,10,1.9223,0.0265,31.815,0.0002,0.0122,0.013,0.868,0.971,0.965,0.033,0.048
0.9,0.25,0.8,0.03,0.0,0,0,0,1.9223,0.3219,46.0,0.0302,0.0094,0.0093,0.903,0.041,0.054,0.999,0.998
0.9,0.25,0.8,0.03,0.0,0,0,5,1.9223,0.3219,41.602,0.0301,0.0099,0.0099,0.908,0.042,0.053,0.999,0.998
0.9,0.25,0.8,0.03,0.0,0,0,10,1.9223,0.3219,37.139,0.03,0.0104,0.0103,0.903,0.041,0.06,0.998,0.998
0.9,0.25,0.8,0.03,0.0,6,4,0,1.9223,0.3219,42.461,0.0302,0.0098,0.0096,0.899,0.044,0.057,1.0,0.999
0.9,0.25,0.8,0.03,0.0,6,4,5,1.9223,0.3219,38.025,0.0301,0.0103,0.0103,0.897,0.043,0.063,0.998,0.998
0.9,0.25,0.8,0.03,0.0,6,4,10,1.9223,0.3219,33.614,0.03,0.0109,0.0108,0.897,0.05,0.068,0.998,0.995
0.9,0.25,0.8,0.03,0.0,8,5,0,1.9223,0.3219,41.564,0.0301,0.0099,0.0098,0.904,0.051,0.058,0.998,0.998
0.9,0.25,0.8,0.03,0.0,8,5,5,1.9223,0.3219,37.124,0.0301,0.0104,0.0103,0.909,0.037,0.05,0.998,0.996
0.9,0.25,0.8,0.03,0.0,8,5,10,1.9223,0.3219,32.732,0.0302,0.0112,0.0112,0.9,0.034,0.059,0.995,0.994
0.9,0.25,0.8,0.03,0.0,10,6,0,1.9223,0.3219,40.686,0.03,0.0099,0.01,0.9,0.042,0.058,0.999,0.999
0.9,0.25,0.8,0.03,0.0,10,6,5,1.9223,0.3219,36.324,0.0302,0.0106,0.0106,0.899,0.042,0.062,0.996,0.997
0.9,0.25,0.8,0.03,0.0,10,6,10,1.9223,0.3219,31.824,0.0303,0.0113,0.0113,0.9,0.042,0.06,0.996,0.992
0.9,0.25,0.8,0.03,0.01,0,0,0,1.9223,0.3219,46.0,0.0302,0.0094,0.0097,0.894,0.04,0.057,1.0,0.999
0.9,0.25,0.8,0.03,0.01,0,0,5,1.9223,0.3219,41.61,0.03,0.0099,0.0099,0.903,0.044,0.062,0.999,0.998
0.9,0.25,0.8,0.03,0.01,0,0,10,1.9223,0.3219,37.159,0.0301,0.0105,0.0103,0.906,0.046,0.056,0.998,0.997
0.9,0.25,0.8,0.03,0.01,6,4,0,1.9223,0.3219,42.437,0.0302,0.0098,0.01,0.89,0.041,0.058,0.998,0.999
0.9,0.25,0.8,0.03,0.01,6,4,5,1.9223,0.3219,37.98,0.03,0.0104,0.0107,0.895,0.041,0.059,0.998,0.998
0.9,0.25,0.8,0.03,0.01,6,4,10,1.9223,0.3219,33.607,0.0302,0.011,0.0113,0.885,0.046,0.07,0.993,0.994
0.9,0.25,0.8,0.03,0.01,8,5,0,1.9223,0.3219,41.577,0.03,0.0099,0.0103,0.878,0.043,0.071,0.998,0.998
0.9,0.25,0.8,0.03,0.01,8,5,5,1.9223,0.3219,37.173,0.0301,0.0104,0.0105,0.899,0.044,0.06,0.997,0.996
0.9,0.25,0.8,0.03,0.01,8,5,10,1.9223,0.3219,32.67,0.03,0.0111,0.0112,0.895,0.05,0.074,0.992,0.993
0.9,0.25,0.8,0.03,0.01,10,6,0,1.9223,0.3219,40.67,0.0301,0.01,0.0103,0.898,0.048,0.059,0.999,0.998
0.9,0.25,0.8,0.03,0.01,10,6,5,1.9223,0.3219,36.261,0.0302,0.0106,0.0107,0.894,0.037,0.054,0.997,0.997
0.9,0.25,0.8,0.03,0.01,10,6,10,1.9223,0.3219,31.843,0.0303,0.0114,0.0117,0.898,0.038,0.059,0.988,0.989
0.9,0.25,0.8,0.03,0.02,0,0,0,1.9223,0.3219,46.0,0.0302,0.0095,0.0105,0.867,0.041,0.069,0.995,0.998
0.9,0.25,0.8,0.03,0.02,0,0,5,1.9223,0.3219,41.583,0.03,0.01,0.0109,0.876,0.044,0.072,0.997,0.996
0.9,0.25,0.8,0.03,0.02,0,0,10,1.9223,0.3219,37.178,0.0303,0.0106,0.0115,0.858,0.046,0.08,0.994,0.996
0.9,0.25,0.8,0.03,0.02,6,4,0,1.9223,0.3219,42.453,0.0302,0.0098,0.0109,0.864,0.048,0.08,0.997,0.998
0.9,0.25,0.8,0.03,0.02,6,4,5,1.9223,0.3219,38.05,0.0302,0.0104,0.0114,0.865,0.05,0.081,0.992,0.996
0.9,0.25,0.8,0.03,0.02,6,4,10,1.9223,0.3219,33.588,0.0303,0.0112,0.0122,0.869,0.043,0.073,0.981,0.986
0.9,0.25,0.8,0.03,0.02,8,5,0,1.9223,0.3219,41.602,0.0302,0.01,0.0111,0.852,0.046,0.087,0.996,0.998
0.9,0.25,0.8,0.03,0.02,8,5,5,1.9223,0.3219,37.172,0.0301,0.0107,0.0114,0.875,0.049,0.071,0.993,0.995
0.9,0.25,0.8,0.03,0.02,8,5,10,1.9223,0.3219,32.771,0.03,0.0112,0.0124,0.861,0.05,0.087,0.975,0.984
0.9,0.25,0.8,0.03,0.02,10,6,0,1.9223,0.3219,40.71,0.0301,0.0101,0.0111,0.859,0.048,0.079,0.996,0.995
0.9,0.25,0.8,0.03,0.02,10,6,5,1.9223,0.3219,36.276,0.0302,0.0107,0.0114,0.877,0.044,0.059,0.991,0.993
0.9,0.25,0.8,0.03,0.02,10,6,10,1.9223,0.3219,31.856,0.0302,0.0113,0.0126,0.865,0.05,0.078,0.979,0.988
0.9,0.25,0.9,0.0,0.0,0,0,0,1.9223,0.0265,46.0,0.0001,0.0091,0.0092,0.906,1.0,1.0,0.029,0.034
0.9,0.25,0.9,0.0,0.0,0,0,5,1.9223,0.0265,41.582,0.0002,0.0096,0.0098,0.907,0.999,0.996,0.029,0.042
0.9,0.25,0.9,0.0,0.0,0,0,10,1.9223,0.0265,37.164,0.0001,0.0101,0.0103,0.888,0.997,0.995,0.028,0.037
0.9,0.25,0.9,0.0,0.0,6,4,0,1.9223,0.0265,42.471,0.0002,0.0094,0.0096,0.904,0.999,0.999,0.028,0.034
0.9,0.25,0.9,0.0,0.0,6,4,5,1.9223,0.0265,38.065,0.0002,0.01,0.0101,0.905,0.999,0.995,0.032,0.034
0.9,0.25,0.9,0.0,0.0,6,4,10,1.9223,0.0265,33.647,0.0002,0.0107,0.0109,0.899,0.996,0.994,0.035,0.036
0.9,0.25,0.9,0.0,0.0,8,5,0,1.9223,0.0265,41.524,0.0001,0.0096,0.0095,0.908,0.999,0.998,0.026,0.031
0.9,0.25,0.9,0.0,0.0,8,5,5,1.9223,0.0265,37.142,0.0001,0.0101,0.0103,0.908,0.997,0.993,0.029,0.034
0.9,0.25,0.9,0.0,0.0,8,5,10,1.9223,0.0265,32.78,0.0001,0.0108,0.011,0.899,0.996,0.988,0.025,0.035
0.9,0.25,0.9,0.0,0.0,10,6,0,1.9223,0.0265,40.676,0.0001,0.0097,0.01,0.892,0.999,0.997,0.031,0.031
0.9,0.25,0.9,0.0,0.0,10,6,5,1.9223,0.0265,36.2,0.0002,0.0103,0.0104,0.892,0.999,0.994,0.025,0.036
0.9,0.25,0.9,0.0,0.0,10,6,10,1.9223,0.0265,31.848,0.0001,0.011,0.0111,0.903,0.991,0.981,0.024,0.036
0.9,0.25,0.9,0.0,0.01,0,0,0,1.9223,0.0265,46.0,0.0001,0.0091,0.0096,0.89,0.999,0.998,0.023,0.034
0.9,0.25,0.9,0.0,0.01,0,0,5,1.9223,0.0265,41.555,-0.0,0.0096,0.0099,0.894,0.998,0.998,0.025,0.031
0.9,0.25,0.9,0.0,0.01,0,0,10,1.9223,0.0265,37.148,0.0004,0.0101,0.0105,0.877,0.998,0.993,0.028,0.04
0.9,0.25,0.9,0.0,0.01,6,4,0,1.9223,0.0265,42.484,0.0001,0.0095,0.0101,0.877,1.0,0.997,0.025,0.044
0.9,0.25,0.9,0.0,0.01,6,4,5,1.9223,0.0265,38.003,0.0002,0.0101,0.0106,0.874,0.997,0.995,0.026,0.04
0.9,0.25,0.9,0.0,0.01,6,4,10,1.9223,0.0265,33.684,0.0003,0.0106,0.011,0.879,0.998,0.99,0.031,0.037
0.9,0.25,0.9,0.0,0.01,8,5,0,1.9223,0.0265,41.587,0.0001,0.0096,0.0098,0.901,0.999,0.998,0.026,0.032
0.9,0.25,0.9,0.0,0.01,8,5,5,1.9223,0.0265,37.162,0.0002,0.0101,0.0105,0.896,0.998,0.994,0.025,0.036
0.9,0.25,0.9,0.0,0.01,8,5,10,1.9223,0.0265,32.712,0.0002,0.0109,0.011,0.899,0.991,0.983,0.03,0.037
0.9,0.25,0.9,0.0,0.01,10,6,0,1.9223,0.0265,40.71,0.0001,0.0097,0.0102,0.887,0.999,0.995,0.032,0.043
0.9,0.25,0.9,0.0,0.01,10,6,5,1.9223,0.0265,36.297,0.0001,0.0102,0.0104,0.904,0.996,0.993,0.03,0.04
0.9,0.25,0.9,0.0,0.01,10,6,10,1.9223,0.0265,31.875,-0.0002,0.011,0.0113,0.894,0.993,0.985,0.018,0.03
0.9,0.25,0.9,0.0,0.02,0,0,0,1.9223,0.0265,46.0,0.0003,0.0092,0.0103,0.863,0.998,0.997,0.025,0.051
0.9,0.25,0.9,0.0,0.02,0,0,5,1.9223,0.0265,41.59,0.0003,0.0096,0.0108,0.861,0.996,0.996,0.029,0.051
0.9,0.25,0.9,0.0,0.02,0,0,10,1.9223,0.0265,37.148,0.0001,0.0103,0.0112,0.864,0.998,0.995,0.023,0.042
0.9,0.25,0.9,0.0,0.02,6,4,0,1.9223,0.0265,42.459,0.0001,0.0096,0.0108,0.856,0.997,0.997,0.027,0.055
0.9,0.25,0.9,0.0,0.02,6,4,5,1.9223,0.0265,38.083,0.0002,0.0102,0.0111,0.87,0.997,0.992,0.031,0.05
0.9,0.25,0.9,0.0,0.02,6,4,10,1.9223,0.0265,33.615,-0.0,0.0108,0.0121,0.858,0.983,0.983,0.023,0.037
0.9,0.25,0.9,0.0,0.02,8,5,0,1.9223,0.0265,41.574,0.0002,0.0096,0.0111,0.856,0.997,0.996,0.031,0.056
0.9,0.25,0.9,0.0,0.02,8,5,5,1.9223,0.0265,37.165,0.0001,0.0102,0.0112,0.863,0.993,0.991,0.029,0.046
0.9,0.25,0.9,0.0,0.02,8,5,10,1.9223,0.0265,32.693,0.0003,0.0109,0.0122,0.861,0.986,0.982,0.02,0.047
0.9,0.25,0.9,0.0,0.02,10,6,0,1.9223,0.0265,40.689,0.0002,0.0098,0.0106,0.876,0.997,0.996,0.021,0.043
0.9,0.25,0.9,0.0,0.02,10,6,5,1.9223,0.0265,36.237,0.0001,0.0104,0.012,0.848,0.989,0.989,0.028,0.055
0.9,0.25,0.9,0.0,0.02,10,6,10,1.9223,0.0265,31.807,0.0003,0.011,0.0123,0.862,0.978,0.98,0.03,0.053
0.9,0.25,0.9,0.03,0.0,0,0,0,1.9223,0.3219,46.0,0.0301,0.0085,0.0086,0.897,0.047,0.06,1.0,1.0
0.9,0.25,0.9,0.03,0.0,0,0,5,1.9223,0.3219,41.583,0.0301,0.0089,0.0091,0.892,0.042,0.065,1.0,1.0
0.9,0.25,0.9,0.03,0.0,0,0,10,1.9223,0.3219,37.155,0.0301,0.0095,0.0094,0.906,0.045,0.059,1.0,1.0
0.9,0.25,0.9,0.03,0.0,6,4,0,1.9223,0.3219,42.486,0.0302,0.0088,0.0089,0.898,0.042,0.065,1.0,1.0
0.9,0.25,0.9,0.03,0.0,6,4,5,1.9223,0.3219,38.071,0.0301,0.0093,0.0096,0.891,0.05,0.067,0.999,1.0
0.9,0.25,0.9,0.03,0.0,6,4,10,1.9223,0.3219,33.581,0.0302,0.01,0.0098,0.897,0.046,0.06,0.999,0.999
0.9,0.25,0.9,0.03,0.0,8,5,0,1.9223,0.3219,41.579,0.0302,0.0089,0.0091,0.901,0.046,0.059,1.0,1.0
0.9,0.25,0.9,0.03,0.0,8,5,5,1.9223,0.3219,37.137,0.0302,0.0094,0.0097,0.888,0.041,0.067,1.0,1.0
0.9,0.25,0.9,0.03,0.0,8,5,10,1.9223,0.3219,32.695,0.03,0.0101,0.0104,0.906,0.044,0.061,0.998,0.996
0.9,0.25,0.9,0.03,0.0,10,6,0,1.9223,0.3219,40.717,0.0302,0.009,0.009,0.904,0.045,0.061,1.0,1.0
0.9,0.25,0.9,0.03,0.0,10,6,5,1.9223,0.3219,36.285,0.0301,0.0095,0.0099,0.886,0.046,0.069,1.0,1.0
0.9,0.25,0.9,0.03,0.0,10,6,10,1.9223,0.3219,31.825,0.0303,0.0102,0.0101,0.914,0.039,0.054,1.0,0.999
0.9,0.25,0.9,0.03,0.01,0,0,0,1.9223,0.3219,46.0,0.0301,0.0085,0.0089,0.881,0.046,0.066,1.0,1.0
0.9,0.25,0.9,0.03,0.01,0,0,5,1.9223,0.3219,41.59,0.0302,0.0089,0.0092,0.887,0.047,0.058,1.0,1.0
0.9,0.25,0.9,0.03,0.01,0,0,10,1.9223,0.3219,37.153,0.0302,0.0095,0.0101,0.877,0.042,0.066,0.998,1.0
0.9,0.25,0.9,0.03,0.01,6,4,0,1.9223,0.3219,42.453,0.0301,0.0089,0.0093,0.885,0.039,0.069,1.0,0.999
0.9,0.25,0.9,0.03,0.01,6,4,5,1.9223,0.3219,38.049,0.0303,0.0093,0.0101,0.881,0.039,0.063,1.0,1.0
0.9,0.25,0.9,0.03,0.01,6,4,10,1.9223,0.3219,33.654,0.0303,0.01,0.0107,0.872,0.039,0.07,0.995,0.998
0.9,0.25,0.9,0.03,0.01,8,5,0,1.9223,0.3219,41.535,0.0301,0.0089,0.0095,0.894,0.05,0.064,0.999,1.0
0.9,0.25,0.9,0.03,0.01,8,5,5,1.9223,0.3219,37.142,0.0302,0.0094,0.01,0.885,0.041,0.068,0.998,0.999
0.9,0.25,0.9,0.03,0.01,8,5,10,1.9223,0.3219,32.74,0.0303,0.0101,0.0106,0.881,0.037,0.069,0.998,0.999
0.9,0.25,0.9,0.03,0.01,10,6,0,1.9223,0.3219,40.708,0.0303,0.0091,0.0095,0.892,0.04,0.061,1.0,1.0
0.9,0.25,0.9,0.03,0.01,10,6,5,1.9223,0.3219,36.297,0.0301,0.0096,0.0102,0.868,0.037,0.076,0.999,0.998
0.9,0.25,0.9,0.03,0.01,10,6,10,1.9223,0.3219,31.859,0.0304,0.0103,0.0105,0.889,0.048,0.067,0.998,0.997
0.9,0.25,0.9,0.03,0.02,0,0,0,1.9223,0.3219,46.0,0.0301,0.0086,0.0101,0.849,0.045,0.09,0.999,1.0
0.9,0.25,0.9,0.03,0.02,0,0,5,1.9223,0.3219,41.553,0.0302,0.009,0.0104,0.849,0.042,0.086,0.997,0.999
0.9,0.25,0.9,0.03,0.02,0,0,10,1.9223,0.3219,37.107,0.0302,0.0096,0.011,0.854,0.038,0.082,0.999,0.999
0.9,0.25,0.9,0.03,0.02,6,4,0,1.9223,0.3219,42.459,0.0301,0.0089,0.01,0.866,0.045,0.076,0.998,0.999
0.9,0.25,0.9,0.03,0.02,6,4,5,1.9223,0.3219,38.009,0.0302,0.0094,0.0107,0.859,0.049,0.081,0.997,0.999
0.9,0.25,0.9,0.03,0.02,6,4,10,1.9223,0.3219,33.596,0.0302,0.0101,0.0113,0.881,0.043,0.066,0.993,0.995
0.9,0.25,0.9,0.03,0.02,8,5,0,1.9223,0.3219,41.562,0.0299,0.0091,0.0103,0.844,0.052,0.097,0.999,1.0
0.9,0.25,0.9,0.03,0.02,8,5,5,1.9223,0.3219,37.161,0.0303,0.0096,0.011,0.847,0.036,0.091,0.992,0.997
0.9,0.25,0.9,0.03,0.02,8,5,10,1.9223,0.3219,32.765,0.0303,0.0102,0.0111,0.87,0.043,0.074,0.998,0.999
0.9,0.25,0.9,0.03,0.02,10,6,0,1.9223,0.3219,40.717,0.0303,0.0092,0.0106,0.838,0.043,0.091,0.999,1.0
0.9,0.25,0.9,0.03,0.02,10,6,5,1.9223,0.3219,36.271,0.0302,0.0097,0.0108,0.866,0.043,0.073,0.997,0.998
0.9,0.25,0.9,0.03,0.02,10,6,10,1.9223,0.3219,31.871,0.0304,0.0103,0.0116,0.86,0.04,0.072,0.993,0.995
0.9,0.5,0.8,0.0,0.0,0,0,0,1.9223,0.104,46.0,-0.0005,0.0164,0.0163,0.908,0.848,0.825,0.02,0.031
0.9,0.5,0.8,0.0,0.0,0,0,5,1.9223,0.104,41.602,-0.0003,0.0173,0.0169,0.912,0.819,0.787,0.022,0.027
0.9,0.5,0.8,0.0,0.0,0,0,10,1.9223,0.104,37.134,-0.0005,0.0181,0.0178,0.915,0.753,0.723,0.018,0.031
0.9,0.5,0.8,0.0,0.0,6,4,0,1.9223,0.104,42.46,-0.0004,0.0171,0.0168,0.902,0.803,0.786,0.02,0.031
0.9,0.5,0.8,0.0,0.0,6,4,5,1.9223,0.104,38.039,-0.0004,0.0181,0.0187,0.897,0.704,0.706,0.022,0.035
0.9,0.5,0.8,0.0,0.0,6,4,10,1.9223,0.104,33.631,-0.0003,0.0192,0.0185,0.913,0.702,0.647,0.018,0.029
0.9,0.5,0.8,0.0,0.0,8,5,0,1.9223,0.104,41.602,-0.0005,0.0173,0.0175,0.906,0.78,0.764,0.015,0.029
0.9,0.5,0.8,0.0,0.0,8,5,5,1.9223,0.104,37.126,-0.0005,0.0182,0.0183,0.903,0.721,0.713,0.014,0.029
0.9,0.5,0.8,0.0,0.0,8,5,10,1.9223,0.104,32.769,-0.0008,0.0194,0.0194,0.902,0.659,0.629,0.017,0.032
0.9,0.5,0.8,0.0,0.0,10,6,0,1.9223,0.104,40.726,-0.0006,0.0175,0.0173,0.906,0.802,0.757,0.018,0.03
0.9,0.5,0.8,0.0,0.0,10,6,5,1.9223,0.104,36.259,-0.0003,0.0185,0.0182,0.901,0.734,0.692,0.023,0.039
0.9,0.5,0.8,0.0,0.0,10,6,10,1.9223,0.104,31.835,-0.0003,0.0197,0.02,0.899,0.595,0.583,0.014,0.035
0.9,0.5,0.8,0.0,0.01,0,0,0,1.9223,0.104,46.0,-0.0005,0.0164,0.0165,0.904,0.831,0.813,0.017,0.033
0.9,0.5,0.8,0.0,0.01,0,0,5,1.9223,0.104,41.601,-0.0005,0.0173,0.0175,0.899,0.777,0.761,0.017,0.035
0.9,0.5,0.8,0.0,0.01,0,0,10,1.9223,0.104,37.159,-0.0004,0.0183,0.0184,0.902,0.705,0.679,0.018,0.028
0.9,0.5,0.8,0.0,0.01,6,4,0,1.9223,0.104,42.478,-0.0006,0.017,0.0172,0.907,0.806,0.778,0.021,0.033
0.9,0.5,0.8,0.0,0.01,6,4,5,1.9223,0.104,37.992,-0.0004,0.0182,0.0185,0.904,0.709,0.706,0.017,0.032
0.9,0.5,0.8,0.0,0.01,6,4,10,1.9223,0.104,33.668,-0.0009,0.0193,0.0189,0.902,0.691,0.651,0.016,0.023
0.9,0.5,0.8,0.0,0.01,8,5,0,1.9223,0.104,41.583,-0.0003,0.0173,0.0173,0.904,0.804,0.774,0.015,0.036
0.9,0.5,0.8,0.0,0.01,8,5,5,1.9223,0.104,37.176,-0.0004,0.0185,0.0185,0.902,0.709,0.684,0.021,0.036
0.9,0.5,0.8,0.0,0.01,8,5,10,1.9223,0.104,32.684,-0.001,0.0194,0.0201,0.891,0.601,0.594,0.021,0.041
0.9,0.5,0.8,0.0,0.01,10,6,0,1.9223,0.104,40.706,-0.0005,0.0176,0.0174,0.91,0.796,0.765,0.019,0.032
0.9,0.5,0.8,0.0,0.01,10,6,5,1.9223,0.104,36.297,-0.0006,0.0186,0.0183,0.901,0.722,0.69,0.017,0.033
0.9,0.5,0.8,0.0,0.01,10,6,10,1.9223,0.104,31.861,-0.0004,0.0198,0.0192,0.902,0.656,0.603,0.018,0.038
0.9,0.5,0.8,0.0,0.02,0,0,0,1.9223,0.104,46.0,-0.0007,0.0165,0.0171,0.893,0.813,0.807,0.018,0.037
0.9,0.5,0.8,0.0,0.02,0,0,5,1.9223,0.104,41.562,-0.0003,0.0174,0.0176,0.903,0.769,0.761,0.017,0.031
0.9,0.5,0.8,0.0,0.02,0,0,10,1.9223,0.104,37.161,-0.0007,0.0184,0.0193,0.882,0.657,0.679,0.022,0.04
0.9,0.5,0.8,0.0,0.02,6,4,0,1.9223,0.104,42.451,-0.0005,0.0173,0.0176,0.892,0.763,0.775,0.024,0.04
0.9,0.5,0.8,0.0,0.02,6,4,5,1.9223,0.104,38.058,-0.0006,0.0182,0.0183,0.901,0.738,0.719,0.02,0.039
0.9,0.5,0.8,0.0,0.02,6,4,10,1.9223,0.104,33.656,-0.0005,0.0193,0.0199,0.895,0.607,0.62,0.02,0.043
0.9,0.5,0.8,0.0,0.02,8,5,0,1.9223,0.104,41.586,-0.0002,0.0175,0.0179,0.889,0.754,0.748,0.02,0.037
0.9,0.5,0.8,0.0,0.02,8,5,5,1.9223,0.104,37.124,-0.0005,0.0184,0.019,0.89,0.665,0.685,0.015,0.045
0.9,0.5,0.8,0.0,0.02,8,5,10,1.9223,0.104,32.755,-0.0007,0.0196,0.0204,0.895,0.569,0.581,0.019,0.034
0.9,0.5,0.8,0.0,0.02,10,6,0,1.9223,0.104,40.65,-0.0007,0.0176,0.0181,0.896,0.721,0.717,0.016,0.035
0.9,0.5,0.8,0.0,0.02,10,6,5,1.9223,0.104,36.28,-0.0008,0.0186,0.0194,0.892,0.663,0.668,0.02,0.042
0.9,0.5,0.8,0.0,0.02,10,6,10,1.9223,0.104,31.855,-0.0007,0.02,0.021,0.885,0.53,0.567,0.02,0.042
0.9,0.5,0.8,0.03,0.0,0,0,0,1.9223,0.4111,46.0,0.03,0.0142,0.0142,0.906,0.05,0.045,0.941,0.916
0.9,0.5,0.8,0.03,0.0,0,0,5,1.9223,0.4111,41.569,0.0299,0.015,0.0147,0.904,0.049,0.042,0.92,0.883
0.9,0.5,0.8,0.03,0.0,0,0,10,1.9223,0.4111,37.181,0.0301,0.0159,0.016,0.892,0.051,0.05,0.875,0.855
0.9,0.5,0.8,0.03,0.0,6,4,0,1.9223,0.4111,42.469,0.0301,0.0146,0.0148,0.902,0.047,0.043,0.926,0.893
0.9,0.5,0.8,0.03,0.0,6,4,5,1.9223,0.4111,38.01,0.03,0.0157,0.0157,0.899,0.053,0.049,0.882,0.85
0.9,0.5,0.8,0.03,0.0,6,4,10,1.9223,0.4111,33.585,0.0301,0.0167,0.0166,0.902,0.048,0.044,0.844,0.807
0.9,0.5,0.8,0.03,0.0,8,5,0,1.9223,0.4111,41.568,0.03,0.0149,0.0149,0.905,0.05,0.045,0.91,0.886
0.9,0.5,0.8,0.03,0.0,8,5,5,1.9223,0.4111,37.165,0.03,0.0158,0.0161,0.891,0.058,0.053,0.872,0.854
0.9,0.5,0.8,0.03,0.0,8,5,10,1.9223,0.4111,32.784,0.03,0.0167,0.0169,0.895,0.049,0.053,0.838,0.798
0.9,0.5,0.8,0.03,0.0,10,6,0,1.9223,0.4111,40.683,0.03,0.0151,0.0152,0.894,0.05,0.051,0.909,0.88
0.9,0.5,0.8,0.03,0.0,10,6,5,1.9223,0.4111,36.284,0.03,0.016,0.016,0.9,0.047,0.045,0.877,0.853
0.9,0.5,0.8,0.03,0.0,10,6,10,1.9223,0.4111,31.827,0.0302,0.0169,0.0175,0.893,0.051,0.053,0.819,0.802
0.9,0.5,0.8,0.03,0.01,0,0,0,1.9223,0.4111,46.0,0.0301,0.0142,0.0143,0.902,0.05,0.047,0.937,0.911
0.9,0.5,0.8,0.03,0.01,0,0,5,1.9223,0.4111,41.573,0.03,0.0149,0.0148,0.9,0.043,0.043,0.911,0.892
0.9,0.5,0.8,0.03,0.01,0,0,10,1.9223,0.4111,37.2,0.0299,0.0158,0.0161,0.904,0.051,0.05,0.863,0.836
0.9,0.5,0.8,0.03,0.01,6,4,0,1.9223,0.4111,42.458,0.0301,0.0147,0.0148,0.893,0.055,0.045,0.913,0.889
0.9,0.5,0.8,0.03,0.01,6,4,5,1.9223,0.4111,38.045,0.0299,0.0155,0.0158,0.899,0.05,0.05,0.882,0.843
0.9,0.5,0.8,0.03,0.01,6,4,10,1.9223,0.4111,33.611,0.03,0.0165,0.0169,0.888,0.054,0.056,0.841,0.819
0.9,0.5,0.8,0.03,0.01,8,5,0,1.9223,0.4111,41.568,0.0301,0.0149,0.0151,0.903,0.049,0.04,0.911,0.875
0.9,0.5,0.8,0.03,0.01,8,5,5,1.9223,0.4111,37.158,0.03,0.0158,0.016,0.897,0.049,0.048,0.873,0.845
0.9,0.5,0.8,0.03,0.01,8,5,10,1.9223,0.4111,32.779,0.0297,0.0167,0.017,0.901,0.059,0.051,0.829,0.802
0.9,0.5,0.8,0.03,0.01,10,6,0,1.9223,0.4111,40.681,0.0301,0.0151,0.0152,0.896,0.045,0.047,0.911,0.881
0.9,0.5,0.8,0.03,0.01,10,6,5,1.9223,0.4111,36.285,0.0302,0.016,0.0163,0.891,0.049,0.05,0.86,0.844
0.9,0.5,0.8,0.03,0.01,10,6,10,1.9223,0.4111,31.882,0.0302,0.017,0.0175,0.896,0.043,0.042,0.808,0.791
0.9,0.5,0.8,0.03,0.02,0,0,0,1.9223,0.4111,46.0,0.0301,0.0143,0.015,0.882,0.051,0.051,0.919,0.899
0.9,0.5,0.8,0.03,0.02,0,0,5,1.9223,0.4111,41.54,0.0301,0.0149,0.0156,0.881,0.056,0.057,0.886,0.873
0.9,0.5,0.8,0.03,0.02,0,0,10,1.9223,0.4111,37.12,0.0301,0.0159,0.0165,0.893,0.051,0.049,0.863,0.845
0.9,0.5,0.8,0.03,0.02,6,4,0,1.9223,0.4111,42.475,0.0301,0.0149,0.0156,0.894,0.045,0.047,0.895,0.886
0.9,0.5,0.8,0.03,0.02,6,4,5,1.9223,0.4111,38.01,0.0301,0.0156,0.0163,0.889,0.05,0.05,0.863,0.855
0.9,0.5,0.8,0.03,0.02,6,4,10,1.9223,0.4111,33.602,0.0304,0.0166,0.0169,0.893,0.05,0.048,0.853,0.826
0.9,0.5,0.8,0.03,0.02,8,5,0,1.9223,0.4111,41.564,0.03,0.015,0.0158,0.903,0.043,0.047,0.879,0.871
0.9,0.5,0.8,0.03,0.02,8,5,5,1.9223,0.4111,37.133,0.0298,0.0158,0.0169,0.867,0.052,0.067,0.834,0.827
0.9,0.5,0.8,0.03,0.02,8,5,10,1.9223,0.4111,32.733,0.03,0.0168,0.0178,0.88,0.048,0.056,0.785,0.799
0.9,0.5,0.8,0.03,0.02,10,6,0,1.9223,0.4111,40.689,0.0298,0.0152,0.016,0.886,0.049,0.049,0.871,0.863
0.9,0.5,0.8,0.03,0.02,10,6,5,1.9223,0.4111,36.284,0.03,0.0161,0.0168,0.885,0.049,0.053,0.834,0.839
0.9,0.5,0.8,0.03,0.02,10,6,10,1.9223,0.4111,31.867,0.0299,0.0172,0.0178,0.891,0.045,0.044,0.785,0.775
0.9,0.5,0.9,0.0,0.0,0,0,0,1.9223,0.104,46.0,-0.0003,0.016,0.0158,0.905,0.863,0.832,0.016,0.029
0.9,0.5,0.9,0.0,0.0,0,0,5,1.9223,0.104,41.576,-0.0003,0.0168,0.017,0.898,0.801,0.776,0.014,0.033
0.9,0.5,0.9,0.0,0.0,0,0,10,1.9223,0.104,37.172,-0.0005,0.0178,0.0177,0.904,0.759,0.726,0.013,0.031
0.9,0.5,0.9,0.0,0.0,6,4,0,1.9223,0.104,42.454,-0.0003,0.0167,0.0166,0.899,0.828,0.8,0.017,0.032
0.9,0.5,0.9,0.0,0.0,6,4,5,1.9223,0.104,38.031,-0.0002,0.0176,0.0176,0.899,0.762,0.735,0.014,0.042
0.9,0.5,0.9,0.0,0.0,6,4,10,1.9223,0.104,33.597,-0.0002,0.0187,0.0191,0.892,0.673,0.656,0.014,0.043
0.9,0.5,0.9,0.0,0.0,8,5,0,1.9223,0.104,41.588,-0.0003,0.0168,0.0169,0.901,0.801,0.787,0.02,0.036
0.9,0.5,0.9,0.0,0.0,8,5,5,1.9223,0.104,37.151,-0.0002,0.0178,0.0181,0.897,0.704,0.691,0.012,0.037
0.9,0.5,0.9,0.0,0.0,8,5,10,1.9223,0.104,32.714,0.0,0.0188,0.0187,0.905,0.713,0.657,0.027,0.049
0.9,0.5,0.9,0.0,0.0,10,6,0,1.9223,0.104,40.683,-0.0004,0.017,0.0168,0.904,0.794,0.767,0.011,0.028
0.9,0.5,0.9,0.0,0.0,10,6,5,1.9223,0.104,36.315,-0.0004,0.018,0.0182,0.896,0.713,0.703,0.018,0.034
0.9,0.5,0.9,0.0,0.0,10,6,10,1.9223,0.104,31.789,-0.0,0.0192,0.0189,0.913,0.672,0.632,0.014,0.029
0.9,0.5,0.9,0.0,0.01,0,0,0,1.9223,0.104,46.0,-0.0003,0.0159,0.016,0.895,0.851,0.824,0.016,0.03
0.9,0.5,0.9,0.0,0.01,0,0,5,1.9223,0.104,41.598,-0.0004,0.0168,0.0171,0.889,0.798,0.785,0.021,0.042
0.9,0.5,0.9,0.0,0.01,0,0,10,1.9223,0.104,37.091,-0.0003,0.0178,0.0179,0.912,0.746,0.713,0.012,0.032
0.9,0.5,0.9,0.0,0.01,6,4,0,1.9223,0.104,42.471,-0.0002,0.0166,0.0167,0.895,0.829,0.812,0.019,0.033
0.9,0.5,0.9,0.0,0.01,6,4,5,1.9223,0.104,38.016,-0.0004,0.0174,0.0175,0.906,0.768,0.742,0.014,0.03
0.9,0.5,0.9,0.0,0.01,6,4,10,1.9223,0.104,33.622,-0.0003,0.0187,0.0186,0.892,0.709,0.665,0.011,0.032
0.9,0.5,0.9,0.0,0.01,8,5,0,1.9223,0.104,41.544,-0.0003,0.0167,0.017,0.901,0.781,0.763,0.012,0.034
0.9,0.5,0.9,0.0,0.01,8,5,5,1.9223,0.104,37.173,-0.0,0.0178,0.0181,0.882,0.718,0.711,0.014,0.037
0.9,0.5,0.9,0.0,0.01,8,5,10,1.9223,0.104,32.786,-0.0,0.0188,0.0189,0.901,0.663,0.647,0.013,0.039
0.9,0.5,0.9,0.0,0.01,10,6,0,1.9223,0.104,40.682,-0.0002,0.0169,0.0172,0.892,0.79,0.773,0.019,0.039
0.9,0.5,0.9,0.0,0.01,10,6,5,1.9223,0.104,36.295,-0.0003,0.0179,0.0182,0.9,0.73,0.701,0.016,0.031
0.9,0.5,0.9,0.0,0.01,10,6,10,1.9223,0.104,31.911,-0.0004,0.0191,0.0195,0.902,0.619,0.642,0.016,0.029
0.9,0.5,0.9,0.0,0.02,0,0,0,1.9223,0.104,46.0,-0.0003,0.016,0.0164,0.886,0.821,0.803,0.012,0.034
0.9,0.5,0.9,0.0,0.02,0,0,5,1.9223,0.104,41.582,-0.0003,0.0169,0.0175,0.896,0.763,0.766,0.018,0.041
0.9,0.5,0.9,0.0,0.02,0,0,10,1.9223,0.104,37.179,-0.0004,0.018,0.0179,0.905,0.743,0.712,0.014,0.031
0.9,0.5,0.9,0.0,0.02,6,4,0,1.9223,0.104,42.43,-0.0004,0.0167,0.0171,0.877,0.782,0.774,0.013,0.034
0.9,0.5,0.9,0.0,0.02,6,4,5,1.9223,0.104,38.056,-0.0003,0.0175,0.018,0.896,0.729,0.716,0.016,0.035
0.9,0.5,0.9,0.0,0.02,6,4,10,1.9223,0.104,33.631,-0.0002,0.0187,0.0197,0.88,0.615,0.626,0.019,0.045
0.9,0.5,0.9,0.0,0.02,8,5,0,1.9223,0.104,41.57,-0.0003,0.0168,0.0172,0.898,0.781,0.771,0.013,0.035
0.9,0.5,0.9,0.0,0.02,8,5,5,1.9223,0.104,37.188,-0.0004,0.0177,0.0183,0.888,0.712,0.711,0.012,0.031
0.9,0.5,0.9,0.0,0.02,8,5,10,1.9223,0.104,32.771,-0.0002,0.0189,0.0197,0.896,0.621,0.63,0.019,0.05
0.9,0.5,0.9,0.0,0.02,10,6,0,1.9223,0.104,40.712,-0.0001,0.017,0.0175,0.892,0.768,0.758,0.017,0.035
0.9,0.5,0.9,0.0,0.02,10,6,5,1.9223,0.104,36.275,0.0,0.018,0.0187,0.889,0.685,0.684,0.016,0.04
0.9,0.5,0.9,0.0,0.02,10,6,10,1.9223,0.104,31.818,-0.0004,0.0193,0.0197,0.884,0.624,0.601,0.013,0.035
0.9,0.5,0.9,0.03,0.0,0,0,0,1.9223,0.4111,46.0,0.0303,0.0136,0.0139,0.894,0.043,0.046,0.951,0.929
0.9,0.5,0.9,0.03,0.0,0,0,5,1.9223,0.4111,41.573,0.0303,0.0142,0.0145,0.894,0.047,0.04,0.927,0.911
0.9,0.5,0.9,0.03,0.0,0,0,10,1.9223,0.4111,37.121,0.0305,0.015,0.0155,0.892,0.042,0.05,0.898,0.877
0.9,0.5,0.9,0.03,0.0,6,4,0,1.9223,0.4111,42.456,0.0304,0.014,0.0144,0.877,0.043,0.052,0.936,0.922
0.9,0.5,0.9,0.03,0.0,6,4,5,1.9223,0.4111,38.057,0.0305,0.0149,0.0152,0.894,0.039,0.041,0.908,0.883
0.9,0.5,0.9,0.03,0.0,6,4,10,1.9223,0.4111,33.652,0.0301,0.0158,0.0157,0.903,0.045,0.044,0.888,0.842
0.9,0.5,0.9,0.03,0.0,8,5,0,1.9223,0.4111,41.57,0.0302,0.0142,0.0146,0.891,0.046,0.048,0.926,0.908
0.9,0.5,0.9,0.03,0.0,8,5,5,1.9223,0.4111,37.186,0.0301,0.015,0.0159,0.884,0.042,0.05,0.873,0.868
0.9,0.5,0.9,0.03,0.0,8,5,10,1.9223,0.4111,32.765,0.0304,0.0162,0.0162,0.895,0.049,0.051,0.882,0.854
0.9,0.5,0.9,0.03,0.0,10,6,0,1.9223,0.4111,40.707,0.0304,0.0144,0.015,0.888,0.048,0.048,0.914,0.907
0.9,0.5,0.9,0.03,0.0,10,6,5,1.9223,0.4111,36.314,0.0304,0.0153,0.0159,0.891,0.046,0.051,0.885,0.873
0.9,0.5,0.9,0.03,0.0,10,6,10,1.9223,0.4111,31.882,0.0306,0.0162,0.0167,0.883,0.052,0.05,0.86,0.835
0.9,0.5,0.9,0.03,0.01,0,0,0,1.9223,0.4111,46.0,0.0303,0.0136,0.014,0.885,0.045,0.054,0.947,0.93
0.9,0.5,0.9,0.03,0.01,0,0,5,1.9223,0.4111,41.537,0.0302,0.0142,0.0147,0.883,0.053,0.055,0.924,0.906
0.9,0.5,0.9,0.03,0.01,0,0,10,1.9223,0.4111,37.178,0.0306,0.0149,0.0156,0.877,0.043,0.056,0.898,0.886
0.9,0.5,0.9,0.03,0.01,6,4,0,1.9223,0.4111,42.463,0.0304,0.014,0.0145,0.888,0.044,0.048,0.933,0.913
0.9,0.5,0.9,0.03,0.01,6,4,5,1.9223,0.4111,38.01,0.0304,0.0149,0.0154,0.888,0.046,0.05,0.909,0.884
0.9,0.5,0.9,0.03,0.01,6,4,10,1.9223,0.4111,33.599,0.0303,0.0158,0.016,0.894,0.048,0.052,0.878,0.849
0.9,0.5,0.9,0.03,0.01,8,5,0,1.9223,0.4111,41.581,0.0301,0.0143,0.0149,0.894,0.052,0.05,0.909,0.899
0.9,0.5,0.9,0.03,0.01,8,5,5,1.9223,0.4111,37.158,0.0304,0.0151,0.0158,0.886,0.046,0.042,0.883,0.876
0.9,0.5,0.9,0.03,0.01,8,5,10,1.9223,0.4111,32.764,0.0302,0.0162,0.0169,0.889,0.049,0.052,0.845,0.825
0.9,0.5,0.9,0.03,0.01,10,6,0,1.9223,0.4111,40.72,0.0302,0.0144,0.015,0.888,0.056,0.05,0.917,0.903
0.9,0.5,0.9,0.03,0.01,10,6,5,1.9223,0.4111,36.313,0.0305,0.0152,0.0163,0.876,0.042,0.057,0.859,0.857
0.9,0.5,0.9,0.03,0.01,10,6,10,1.9223,0.4111,31.836,0.0304,0.0163,0.0166,0.889,0.054,0.049,0.853,0.838
0.9,0.5,0.9,0.03,0.02,0,0,0,1.9223,0.4111,46.0,0.0302,0.0137,0.0147,0.867,0.05,0.06,0.922,0.92
0.9,0.5,0.9,0.03,0.02,0,0,5,1.9223,0.4111,41.585,0.03,0.0144,0.0153,0.876,0.051,0.063,0.902,0.893
0.9,0.5,0.9,0.03,0.02,0,0,10,1.9223,0.4111,37.164,0.0304,0.0151,0.0163,0.869,0.049,0.055,0.866,0.875
0.9,0.5,0.9,0.03,0.02,6,4,0,1.9223,0.4111,42.43,0.0302,0.0142,0.0156,0.855,0.055,0.065,0.896,0.894
0.9,0.5,0.9,0.03,0.02,6,4,5,1.9223,0.4111,38.022,0.0302,0.0148,0.016,0.868,0.053,0.058,0.875,0.881
0.9,0.5,0.9,0.03,0.02,6,4,10,1.9223,0.4111,33.656,0.0302,0.016,0.017,0.863,0.046,0.06,0.834,0.852
0.9,0.5,0.9,0.03,0.02,8,5,0,1.9223,0.4111,41.569,0.0304,0.0143,0.0153,0.868,0.046,0.059,0.91,0.902
0.9,0.5,0.9,0.03,0.02,8,5,5,1.9223,0.4111,37.186,0.0305,0.0151,0.0167,0.856,0.042,0.062,0.85,0.863
0.9,0.5,0.9,0.03,0.02,8,5,10,1.9223,0.4111,32.787,0.0304,0.0162,0.017,0.881,0.051,0.052,0.844,0.845
0.9,0.5,0.9,0.03,0.02,10,6,0,1.9223,0.4111,40.712,0.0302,0.0145,0.0157,0.864,0.046,0.062,0.888,0.89
0.9,0.5,0.9,0.03,0.02,10,6,5,1.9223,0.4111,36.275,0.0306,0.0153,0.0165,0.876,0.047,0.055,0.863,0.861
0.9,0.5,0.9,0.03,0.02,10,6,10,1.9223,0.4111,31.863,0.0304,0.0162,0.0175,0.861,0.039,0.056,0.819,0.814
0.95,0.1,0.8,0.0,0.0,0,0,0,2.4673,0.0055,46.0,-0.0,0.0049,0.005,0.898,1.0,1.0,0.026,0.024
0.95,0.1,0.8,0.0,0.0,0,0,5,2.4673,0.0055,41.558,0.0,0.0051,0.0053,0.91,1.0,1.0,0.023,0.028
0.95,0.1,0.8,0.0,0.0,0,0,10,2.4673,0.0055,37.171,0.0,0.0054,0.0054,0.916,1.0,1.0,0.025,0.02
0.95,0.1,0.8,0.0,0.0,6,4,0,2.4673,0.0055,42.452,-0.0,0.0051,0.0052,0.897,1.0,1.0,0.022,0.026
0.95,0.1,0.8,0.0,0.0,6,4,5,2.4673,0.0055,38.057,0.0,0.0053,0.0054,0.902,1.0,1.0,0.028,0.021
0.95,0.1,0.8,0.0,0.0,6,4,10,2.4673,0.0055,33.614,-0.0001,0.0057,0.006,0.899,1.0,1.0,0.021,0.017
0.95,0.1,0.8,0.0,0.0,8,5,0,2.4673,0.0055,41.557,-0.0,0.0051,0.0052,0.91,1.0,1.0,0.023,0.02
0.95,0.1,0.8,0.0,0.0,8,5,5,2.4673,0.0055,37.111,0.0,0.0054,0.0055,0.911,1.0,1.0,0.024,0.021
0.95,0.1,0.8,0.0,0.0,8,5,10,2.4673,0.0055,32.729,-0.0001,0.0058,0.0059,0.897,1.0,1.0,0.023,0.022
0.95,0.1,0.8,0.0,0.0,10,6,0,2.4673,0.0055,40.692,-0.0,0.0051,0.0053,0.902,1.0,1.0,0.024,0.023
0.95,0.1,0.8,0.0,0.0,10,6,5,2.4673,0.0055,36.297,0.0,0.0054,0.0056,0.905,1.0,1.0,0.03,0.023
0.95,0.1,0.8,0.0,0.0,10,6,10,2.4673,0.0055,31.788,-0.0001,0.0058,0.006,0.911,1.0,1.0,0.019,0.024
0.95,0.1,0.8,0.0,0.01,0,0,0,2.4673,0.0055,46.0,-0.0001,0.0049,0.0056,0.861,1.0,1.0,0.024,0.038
0.95,0.1,0.8,0.0,0.01,0,0,5,2.4673,0.0055,41.538,-0.0001,0.0052,0.0059,0.865,1.0,1.0,0.022,0.032
0.95,0.1,0.8,0.0,0.01,0,0,10,2.4673,0.0055,37.121,0.0,0.0054,0.0061,0.876,1.0,1.0,0.027,0.042
0.95,0.1,0.8,0.0,0.01,6,4,0,2.4673,0.0055,42.464,-0.0,0.0051,0.0059,0.861,1.0,1.0,0.02,0.043
0.95,0.1,0.8,0.0,0.01,6,4,5,2.4673,0.0055,38.076,-0.0,0.0054,0.0061,0.851,1.0,1.0,0.027,0.046
0.95,0.1,0.8,0.0,0.01,6,4,10,2.4673,0.0055,33.548,0.0001,0.0058,0.0062,0.888,1.0,1.0,0.03,0.025
0.95,0.1,0.8,0.0,0.01,8,5,0,2.4673,0.0055,41.588,-0.0,0.0052,0.0059,0.862,1.0,1.0,0.022,0.036
0.95,0.1,0.8,0.0,0.01,8,5,5,2.4673,0.0055,37.153,-0.0001,0.0054,0.0062,0.866,1.0,1.0,0.023,0.036
0.95,0.1,0.8,0.0,0.01,8,5,10,2.4673,0.0055,32.672,-0.0001,0.0059,0.0066,0.867,1.0,1.0,0.028,0.037
0.95,0.1,0.8,0.0,0.01,10,6,0,2.4673,0.0055,40.712,-0.0,0.0052,0.006,0.846,1.0,1.0,0.027,0.041
0.95,0.1,0.8,0.0,0.01,10,6,5,2.4673,0.0055,36.282,0.0001,0.0055,0.0063,0.858,1.0,1.0,0.027,0.041
0.95,0.1,0.8,0.0,0.01,10,6,10,2.4673,0.0055,31.848,0.0,0.0059,0.0065,0.874,1.0,1.0,0.022,0.031
0.95,0.1,0.8,0.0,0.02,0,0,0,2.4673,0.0055,46.0,0.0,0.0051,0.0069,0.788,1.0,1.0,0.028,0.079
0.95,0.1,0.8,0.0,0.02,0,0,5,2.4673,0.0055,41.555,0.0,0.0053,0.0071,0.788,1.0,1.0,0.029,0.069
0.95,0.1,0.8,0.0,0.02,0,0,10,2.4673,0.0055,37.144,-0.0,0.0056,0.0075,0.791,1.0,1.0,0.022,0.065
0.95,0.1,0.8,0.0,0.02,6,4,0,2.4673,0.0055,42.46,0.0,0.0052,0.0072,0.789,1.0,1.0,0.026,0.072
0.95,0.1,0.8,0.0,0.02,6,4,5,2.4673,0.0055,38.039,-0.0001,0.0055,0.0074,0.784,1.0,1.0,0.024,0.073
0.95,0.1,0.8,0.0,0.02,6,4,10,2.4673,0.0055,33.559,0.0001,0.0058,0.0076,0.802,1.0,1.0,0.031,0.07
0.95,0.1,0.8,0.0,0.02,8,5,0,2.4673,0.0055,41.57,0.0,0.0053,0.0071,0.793,1.0,1.0,0.027,0.067
0.95,0.1,0.8,0.0,0.02,8,5,5,2.4673,0.0055,37.191,-0.0002,0.0056,0.0075,0.784,1.0,1.0,0.018,0.063
0.95,0.1,0.8,0.0,0.02,8,5,10,2.4673,0.0055,32.676,0.0001,0.006,0.0078,0.81,1.0,1.0,0.025,0.058
0.95,0.1,0.8,0.0,0.02,10,6,0,2.4673,0.0055,40.699,0.0,0.0054,0.0072,0.779,1.0,1.0,0.026,0.067
0.95,0.1,0.8,0.0,0.02,10,6,5,2.4673,0.0055,36.269,-0.0001,0.0056,0.0072,0.805,1.0,1.0,0.027,0.059
0.95,0.1,0.8,0.0,0.02,10,6,10,2.4673,0.0055,31.855,0.0001,0.006,0.0079,0.801,1.0,1.0,0.029,0.069
0.95,0.1,0.8,0.03,0.0,0,0,0,2.4673,0.6202,46.0,0.0299,0.0064,0.0064,0.894,0.044,0.084,1.0,1.0
0.95,0.1,0.8,0.03,0.0,0,0,5,2.4673,0.6202,41.584,0.0298,0.0067,0.0068,0.887,0.046,0.093,1.0,1.0
0.95,0.1,0.8,0.03,0.0,0,0,10,2.4673,0.6202,37.147,0.0298,0.0071,0.0072,0.88,0.047,0.098,1.0,1.0
0.95,0.1,0.8,0.03,0.0,6,4,0,2.4673,0.6202,42.446,0.0299,0.0066,0.0067,0.887,0.046,0.086,1.0,1.0
0.95,0.1,0.8,0.03,0.0,6,4,5,2.4673,0.6202,38.046,0.0299,0.007,0.0073,0.881,0.044,0.095,1.0,1.0
0.95,0.1,0.8,0.03,0.0,6,4,10,2.4673,0.6202,33.6,0.0299,0.0074,0.0076,0.884,0.043,0.091,1.0,1.0
0.95,0.1,0.8,0.03,0.0,8,5,0,2.4673,0.6202,41.595,0.0298,0.0067,0.0068,0.892,0.045,0.081,1.0,1.0
0.95,0.1,0.8,0.03,0.0,8,5,5,2.4673,0.6202,37.165,0.0298,0.0071,0.0071,0.883,0.055,0.099,1.0,1.0
0.95,0.1,0.8,0.03,0.0,8,5,10,2.4673,0.6202,32.737,0.0299,0.0076,0.0075,0.889,0.051,0.093,1.0,1.0
0.95,0.1,0.8,0.03,0.0,10,6,0,2.4673,0.6202,40.673,0.0299,0.0068,0.0069,0.884,0.039,0.088,1.0,1.0
0.95,0.1,0.8,0.03,0.0,10,6,5,2.4673,0.6202,36.259,0.0299,0.0071,0.0071,0.891,0.045,0.086,1.0,1.0
0.95,0.1,0.8,0.03,0.0,10,6,10,2.4673,0.6202,31.905,0.0298,0.0076,0.0076,0.889,0.043,0.092,1.0,1.0
0.95,0.1,0.8,0.03,0.01,0,0,0,2.4673,0.6202,46.0,0.0299,0.0064,0.0069,0.875,0.039,0.091,1.0,1.0
0.95,0.1,0.8,0.03,0.01,0,0,5,2.4673,0.6202,41.582,0.0299,0.0068,0.0072,0.869,0.04,0.096,1.0,1.0
0.95,0.1,0.8,0.03,0.01,0,0,10,2.4673,0.6202,37.118,0.0298,0.0072,0.0077,0.858,0.044,0.108,1.0,1.0
0.95,0.1,0.8,0.03,0.01,6,4,0,2.4673,0.6202,42.439,0.0299,0.0067,0.0072,0.864,0.049,0.104,1.0,1.0
0.95,0.1,0.8,0.03,0.01,6,4,5,2.4673,0.6202,38.039,0.0299,0.0071,0.0075,0.871,0.049,0.101,1.0,1.0
0.95,0.1,0.8,0.03,0.01,6,4,10,2.4673,0.6202,33.629,0.0299,0.0075,0.008,0.858,0.052,0.109,1.0,1.0
0.95,0.1,0.8,0.03,0.01,8,5,0,2.4673,0.6202,41.582,0.0298,0.0068,0.0071,0.882,0.043,0.091,1.0,1.0
0.95,0.1,0.8,0.03,0.01,8,5,5,2.4673,0.6202,37.183,0.0298,0.0071,0.0075,0.875,0.058,0.097,1.0,1.0
0.95,0.1,0.8,0.03,0.01,8,5,10,2.4673,0.6202,32.695,0.0299,0.0076,0.0078,0.873,0.051,0.101,1.0,1.0
0.95,0.1,0.8,0.03,0.01,10,6,0,2.4673,0.6202,40.674,0.03,0.0069,0.0073,0.874,0.044,0.087,1.0,1.0
0.95,0.1,0.8,0.03,0.01,10,6,5,2.4673,0.6202,36.26,0.0298,0.0072,0.0075,0.873,0.047,0.094,1.0,1.0
0.95,0.1,0.8,0.03,0.01,10,6,10,2.4673,0.6202,31.817,0.03,0.0078,0.0082,0.864,0.039,0.102,1.0,1.0
0.95,0.1,0.8,0.03,0.02,0,0,0,2.4673,0.6202,46.0,0.03,0.0066,0.008,0.828,0.053,0.113,1.0,1.0
0.95,0.1,0.8,0.03,0.02,0,0,5,2.4673,0.6202,41.589,0.0298,0.0069,0.0083,0.82,0.046,0.117,1.0,1.0
0.95,0.1,0.8,0.03,0.02,0,0,10,2.4673,0.6202,37.196,0.0298,0.0073,0.0083,0.833,0.052,0.12,1.0,1.0
0.95,0.1,0.8,0.03,0.02,6,4,0,2.4673,0.6202,42.47,0.0299,0.0068,0.0082,0.839,0.045,0.112,1.0,1.0
0.95,0.1,0.8,0.03,0.02,6,4,5,2.4673,0.6202,38.005,0.0299,0.0072,0.0087,0.828,0.041,0.114,1.0,1.0
0.95,0.1,0.8,0.03,0.02,6,4,10,2.4673,0.6202,33.597,0.0301,0.0076,0.0091,0.827,0.039,0.111,1.0,1.0
0.95,0.1,0.8,0.03,0.02,8,5,0,2.4673,0.6202,41.573,0.0297,0.0069,0.0085,0.804,0.053,0.13,1.0,1.0
0.95,0.1,0.8,0.03,0.02,8,5,5,2.4673,0.6202,37.186,0.0298,0.0073,0.0087,0.823,0.049,0.118,1.0,1.0
0.95,0.1,0.8,0.03,0.02,8,5,10,2.4673,0.6202,32.776,0.0298,0.0078,0.0091,0.834,0.042,0.114,1.0,1.0
0.95,0.1,0.8,0.03,0.02,10,6,0,2.4673,0.6202,40.688,0.03,0.007,0.0083,0.836,0.043,0.106,1.0,1.0
0.95,0.1,0.8,0.03,0.02,10,6,5,2.4673,0.6202,36.251,0.03,0.0074,0.0086,0.834,0.045,0.114,1.0,1.0
0.95,0.1,0.8,0.03,0.02,10,6,10,2.4673,0.6202,31.863,0.03,0.0079,0.0092,0.841,0.05,0.11,1.0,1.0
0.95,0.1,0.9,0.0,0.0,0,0,0,2.4673,0.0055,46.0,-0.0,0.0037,0.0038,0.891,1.0,1.0,0.025,0.025
0.95,0.1,0.9,0.0,0.0,0,0,5,2.4673,0.0055,41.571,-0.0001,0.0039,0.0041,0.886,1.0,1.0,0.022,0.023
0.95,0.1,0.9,0.0,0.0,0,0,10,2.4673,0.0055,37.217,-0.0,0.0041,0.0043,0.893,1.0,1.0,0.023,0.032
0.95,0.1,0.9,0.0,0.0,6,4,0,2.4673,0.0055,42.429,-0.0,0.0039,0.004,0.901,1.0,1.0,0.024,0.025
0.95,0.1,0.9,0.0,0.0,6,4,5,2.4673,0.0055,38.001,-0.0,0.0041,0.0043,0.889,1.0,1.0,0.025,0.026
0.95,0.1,0.9,0.0,0.0,6,4,10,2.4673,0.0055,33.643,0.0,0.0045,0.0046,0.892,1.0,1.0,0.025,0.025
0.95,0.1,0.9,0.0,0.0,8,5,0,2.4673,0.0055,41.541,-0.0,0.0039,0.004,0.901,1.0,1.0,0.022,0.018
0.95,0.1,0.9,0.0,0.0,8,5,5,2.4673,0.0055,37.183,0.0,0.0041,0.0042,0.888,1.0,1.0,0.022,0.026
0.95,0.1,0.9,0.0,0.0,8,5,10,2.4673,0.0055,32.765,-0.0001,0.0044,0.0045,0.896,1.0,1.0,0.024,0.027
0.95,0.1,0.9,0.0,0.0,10,6,0,2.4673,0.0055,40.683,-0.0001,0.004,0.0041,0.891,1.0,1.0,0.022,0.017
0.95,0.1,0.9,0.0,0.0,10,6,5,2.4673,0.0055,36.342,-0.0,0.0042,0.0043,0.892,1.0,1.0,0.021,0.028
0.95,0.1,0.9,0.0,0.0,10,6,10,2.4673,0.0055,31.807,-0.0,0.0045,0.0046,0.893,1.0,1.0,0.018,0.023
0.95,0.1,0.9,0.0,0.01,0,0,0,2.4673,0.0055,46.0,0.0,0.0038,0.0046,0.829,1.0,1.0,0.022,0.051
0.95,0.1,0.9,0.0,0.01,0,0,5,2.4673,0.0055,41.539,-0.0001,0.004,0.0047,0.838,1.0,1.0,0.025,0.047
0.95,0.1,0.9,0.0,0.01,0,0,10,2.4673,0.0055,37.11,-0.0001,0.0042,0.0048,0.837,1.0,1.0,0.021,0.041
0.95,0.1,0.9,0.0,0.01,6,4,0,2.4673,0.0055,42.499,-0.0001,0.0039,0.0048,0.829,1.0,1.0,0.024,0.059
0.95,0.1,0.9,0.0,0.01,6,4,5,2.4673,0.0055,38.0,-0.0,0.0042,0.005,0.833,1.0,1.0,0.024,0.051
0.95,0.1,0.9,0.0,0.01,6,4,10,2.4673,0.0055,33.652,-0.0,0.0044,0.0052,0.834,1.0,1.0,0.022,0.053
0.95,0.1,0.9,0.0,0.01,8,5,0,2.4673,0.0055,41.541,-0.0001,0.004,0.0048,0.838,1.0,1.0,0.017,0.044
0.95,0.1,0.9,0.0,0.01,8,5,5,2.4673,0.0055,37.105,-0.0001,0.0042,0.0049,0.843,1.0,1.0,0.031,0.047
0.95,0.1,0.9,0.0,0.01,8,5,10,2.4673,0.0055,32.766,-0.0001,0.0044,0.0053,0.854,1.0,1.0,0.027,0.045
0.95,0.1,0.9,0.0,0.01,10,6,0,2.4673,0.0055,40.688,-0.0,0.0041,0.0048,0.837,1.0,1.0,0.021,0.053
0.95,0.1,0.9,0.0,0.01,10,6,5,2.4673,0.0055,36.274,-0.0,0.0043,0.0049,0.837,1.0,1.0,0.022,0.032
0.95,0.1,0.9,0.0,0.01,10,6,10,2.4673,0.0055,31.822,-0.0001,0.0045,0.0053,0.851,1.0,1.0,0.017,0.044
0.95,0.1,0.9,0.0,0.02,0,0,0,2.4673,0.0055,46.0,-0.0,0.004,0.0061,0.728,1.0,1.0,0.024,0.104
0.95,0.1,0.9,0.0,0.02,0,0,5,2.4673,0.0055,41.547,0.0,0.0042,0.0061,0.743,1.0,1.0,0.017,0.079
0.95,0.1,0.9,0.0,0.02,0,0,10,2.4673,0.0055,37.181,0.0002,0.0044,0.0064,0.751,1.0,1.0,0.032,0.087
0.95,0.1,0.9,0.0,0.02,6,4,0,2.4673,0.0055,42.445,0.0,0.0041,0.0062,0.727,1.0,1.0,0.027,0.104
0.95,0.1,0.9,0.0,0.02,6,4,5,2.4673,0.0055,38.037,-0.0001,0.0044,0.0064,0.754,1.0,1.0,0.023,0.085
0.95,0.1,0.9,0.0,0.02,6,4,10,2.4673,0.0055,33.65,-0.0001,0.0046,0.0064,0.766,1.0,1.0,0.025,0.075
0.95,0.1,0.9,0.0,0.02,8,5,0,2.4673,0.0055,41.579,-0.0001,0.0042,0.0063,0.748,1.0,1.0,0.025,0.101
0.95,0.1,0.9,0.0,0.02,8,5,5,2.4673,0.0055,37.186,-0.0002,0.0044,0.0067,0.722,1.0,1.0,0.019,0.09
0.95,0.1,0.9,0.0,0.02,8,5,10,2.4673,0.0055,32.733,-0.0002,0.0047,0.0066,0.764,1.0,1.0,0.016,0.068
0.95,0.1,0.9,0.0,0.02,10,6,0,2.4673,0.0055,40.705,-0.0002,0.0042,0.0064,0.711,1.0,1.0,0.022,0.101
0.95,0.1,0.9,0.0,0.02,10,6,5,2.4673,0.0055,36.322,-0.0002,0.0045,0.0066,0.754,1.0,1.0,0.022,0.088
0.95,0.1,0.9,0.0,0.02,10,6,10,2.4673,0.0055,31.874,0.0,0.0048,0.0067,0.758,1.0,1.0,0.017,0.075
0.95,0.1,0.9,0.03,0.0,0,0,0,2.4673,0.6202,46.0,0.0301,0.0061,0.0063,0.892,0.036,0.075,1.0,1.0
0.95,0.1,0.9,0.03,0.0,0,0,5,2.4673,0.6202,41.56,0.0301,0.0064,0.0066,0.895,0.037,0.075,1.0,1.0
0.95,0.1,0.9,0.03,0.0,0,0,10,2.4673,0.6202,37.184,0.03,0.0068,0.0069,0.892,0.044,0.081,1.0,1.0
0.95,0.1,0.9,0.03,0.0,6,4,0,2.4673,0.6202,42.468,0.0301,0.0064,0.0066,0.895,0.034,0.077,1.0,1.0
0.95,0.1,0.9,0.03,0.0,6,4,5,2.4673,0.6202,38.009,0.0301,0.0067,0.0069,0.885,0.035,0.087,1.0,1.0
0.95,0.1,0.9,0.03,0.0,6,4,10,2.4673,0.6202,33.566,0.03,0.0071,0.0073,0.883,0.033,0.089,1.0,1.0
0.95,0.1,0.9,0.03,0.0,8,5,0,2.4673,0.6202,41.551,0.0301,0.0064,0.0066,0.885,0.032,0.077,1.0,1.0
0.95,0.1,0.9,0.03,0.0,8,5,5,2.4673,0.6202,37.129,0.03,0.0068,0.0069,0.883,0.044,0.09,1.0,1.0
0.95,0.1,0.9,0.03,0.0,8,5,10,2.4673,0.6202,32.676,0.03,0.0072,0.0075,0.876,0.037,0.09,1.0,1.0
0.95,0.1,0.9,0.03,0.0,10,6,0,2.4673,0.6202,40.691,0.03,0.0065,0.0066,0.884,0.038,0.081,1.0,1.0
0.95,0.1,0.9,0.03,0.0,10,6,5,2.4673,0.6202,36.234,0.0302,0.0069,0.007,0.887,0.037,0.08,1.0,1.0
0.95,0.1,0.9,0.03,0.0,10,6,10,2.4673,0.6202,31.916,0.0301,0.0073,0.0074,0.885,0.035,0.087,1.0,1.0
0.95,0.1,0.9,0.03,0.01,0,0,0,2.4673,0.6202,46.0,0.0301,0.0062,0.0066,0.87,0.035,0.088,1.0,1.0
0.95,0.1,0.9,0.03,0.01,0,0,5,2.4673,0.6202,41.535,0.0301,0.0065,0.0071,0.865,0.042,0.098,1.0,1.0
0.95,0.1,0.9,0.03,0.01,0,0,10,2.4673,0.6202,37.163,0.0301,0.0068,0.0071,0.876,0.038,0.091,1.0,1.0
0.95,0.1,0.9,0.03,0.01,6,4,0,2.4673,0.6202,42.447,0.0301,0.0064,0.007,0.856,0.031,0.093,1.0,1.0
0.95,0.1,0.9,0.03,0.01,6,4,5,2.4673,0.6202,38.045,0.03,0.0067,0.0073,0.875,0.043,0.088,1.0,1.0
0.95,0.1,0.9,0.03,0.01,6,4,10,2.4673,0.6202,33.641,0.0302,0.0071,0.0079,0.862,0.042,0.096,1.0,1.0
0.95,0.1,0.9,0.03,0.01,8,5,0,2.4673,0.6202,41.536,0.0301,0.0065,0.007,0.869,0.042,0.091,1.0,1.0
0.95,0.1,0.9,0.03,0.01,8,5,5,2.4673,0.6202,37.122,0.0301,0.0068,0.0073,0.87,0.036,0.087,1.0,1.0
0.95,0.1,0.9,0.03,0.01,8,5,10,2.4673,0.6202,32.689,0.0301,0.0073,0.0077,0.87,0.044,0.095,1.0,1.0
0.95,0.1,0.9,0.03,0.01,10,6,0,2.4673,0.6202,40.708,0.0301,0.0065,0.0072,0.856,0.039,0.097,1.0,1.0
0.95,0.1,0.9,0.03,0.01,10,6,5,2.4673,0.6202,36.278,0.0302,0.0069,0.0074,0.879,0.032,0.077,1.0,1.0
0.95,0.1,0.9,0.03,0.01,10,6,10,2.4673,0.6202,31.854,0.0301,0.0074,0.0079,0.874,0.048,0.096,1.0,1.0
0.95,0.1,0.9,0.03,0.02,0,0,0,2.4673,0.6202,46.0,0.0302,0.0063,0.0082,0.789,0.045,0.126,1.0,1.0
0.95,0.1,0.9,0.03,0.02,0,0,5,2.4673,0.6202,41.603,0.03,0.0066,0.0082,0.807,0.039,0.119,1.0,1.0
0.95,0.1,0.9,0.03,0.02,0,0,10,2.4673,0.6202,37.152,0.0301,0.0069,0.0085,0.822,0.049,0.109,1.0,1.0
0.95,0.1,0.9,0.03,0.02,6,4,0,2.4673,0.6202,42.428,0.0302,0.0065,0.0085,0.791,0.041,0.126,1.0,1.0
0.95,0.1,0.9,0.03,0.02,6,4,5,2.4673,0.6202,38.041,0.0298,0.0068,0.0087,0.784,0.05,0.137,1.0,1.0
0.95,0.1,0.9,0.03,0.02,6,4,10,2.4673,0.6202,33.636,0.0302,0.0074,0.009,0.82,0.044,0.113,1.0,1.0
0.95,0.1,0.9,0.03,0.02,8,5,0,2.4673,0.6202,41.596,0.0301,0.0066,0.0081,0.826,0.04,0.107,1.0,1.0
0.95,0.1,0.9,0.03,0.02,8,5,5,2.4673,0.6202,37.173,0.03,0.007,0.0085,0.825,0.044,0.115,1.0,1.0
0.95,0.1,0.9,0.03,0.02,8,5,10,2.4673,0.6202,32.693,0.0302,0.0074,0.0088,0.822,0.038,0.113,1.0,1.0
0.95,0.1,0.9,0.03,0.02,10,6,0,2.4673,0.6202,40.675,0.0301,0.0067,0.0082,0.807,0.033,0.114,1.0,1.0
0.95,0.1,0.9,0.03,0.02,10,6,5,2.4673,0.6202,36.289,0.0299,0.007,0.0087,0.823,0.045,0.115,1.0,1.0
0.95,0.1,0.9,0.03,0.02,10,6,10,2.4673,0.6202,31.822,0.0303,0.0075,0.0091,0.838,0.037,0.102,0.999,1.0
0.95,0.25,0.8,0.0,0.0,0,0,0,2.4673,0.034,46.0,0.0,0.0066,0.0067,0.902,1.0,1.0,0.023,0.023
0.95,0.25,0.8,0.0,0.0,0,0,5,2.4673,0.034,41.578,-0.0,0.0069,0.007,0.905,1.0,1.0,0.024,0.026
0.95,0.25,0.8,0.0,0.0,0,0,10,2.4673,0.034,37.198,-0.0,0.0073,0.0075,0.903,1.0,1.0,0.02,0.029
0.95,0.25,0.8,0.0,0.0,6,4,0,2.4673,0.034,42.472,0.0,0.0068,0.0069,0.906,1.0,1.0,0.02,0.03
0.95,0.25,0.8,0.0,0.0,6,4,5,2.4673,0.034,38.021,0.0,0.0071,0.0074,0.898,1.0,1.0,0.025,0.034
0.95,0.25,0.8,0.0,0.0,6,4,10,2.4673,0.034,33.609,0.0003,0.0077,0.0079,0.897,1.0,0.999,0.033,0.031
0.95,0.25,0.8,0.0,0.0,8,5,0,2.4673,0.034,41.582,-0.0,0.0069,0.007,0.898,1.0,1.0,0.025,0.025
0.95,0.25,0.8,0.0,0.0,8,5,5,2.4673,0.034,37.127,0.0001,0.0072,0.0076,0.905,1.0,0.999,0.021,0.032
0.95,0.25,0.8,0.0,0.0,8,5,10,2.4673,0.034,32.71,0.0001,0.0077,0.0081,0.894,1.0,1.0,0.025,0.034
0.95,0.25,0.8,0.0,0.0,10,6,0,2.4673,0.034,40.68,-0.0,0.0069,0.007,0.908,1.0,1.0,0.021,0.021
0.95,0.25,0.8,0.0,0.0,10,6,5,2.4673,0.034,36.301,-0.0001,0.0074,0.0074,0.898,1.0,1.0,0.025,0.023
0.95,0.25,0.8,0.0,0.0,10,6,10,2.4673,0.034,31.832,0.0002,0.0078,0.008,0.895,1.0,0.999,0.027,0.038
0.95,0.25,0.8,0.0,0.01,0,0,0,2.4673,0.034,46.0,-0.0001,0.0066,0.007,0.881,1.0,1.0,0.015,0.027
0.95,0.25,0.8,0.0,0.01,0,0,5,2.4673,0.034,41.584,-0.0001,0.0069,0.0074,0.892,1.0,1.0,0.017,0.026
0.95,0.25,0.8,0.0,0.01,0,0,10,2.4673,0.034,37.166,0.0,0.0073,0.0078,0.881,1.0,1.0,0.022,0.031
0.95,0.25,0.8,0.0,0.01,6,4,0,2.4673,0.034,42.478,0.0001,0.0069,0.0075,0.873,1.0,1.0,0.02,0.04
0.95,0.25,0.8,0.0,0.01,6,4,5,2.4673,0.034,38.028,-0.0,0.0072,0.0076,0.888,1.0,0.999,0.023,0.034
0.95,0.25,0.8,0.0,0.01,6,4,10,2.4673,0.034,33.584,0.0001,0.0077,0.0083,0.871,1.0,1.0,0.024,0.037
0.95,0.25,0.8,0.0,0.01,8,5,0,2.4673,0.034,41.608,0.0,0.0069,0.0077,0.868,1.0,1.0,0.021,0.035
0.95,0.25,0.8,0.0,0.01,8,5,5,2.4673,0.034,37.13,-0.0001,0.0074,0.0077,0.894,1.0,1.0,0.024,0.032
0.95,0.25,0.8,0.0,0.01,8,5,10,2.4673,0.034,32.733,0.0,0.0078,0.0084,0.876,1.0,0.999,0.026,0.041
0.95,0.25,0.8,0.0,0.01,10,6,0,2.4673,0.034,40.709,0.0,0.007,0.0075,0.893,1.0,1.0,0.022,0.03
0.95,0.25,0.8,0.0,0.01,10,6,5,2.4673,0.034,36.268,-0.0001,0.0074,0.0081,0.873,1.0,1.0,0.022,0.036
0.95,0.25,0.8,0.0,0.01,10,6,10,2.4673,0.034,31.866,-0.0001,0.0079,0.0084,0.876,1.0,1.0,0.024,0.042
0.95,0.25,0.8,0.0,0.02,0,0,0,2.4673,0.034,46.0,0.0001,0.0067,0.0082,0.815,1.0,1.0,0.026,0.069
0.95,0.25,0.8,0.0,0.02,0,0,5,2.4673,0.034,41.595,0.0001,0.007,0.0086,0.817,1.0,1.0,0.021,0.052
0.95,0.25,0.8,0.0,0.02,0,0,10,2.4673,0.034,37.128,-0.0,0.0075,0.0087,0.845,1.0,1.0,0.023,0.046
0.95,0.25,0.8,0.0,0.02,6,4,0,2.4673,0.034,42.498,0.0002,0.007,0.0084,0.83,1.0,1.0,0.028,0.055
0.95,0.25,0.8,0.0,0.02,6,4,5,2.4673,0.034,38.015,-0.0,0.0073,0.0089,0.837,1.0,0.999,0.023,0.052
0.95,0.25,0.8,0.0,0.02,6,4,10,2.4673,0.034,33.571,0.0002,0.0078,0.0094,0.833,0.999,0.999,0.018,0.059
0.95,0.25,0.8,0.0,0.02,8,5,0,2.4673,0.034,41.604,0.0001,0.007,0.0087,0.817,1.0,1.0,0.023,0.055
0.95,0.25,0.8,0.0,0.02,8,5,5,2.4673,0.034,37.169,-0.0001,0.0075,0.0089,0.833,1.0,0.999,0.024,0.05
0.95,0.25,0.8,0.0,0.02,8,5,10,2.4673,0.034,32.779,0.0,0.0079,0.009,0.856,1.0,0.998,0.026,0.052
0.95,0.25,0.8,0.0,0.02,10,6,0,2.4673,0.034,40.71,0.0001,0.0071,0.0086,0.825,1.0,1.0,0.017,0.056
0.95,0.25,0.8,0.0,0.02,10,6,5,2.4673,0.034,36.258,0.0002,0.0075,0.009,0.821,0.999,0.997,0.026,0.052
0.95,0.25,0.8,0.0,0.02,10,6,10,2.4673,0.034,31.863,-0.0001,0.0081,0.0096,0.833,0.999,0.999,0.022,0.055
0.95,0.25,0.8,0.03,0.0,0,0,0,2.4673,0.6558,46.0,0.03,0.0069,0.0067,0.906,0.044,0.07,1.0,1.0
0.95,0.25,0.8,0.03,0.0,0,0,5,2.4673,0.6558,41.61,0.03,0.0072,0.0071,0.899,0.041,0.079,1.0,1.0
0.95,0.25,0.8,0.03,0.0,0,0,10,2.4673,0.6558,37.146,0.0299,0.0075,0.0076,0.891,0.039,0.092,1.0,1.0
0.95,0.25,0.8,0.03,0.0,6,4,0,2.4673,0.6558,42.458,0.03,0.0071,0.007,0.897,0.05,0.082,1.0,1.0
0.95,0.25,0.8,0.03,0.0,6,4,5,2.4673,0.6558,38.006,0.03,0.0075,0.0074,0.909,0.04,0.069,1.0,1.0
0.95,0.25,0.8,0.03,0.0,6,4,10,2.4673,0.6558,33.624,0.03,0.008,0.0079,0.904,0.04,0.078,1.0,1.0
0.95,0.25,0.8,0.03,0.0,8,5,0,2.4673,0.6558,41.581,0.03,0.0071,0.0071,0.901,0.045,0.079,1.0,1.0
0.95,0.25,0.8,0.03,0.0,8,5,5,2.4673,0.6558,37.186,0.03,0.0075,0.0076,0.894,0.037,0.084,1.0,1.0
0.95,0.25,0.8,0.03,0.0,8,5,10,2.4673,0.6558,32.715,0.03,0.0081,0.0081,0.903,0.041,0.079,1.0,1.0
0.95,0.25,0.8,0.03,0.0,10,6,0,2.4673,0.6558,40.628,0.0301,0.0072,0.0072,0.904,0.038,0.074,1.0,1.0
0.95,0.25,0.8,0.03,0.0,10,6,5,2.4673,0.6558,36.251,0.03,0.0077,0.0077,0.891,0.044,0.087,1.0,1.0
0.95,0.25,0.8,0.03,0.0,10,6,10,2.4673,0.6558,31.799,0.0299,0.0081,0.0081,0.896,0.04,0.077,1.0,1.0
0.95,0.25,0.8,0.03,0.01,0,0,0,2.4673,0.6558,46.0,0.0301,0.0069,0.007,0.899,0.037,0.075,1.0,1.0
0.95,0.25,0.8,0.03,0.01,0,0,5,2.4673,0.6558,41.56,0.0301,0.0072,0.0076,0.874,0.05,0.096,1.0,1.0
0.95,0.25,0.8,0.03,0.01,0,0,10,2.4673,0.6558,37.161,0.03,0.0076,0.0077,0.891,0.034,0.084,1.0,1.0
0.95,0.25,0.8,0.03,0.01,6,4,0,2.4673,0.6558,42.447,0.03,0.0072,0.0075,0.885,0.04,0.081,1.0,1.0
0.95,0.25,0.8,0.03,0.01,6,4,5,2.4673,0.6558,38.012,0.0301,0.0075,0.0078,0.891,0.046,0.085,1.0,1.0
0.95,0.25,0.8,0.03,0.01,6,4,10,2.4673,0.6558,33.601,0.0301,0.008,0.0083,0.89,0.045,0.087,1.0,1.0
0.95,0.25,0.8,0.03,0.01,8,5,0,2.4673,0.6558,41.566,0.03,0.0072,0.0076,0.873,0.042,0.098,1.0,1.0
0.95,0.25,0.8,0.03,0.01,8,5,5,2.4673,0.6558,37.146,0.03,0.0076,0.0082,0.869,0.047,0.1,1.0,1.0
0.95,0.25,0.8,0.03,0.01,8,5,10,2.4673,0.6558,32.744,0.03,0.0081,0.0085,0.877,0.04,0.097,1.0,1.0
0.95,0.25,0.8,0.03,0.01,10,6,0,2.4673,0.6558,40.696,0.0299,0.0073,0.0076,0.896,0.039,0.078,1.0,1.0
0.95,0.25,0.8,0.03,0.01,10,6,5,2.4673,0.6558,36.234,0.03,0.0077,0.008,0.886,0.047,0.089,1.0,1.0
0.95,0.25,0.8,0.03,0.01,10,6,10,2.4673,0.6558,31.838,0.0301,0.0082,0.0085,0.893,0.041,0.08,1.0,1.0
0.95,0.25,0.8,0.03,0.02,0,0,0,2.4673,0.6558,46.0,0.03,0.007,0.0084,0.832,0.043,0.107,1.0,1.0
0.95,0.25,0.8,0.03,0.02,0,0,5,2.4673,0.6558,41.566,0.0301,0.0074,0.0087,0.843,0.036,0.097,1.0,1.0
0.95,0.25,0.8,0.03,0.02,0,0,10,2.4673,0.6558,37.15,0.0301,0.0077,0.0092,0.841,0.041,0.11,1.0,1.0
0.95,0.25,0.8,0.03,0.02,6,4,0,2.4673,0.6558,42.488,0.03,0.0072,0.0086,0.841,0.053,0.112,1.0,1.0
0.95,0.25,0.8,0.03,0.02,6,4,5,2.4673,0.6558,38.027,0.0301,0.0077,0.0088,0.848,0.04,0.096,1.0,1.0
0.95,0.25,0.8,0.03,0.02,6,4,10,2.4673,0.6558,33.586,0.03,0.0081,0.0092,0.85,0.046,0.102,1.0,1.0
0.95,0.25,0.8,0.03,0.02,8,5,0,2.4673,0.6558,41.581,0.0302,0.0073,0.0086,0.835,0.045,0.111,1.0,1.0
0.95,0.25,0.8,0.03,0.02,8,5,5,2.4673,0.6558,37.197,0.0299,0.0077,0.009,0.837,0.053,0.109,1.0,1.0
0.95,0.25,0.8,0.03,0.02,8,5,10,2.4673,0.6558,32.725,0.0299,0.0083,0.0093,0.86,0.044,0.099,1.0,1.0
0.95,0.25,0.8,0.03,0.02,10,6,0,2.4673,0.6558,40.673,0.0298,0.0074,0.0087,0.845,0.052,0.11,1.0,1.0
0.95,0.25,0.8,0.03,0.02,10,6,5,2.4673,0.6558,36.305,0.0303,0.0079,0.0091,0.851,0.033,0.093,0.999,1.0
0.95,0.25,0.8,0.03,0.02,10,6,10,2.4673,0.6558,31.797,0.03,0.0085,0.0094,0.864,0.038,0.093,1.0,1.0
0.95,0.25,0.9,0.0,0.0,0,0,0,2.4673,0.034,46.0,0.0,0.0059,0.0059,0.889,1.0,1.0,0.021,0.025
0.95,0.25,0.9,0.0,0.0,0,0,5,2.4673,0.034,41.599,0.0,0.0061,0.0062,0.903,1.0,1.0,0.023,0.03
0.95,0.25,0.9,0.0,0.0,0,0,10,2.4673,0.034,37.1,0.0,0.0065,0.0066,0.893,1.0,1.0,0.026,0.03
0.95,0.25,0.9,0.0,0.0,6,4,0,2.4673,0.034,42.46,-0.0,0.0061,0.0062,0.885,1.0,1.0,0.026,0.03
0.95,0.25,0.9,0.0,0.0,6,4,5,2.4673,0.034,38.039,0.0,0.0064,0.0065,0.893,1.0,1.0,0.025,0.029
0.95,0.25,0.9,0.0,0.0,6,4,10,2.4673,0.034,33.619,0.0001,0.0068,0.0069,0.895,1.0,1.0,0.02,0.029
0.95,0.25,0.9,0.0,0.0,8,5,0,2.4673,0.034,41.569,0.0001,0.0062,0.0062,0.897,1.0,1.0,0.024,0.032
0.95,0.25,0.9,0.0,0.0,8,5,5,2.4673,0.034,37.162,0.0001,0.0065,0.0067,0.883,1.0,1.0,0.028,0.038
0.95,0.25,0.9,0.0,0.0,8,5,10,2.4673,0.034,32.722,0.0,0.0069,0.0071,0.904,1.0,1.0,0.019,0.026
0.95,0.25,0.9,0.0,0.0,10,6,0,2.4673,0.034,40.705,-0.0,0.0062,0.0064,0.898,1.0,1.0,0.02,0.028
0.95,0.25,0.9,0.0,0.0,10,6,5,2.4673,0.034,36.273,0.0001,0.0066,0.0067,0.902,1.0,1.0,0.022,0.032
0.95,0.25,0.9,0.0,0.0,10,6,10,2.4673,0.034,31.916,0.0,0.007,0.0069,0.909,1.0,1.0,0.02,0.029
0.95,0.25,0.9,0.0,0.01,0,0,0,2.4673,0.034,46.0,0.0,0.0059,0.0065,0.864,1.0,1.0,0.019,0.05
0.95,0.25,0.9,0.0,0.01,0,0,5,2.4673,0.034,41.585,0.0,0.0062,0.0068,0.856,1.0,1.0,0.024,0.043
0.95,0.25,0.9,0.0,0.01,0,0,10,2.4673,0.034,37.128,0.0001,0.0065,0.0071,0.877,1.0,1.0,0.024,0.04
0.95,0.25,0.9,0.0,0.01,6,4,0,2.4673,0.034,42.436,0.0001,0.0061,0.0065,0.881,1.0,1.0,0.025,0.037
0.95,0.25,0.9,0.0,0.01,6,4,5,2.4673,0.034,37.985,0.0001,0.0064,0.007,0.866,1.0,1.0,0.025,0.038
0.95,0.25,0.9,0.0,0.01,6,4,10,2.4673,0.034,33.66,0.0002,0.0069,0.0074,0.872,1.0,1.0,0.029,0.048
0.95,0.25,0.9,0.0,0.01,8,5,0,2.4673,0.034,41.566,0.0,0.0062,0.0067,0.869,1.0,1.0,0.02,0.036
0.95,0.25,0.9,0.0,0.01,8,5,5,2.4673,0.034,37.173,0.0001,0.0065,0.007,0.88,1.0,1.0,0.025,0.034
0.95,0.25,0.9,0.0,0.01,8,5,10,2.4673,0.034,32.729,0.0001,0.0069,0.0074,0.881,1.0,1.0,0.024,0.037
0.95,0.25,0.9,0.0,0.01,10,6,0,2.4673,0.034,40.678,0.0,0.0063,0.0068,0.873,1.0,1.0,0.02,0.045
0.95,0.25,0.9,0.0,0.01,10,6,5,2.4673,0.034,36.292,-0.0,0.0066,0.007,0.869,1.0,1.0,0.02,0.041
0.95,0.25,0.9,0.0,0.01,10,6,10,2.4673,0.034,31.857,0.0002,0.0071,0.0077,0.864,1.0,1.0,0.028,0.044
0.95,0.25,0.9,0.0,0.02,0,0,0,2.4673,0.034,46.0,-0.0002,0.006,0.0077,0.805,1.0,1.0,0.021,0.072
0.95,0.25,0.9,0.0,0.02,0,0,5,2.4673,0.034,41.585,0.0,0.0063,0.0081,0.802,1.0,1.0,0.022,0.063
0.95,0.25,0.9,0.0,0.02,0,0,10,2.4673,0.034,37.123,-0.0,0.0067,0.0082,0.828,1.0,1.0,0.021,0.061
0.95,0.25,0.9,0.0,0.02,6,4,0,2.4673,0.034,42.468,0.0001,0.0062,0.0078,0.82,1.0,1.0,0.024,0.059
0.95,0.25,0.9,0.0,0.02,6,4,5,2.4673,0.034,38.063,0.0,0.0066,0.008,0.822,1.0,1.0,0.022,0.064
0.95,0.25,0.9,0.0,0.02,6,4,10,2.4673,0.034,33.67,0.0001,0.007,0.0084,0.833,1.0,1.0,0.028,0.069
0.95,0.25,0.9,0.0,0.02,8,5,0,2.4673,0.034,41.583,0.0,0.0063,0.0081,0.806,1.0,1.0,0.022,0.066
0.95,0.25,0.9,0.0,0.02,8,5,5,2.4673,0.034,37.161,-0.0,0.0066,0.0086,0.805,1.0,1.0,0.03,0.072
0.95,0.25,0.9,0.0,0.02,8,5,10,2.4673,0.034,32.652,0.0003,0.0071,0.0087,0.819,1.0,1.0,0.031,0.07
0.95,0.25,0.9,0.0,0.02,10,6,0,2.4673,0.034,40.669,-0.0,0.0064,0.008,0.804,1.0,1.0,0.023,0.062
0.95,0.25,0.9,0.0,0.02,10,6,5,2.4673,0.034,36.273,0.0001,0.0068,0.0084,0.811,1.0,1.0,0.024,0.065
0.95,0.25,0.9,0.0,0.02,10,6,10,2.4673,0.034,31.842,0.0001,0.0072,0.0088,0.81,1.0,1.0,0.028,0.072
0.95,0.25,0.9,0.03,0.0,0,0,0,2.4673,0.6558,46.0,0.03,0.0065,0.0067,0.87,0.044,0.096,1.0,1.0
0.95,0.25,0.9,0.03,0.0,0,0,5,2.4673,0.6558,41.575,0.0299,0.0068,0.007,0.875,0.043,0.097,1.0,1.0
0.95,0.25,0.9,0.03,0.0,0,0,10,2.4673,0.6558,37.131,0.03,0.0072,0.0076,0.863,0.043,0.1,1.0,1.0
0.95,0.25,0.9,0.03,0.0,6,4,0,2.4673,0.6558,42.443,0.03,0.0068,0.0068,0.885,0.042,0.087,1.0,1.0
0.95,0.25,0.9,0.03,0.0,6,4,5,2.4673,0.6558,38.029,0.0299,0.0071,0.0075,0.876,0.045,0.095,1.0,1.0
0.95,0.25,0.9,0.03,0.0,6,4,10,2.4673,0.6558,33.571,0.03,0.0076,0.0079,0.887,0.044,0.091,1.0,1.0
0.95,0.25,0.9,0.03,0.0,8,5,0,2.4673,0.6558,41.565,0.03,0.0068,0.0069,0.889,0.043,0.082,1.0,1.0
0.95,0.25,0.9,0.03,0.0,8,5,5,2.4673,0.6558,37.14,0.0299,0.0072,0.0076,0.869,0.045,0.098,1.0,1.0
0.95,0.25,0.9,0.03,0.0,8,5,10,2.4673,0.6558,32.752,0.03,0.0077,0.0079,0.881,0.035,0.091,1.0,1.0
0.95,0.25,0.9,0.03,0.0,10,6,0,2.4673,0.6558,40.662,0.03,0.0069,0.0071,0.865,0.04,0.105,1.0,1.0
0.95,0.25,0.9,0.03,0.0,10,6,5,2.4673,0.6558,36.226,0.0301,0.0073,0.0075,0.884,0.037,0.087,1.0,1.0
0.95,0.25,0.9,0.03,0.0,10,6,10,2.4673,0.6558,31.878,0.0301,0.0077,0.0081,0.89,0.031,0.088,1.0,1.0
0.95,0.25,0.9,0.03,0.01,0,0,0,2.4673,0.6558,46.0,0.03,0.0065,0.0072,0.851,0.041,0.105,1.0,1.0
0.95,0.25,0.9,0.03,0.01,0,0,5,2.4673,0.6558,41.531,0.03,0.0069,0.0075,0.864,0.044,0.104,1.0,1.0
0.95,0.25,0.9,0.03,0.01,0,0,10,2.4673,0.6558,37.139,0.03,0.0072,0.0079,0.884,0.038,0.083,1.0,1.0
0.95,0.25,0.9,0.03,0.01,6,4,0,2.4673,0.6558,42.46,0.03,0.0068,0.0076,0.851,0.045,0.105,1.0,1.0
0.95,0.25,0.9,0.03,0.01,6,4,5,2.4673,0.6558,38.073,0.0299,0.0072,0.0077,0.871,0.043,0.095,1.0,1.0
0.95,0.25,0.9,0.03,0.01,6,4,10,2.4673,0.6558,33.589,0.0299,0.0077,0.0081,0.865,0.042,0.105,1.0,1.0
0.95,0.25,0.9,0.03,0.01,8,5,0,2.4673,0.6558,41.561,0.03,0.0068,0.0075,0.86,0.045,0.103,1.0,1.0
0.95,0.25,0.9,0.03,0.01,8,5,5,2.4673,0.6558,37.188,0.03,0.0072,0.0078,0.855,0.046,0.108,1.0,1.0
0.95,0.25,0.9,0.03,0.01,8,5,10,2.4673,0.6558,32.752,0.0299,0.0076,0.008,0.868,0.047,0.104,1.0,1.0
0.95,0.25,0.9,0.03,0.01,10,6,0,2.4673,0.6558,40.71,0.03,0.007,0.0076,0.855,0.041,0.105,1.0,1.0
0.95,0.25,0.9,0.03,0.01,10,6,5,2.4673,0.6558,36.265,0.0299,0.0073,0.0078,0.873,0.047,0.096,1.0,1.0
0.95,0.25,0.9,0.03,0.01,10,6,10,2.4673,0.6558,31.811,0.0299,0.0078,0.0086,0.848,0.041,0.114,1.0,1.0
0.95,0.25,0.9,0.03,0.02,0,0,0,2.4673,0.6558,46.0,0.03,0.0066,0.0081,0.828,0.055,0.11,1.0,1.0
0.95,0.25,0.9,0.03,0.02,0,0,5,2.4673,0.6558,41.571,0.0299,0.007,0.0085,0.825,0.045,0.105,1.0,1.0
0.95,0.25,0.9,0.03,0.02,0,0,10,2.4673,0.6558,37.135,0.03,0.0074,0.009,0.823,0.038,0.121,1.0,1.0
0.95,0.25,0.9,0.03,0.02,6,4,0,2.4673,0.6558,42.467,0.0298,0.0069,0.0084,0.819,0.054,0.126,1.0,1.0
0.95,0.25,0.9,0.03,0.02,6,4,5,2.4673,0.6558,38.083,0.0301,0.0073,0.0088,0.824,0.04,0.111,1.0,1.0
0.95,0.25,0.9,0.03,0.02,6,4,10,2.4673,0.6558,33.572,0.03,0.0077,0.0096,0.812,0.036,0.128,1.0,1.0
0.95,0.25,0.9,0.03,0.02,8,5,0,2.4673,0.6558,41.566,0.0299,0.0069,0.0083,0.823,0.05,0.118,1.0,1.0
0.95,0.25,0.9,0.03,0.02,8,5,5,2.4673,0.6558,37.169,0.0297,0.0074,0.0089,0.828,0.053,0.122,1.0,1.0
0.95,0.25,0.9,0.03,0.02,8,5,10,2.4673,0.6558,32.712,0.0301,0.0078,0.0096,0.831,0.041,0.11,1.0,1.0
0.95,0.25,0.9,0.03,0.02,10,6,0,2.4673,0.6558,40.709,0.0299,0.0071,0.0086,0.824,0.044,0.109,1.0,1.0
0.95,0.25,0.9,0.03,0.02,10,6,5,2.4673,0.6558,36.272,0.03,0.0075,0.009,0.832,0.036,0.118,1.0,1.0
0.95,0.25,0.9,0.03,0.02,10,6,10,2.4673,0.6558,31.874,0.0298,0.008,0.0094,0.843,0.06,0.117,0.999,1.0
0.95,0.5,0.8,0.0,0.0,0,0,0,2.4673,0.1335,46.0,0.0004,0.0105,0.0107,0.888,0.999,0.989,0.02,0.05
0.95,0.5,0.8,0.0,0.0,0,0,5,2.4673,0.1335,41.538,0.0003,0.0109,0.0112,0.883,0.996,0.984,0.019,0.046
0.95,0.5,0.8,0.0,0.0,0,0,10,2.4673,0.1335,37.189,0.0004,0.0115,0.0122,0.868,0.985,0.97,0.017,0.059
0.95,0.5,0.8,0.0,0.0,6,4,0,2.4673,0.1335,42.443,0.0003,0.0109,0.0112,0.885,0.995,0.988,0.023,0.048
0.95,0.5,0.8,0.0,0.0,6,4,5,2.4673,0.1335,38.016,0.0004,0.0113,0.0116,0.894,0.992,0.973,0.023,0.051
0.95,0.5,0.8,0.0,0.0,6,4,10,2.4673,0.1335,33.58,0.0004,0.012,0.0124,0.894,0.978,0.951,0.024,0.047
0.95,0.5,0.8,0.0,0.0,8,5,0,2.4673,0.1335,41.528,0.0004,0.0108,0.0112,0.884,0.995,0.983,0.022,0.052
0.95,0.5,0.8,0.0,0.0,8,5,5,2.4673,0.1335,37.15,0.0004,0.0115,0.0117,0.892,0.993,0.972,0.015,0.036
0.95,0.5,0.8,0.0,0.0,8,5,10,2.4673,0.1335,32.754,0.0004,0.0123,0.0124,0.884,0.983,0.96,0.025,0.051
0.95,0.5,0.8,0.0,0.0,10,6,0,2.4673,0.1335,40.661,0.0004,0.0109,0.0115,0.88,0.992,0.983,0.023,0.049
0.95,0.5,0.8,0.0,0.0,10,6,5,2.4673,0.1335,36.264,0.0003,0.0116,0.0124,0.881,0.982,0.964,0.02,0.049
0.95,0.5,0.8,0.0,0.0,10,6,10,2.4673,0.1335,31.805,0.0005,0.0123,0.0127,0.877,0.98,0.95,0.014,0.05
0.95,0.5,0.8,0.0,0.01,0,0,0,2.4673,0.1335,46.0,0.0003,0.0105,0.011,0.87,0.997,0.984,0.019,0.047
0.95,0.5,0.8,0.0,0.01,0,0,5,2.4673,0.1335,41.595,0.0004,0.0108,0.0114,0.875,0.992,0.98,0.02,0.046
0.95,0.5,0.8,0.0,0.01,0,0,10,2.4673,0.1335,37.149,0.0005,0.0116,0.0121,0.891,0.981,0.969,0.024,0.053
0.95,0.5,0.8,0.0,0.01,6,4,0,2.4673,0.1335,42.482,0.0004,0.0108,0.0115,0.855,0.991,0.979,0.025,0.06
0.95,0.5,0.8,0.0,0.01,6,4,5,2.4673,0.1335,38.006,0.0003,0.0115,0.0122,0.872,0.989,0.966,0.021,0.06
0.95,0.5,0.8,0.0,0.01,6,4,10,2.4673,0.1335,33.632,0.0003,0.0121,0.0126,0.883,0.977,0.956,0.021,0.054
0.95,0.5,0.8,0.0,0.01,8,5,0,2.4673,0.1335,41.591,0.0002,0.011,0.0118,0.865,0.99,0.98,0.017,0.056
0.95,0.5,0.8,0.0,0.01,8,5,5,2.4673,0.1335,37.165,0.0003,0.0115,0.0119,0.889,0.99,0.973,0.022,0.045
0.95,0.5,0.8,0.0,0.01,8,5,10,2.4673,0.1335,32.698,0.0003,0.012,0.0127,0.893,0.972,0.945,0.019,0.042
0.95,0.5,0.8,0.0,0.01,10,6,0,2.4673,0.1335,40.692,0.0004,0.011,0.0117,0.875,0.991,0.98,0.024,0.051
0.95,0.5,0.8,0.0,0.01,10,6,5,2.4673,0.1335,36.246,0.0003,0.0116,0.0121,0.879,0.99,0.967,0.018,0.05
0.95,0.5,0.8,0.0,0.01,10,6,10,2.4673,0.1335,31.844,0.0004,0.0122,0.0128,0.879,0.976,0.946,0.016,0.047
0.95,0.5,0.8,0.0,0.02,0,0,0,2.4673,0.1335,46.0,0.0003,0.0105,0.0115,0.844,0.991,0.984,0.025,0.062
0.95,0.5,0.8,0.0,0.02,0,0,5,2.4673,0.1335,41.593,0.0003,0.0111,0.0123,0.846,0.98,0.978,0.016,0.058
0.95,0.5,0.8,0.0,0.02,0,0,10,2.4673,0.1335,37.189,0.0003,0.0116,0.013,0.855,0.969,0.956,0.024,0.074
0.95,0.5,0.8,0.0,0.02,6,4,0,2.4673,0.1335,42.433,0.0003,0.0109,0.0121,0.845,0.989,0.979,0.02,0.067
0.95,0.5,0.8,0.0,0.02,6,4,5,2.4673,0.1335,38.056,0.0003,0.0114,0.0128,0.855,0.975,0.964,0.017,0.055
0.95,0.5,0.8,0.0,0.02,6,4,10,2.4673,0.1335,33.632,0.0003,0.0121,0.0137,0.842,0.947,0.942,0.025,0.073
0.95,0.5,0.8,0.0,0.02,8,5,0,2.4673,0.1335,41.55,0.0004,0.011,0.0125,0.852,0.975,0.97,0.027,0.071
0.95,0.5,0.8,0.0,0.02,8,5,5,2.4673,0.1335,37.129,0.0002,0.0117,0.013,0.842,0.971,0.956,0.021,0.06
0.95,0.5,0.8,0.0,0.02,8,5,10,2.4673,0.1335,32.746,0.0005,0.0123,0.0133,0.864,0.961,0.947,0.021,0.061
0.95,0.5,0.8,0.0,0.02,10,6,0,2.4673,0.1335,40.717,0.0004,0.0111,0.0127,0.844,0.978,0.972,0.018,0.061
0.95,0.5,0.8,0.0,0.02,10,6,5,2.4673,0.1335,36.241,0.0005,0.0118,0.0134,0.841,0.96,0.955,0.025,0.073
0.95,0.5,0.8,0.0,0.02,10,6,10,2.4673,0.1335,31.843,0.0004,0.0124,0.0137,0.862,0.946,0.928,0.022,0.058
0.95,0.5,0.8,0.03,0.0,0,0,0,2.4673,0.78,46.0,0.03,0.0083,0.008,0.912,0.045,0.061,1.0,0.999
0.95,0.5,0.8,0.03,0.0,0,0,5,2.4673,0.78,41.576,0.0299,0.0087,0.0084,0.904,0.048,0.069,1.0,0.999
0.95,0.5,0.8,0.03,0.0,0,0,10,2.4673,0.78,37.118,0.0301,0.0092,0.0091,0.892,0.044,0.074,1.0,0.999
0.95,0.5,0.8,0.03,0.0,6,4,0,2.4673,0.78,42.398,0.0299,0.0086,0.0085,0.904,0.046,0.067,1.0,0.999
0.95,0.5,0.8,0.03,0.0,6,4,5,2.4673,0.78,38.075,0.0299,0.0091,0.0087,0.89,0.046,0.075,1.0,0.999
0.95,0.5,0.8,0.03,0.0,6,4,10,2.4673,0.78,33.606,0.0299,0.0096,0.0095,0.907,0.049,0.069,1.0,0.998
0.95,0.5,0.8,0.03,0.0,8,5,0,2.4673,0.78,41.53,0.03,0.0087,0.0085,0.904,0.045,0.067,1.0,0.999
0.95,0.5,0.8,0.03,0.0,8,5,5,2.4673,0.78,37.173,0.0298,0.0091,0.0089,0.91,0.042,0.063,1.0,0.995
0.95,0.5,0.8,0.03,0.0,8,5,10,2.4673,0.78,32.782,0.0299,0.0098,0.0097,0.903,0.042,0.073,0.999,0.998
0.95,0.5,0.8,0.03,0.0,10,6,0,2.4673,0.78,40.676,0.03,0.0087,0.0085,0.908,0.038,0.063,1.0,0.999
0.95,0.5,0.8,0.03,0.0,10,6,5,2.4673,0.78,36.25,0.0299,0.0093,0.0091,0.913,0.042,0.062,1.0,0.999
0.95,0.5,0.8,0.03,0.0,10,6,10,2.4673,0.78,31.842,0.03,0.0099,0.0097,0.9,0.046,0.078,0.998,0.995
0.95,0.5,0.8,0.03,0.01,0,0,0,2.4673,0.78,46.0,0.03,0.0083,0.0083,0.904,0.051,0.065,1.0,0.999
0.95,0.5,0.8,0.03,0.01,0,0,5,2.4673,0.78,41.582,0.03,0.0087,0.0089,0.888,0.049,0.081,1.0,0.999
0.95,0.5,0.8,0.03,0.01,0,0,10,2.4673,0.78,37.165,0.0299,0.0092,0.0093,0.89,0.054,0.074,1.0,0.996
0.95,0.5,0.8,0.03,0.01,6,4,0,2.4673,0.78,42.474,0.0301,0.0087,0.0087,0.899,0.041,0.065,1.0,0.999
0.95,0.5,0.8,0.03,0.01,6,4,5,2.4673,0.78,37.996,0.03,0.0091,0.0092,0.883,0.043,0.08,1.0,1.0
0.95,0.5,0.8,0.03,0.01,6,4,10,2.4673,0.78,33.594,0.03,0.0097,0.0096,0.902,0.048,0.064,0.999,0.995
0.95,0.5,0.8,0.03,0.01,8,5,0,2.4673,0.78,41.574,0.03,0.0087,0.0088,0.886,0.035,0.074,1.0,0.999
0.95,0.5,0.8,0.03,0.01,8,5,5,2.4673,0.78,37.146,0.0299,0.0092,0.0096,0.896,0.042,0.075,1.0,0.995
0.95,0.5,0.8,0.03,0.01,8,5,10,2.4673,0.78,32.766,0.0301,0.0099,0.0099,0.898,0.039,0.066,0.998,0.997
0.95,0.5,0.8,0.03,0.01,10,6,0,2.4673,0.78,40.706,0.0299,0.0088,0.0091,0.894,0.04,0.073,1.0,0.999
0.95,0.5,0.8,0.03,0.01,10,6,5,2.4673,0.78,36.281,0.03,0.0094,0.0096,0.88,0.043,0.077,1.0,0.997
0.95,0.5,0.8,0.03,0.01,10,6,10,2.4673,0.78,31.868,0.0301,0.01,0.0103,0.888,0.043,0.072,0.999,0.997
0.95,0.5,0.8,0.03,0.02,0,0,0,2.4673,0.78,46.0,0.03,0.0084,0.0091,0.864,0.049,0.082,1.0,0.999
0.95,0.5,0.8,0.03,0.02,0,0,5,2.4673,0.78,41.58,0.0299,0.0088,0.0097,0.861,0.049,0.087,0.999,0.999
0.95,0.5,0.8,0.03,0.02,0,0,10,2.4673,0.78,37.131,0.03,0.0094,0.0102,0.863,0.046,0.087,0.999,0.996
0.95,0.5,0.8,0.03,0.02,6,4,0,2.4673,0.78,42.459,0.0299,0.0087,0.0097,0.851,0.046,0.094,0.999,0.997
0.95,0.5,0.8,0.03,0.02,6,4,5,2.4673,0.78,38.018,0.0301,0.0092,0.0104,0.851,0.051,0.09,0.997,0.997
0.95,0.5,0.8,0.03,0.02,6,4,10,2.4673,0.78,33.627,0.0299,0.0097,0.0108,0.863,0.058,0.094,0.995,0.996
0.95,0.5,0.8,0.03,0.02,8,5,0,2.4673,0.78,41.577,0.0299,0.0088,0.0097,0.862,0.05,0.093,1.0,0.998
0.95,0.5,0.8,0.03,0.02,8,5,5,2.4673,0.78,37.171,0.03,0.0094,0.0105,0.855,0.05,0.094,0.997,0.996
0.95,0.5,0.8,0.03,0.02,8,5,10,2.4673,0.78,32.762,0.0301,0.0099,0.011,0.862,0.034,0.081,0.996,0.994
0.95,0.5,0.8,0.03,0.02,10,6,0,2.4673,0.78,40.705,0.0301,0.0089,0.0096,0.875,0.047,0.083,1.0,0.998
0.95,0.5,0.8,0.03,0.02,10,6,5,2.4673,0.78,36.248,0.0299,0.0094,0.0104,0.86,0.058,0.102,0.999,0.996
0.95,0.5,0.8,0.03,0.02,10,6,10,2.4673,0.78,31.842,0.03,0.0099,0.0111,0.857,0.044,0.098,0.989,0.988
0.95,0.5,0.9,0.0,0.0,0,0,0,2.4673,0.1335,46.0,0.0002,0.0101,0.0099,0.913,0.999,0.99,0.019,0.03
0.95,0.5,0.9,0.0,0.0,0,0,5,2.4673,0.1335,41.569,0.0002,0.0106,0.0106,0.91,0.997,0.981,0.019,0.04
0.95,0.5,0.9,0.0,0.0,0,0,10,2.4673,0.1335,37.106,0.0003,0.0112,0.011,0.906,0.995,0.978,0.017,0.042
0.95,0.5,0.9,0.0,0.0,6,4,0,2.4673,0.1335,42.476,0.0002,0.0105,0.0104,0.912,0.998,0.98,0.019,0.036
0.95,0.5,0.9,0.0,0.0,6,4,5,2.4673,0.1335,38.024,0.0002,0.0111,0.011,0.915,0.994,0.975,0.02,0.036
0.95,0.5,0.9,0.0,0.0,6,4,10,2.4673,0.1335,33.588,0.0003,0.0118,0.0119,0.907,0.982,0.951,0.016,0.038
0.95,0.5,0.9,0.0,0.0,8,5,0,2.4673,0.1335,41.596,0.0003,0.0106,0.0105,0.913,0.997,0.979,0.017,0.039
0.95,0.5,0.9,0.0,0.0,8,5,5,2.4673,0.1335,37.123,0.0001,0.0112,0.011,0.915,0.996,0.975,0.021,0.039
0.95,0.5,0.9,0.0,0.0,8,5,10,2.4673,0.1335,32.795,0.0001,0.0118,0.0123,0.895,0.981,0.955,0.012,0.04
0.95,0.5,0.9,0.0,0.0,10,6,0,2.4673,0.1335,40.677,0.0002,0.0107,0.0105,0.914,0.998,0.98,0.016,0.039
0.95,0.5,0.9,0.0,0.0,10,6,5,2.4673,0.1335,36.266,0.0001,0.0114,0.0114,0.908,0.992,0.966,0.015,0.038
0.95,0.5,0.9,0.0,0.0,10,6,10,2.4673,0.1335,31.878,0.0002,0.0121,0.0117,0.913,0.988,0.955,0.016,0.039
0.95,0.5,0.9,0.0,0.01,0,0,0,2.4673,0.1335,46.0,0.0001,0.0102,0.0102,0.901,0.998,0.989,0.018,0.041
0.95,0.5,0.9,0.0,0.01,0,0,5,2.4673,0.1335,41.566,0.0002,0.0107,0.0106,0.9,0.996,0.982,0.014,0.038
0.95,0.5,0.9,0.0,0.01,0,0,10,2.4673,0.1335,37.196,0.0001,0.0112,0.0112,0.901,0.99,0.969,0.017,0.039
0.95,0.5,0.9,0.0,0.01,6,4,0,2.4673,0.1335,42.464,0.0004,0.0105,0.0107,0.892,0.995,0.98,0.022,0.044
0.95,0.5,0.9,0.0,0.01,6,4,5,2.4673,0.1335,38.035,0.0002,0.011,0.0114,0.893,0.99,0.971,0.02,0.04
0.95,0.5,0.9,0.0,0.01,6,4,10,2.4673,0.1335,33.618,0.0002,0.0119,0.0126,0.872,0.977,0.954,0.016,0.056
0.95,0.5,0.9,0.0,0.01,8,5,0,2.4673,0.1335,41.587,0.0001,0.0106,0.0109,0.898,0.996,0.978,0.018,0.042
0.95,0.5,0.9,0.0,0.01,8,5,5,2.4673,0.1335,37.152,0.0002,0.0113,0.0115,0.912,0.99,0.971,0.019,0.042
0.95,0.5,0.9,0.0,0.01,8,5,10,2.4673,0.1335,32.72,0.0001,0.012,0.0118,0.913,0.993,0.969,0.02,0.039
0.95,0.5,0.9,0.0,0.01,10,6,0,2.4673,0.1335,40.679,0.0003,0.0107,0.0109,0.887,0.997,0.978,0.02,0.045
0.95,0.5,0.9,0.0,0.01,10,6,5,2.4673,0.1335,36.279,0.0001,0.0113,0.0116,0.893,0.991,0.967,0.023,0.042
0.95,0.5,0.9,0.0,0.01,10,6,10,2.4673,0.1335,31.867,0.0001,0.0121,0.0123,0.893,0.98,0.95,0.015,0.045
0.95,0.5,0.9,0.0,0.02,0,0,0,2.4673,0.1335,46.0,0.0001,0.0102,0.0111,0.866,0.995,0.987,0.02,0.051
0.95,0.5,0.9,0.0,0.02,0,0,5,2.4673,0.1335,41.578,0.0003,0.0108,0.0114,0.875,0.991,0.981,0.025,0.053
0.95,0.5,0.9,0.0,0.02,0,0,10,2.4673,0.1335,37.147,0.0002,0.0114,0.0123,0.869,0.982,0.965,0.014,0.058
0.95,0.5,0.9,0.0,0.02,6,4,0,2.4673,0.1335,42.46,0.0001,0.0106,0.0114,0.884,0.992,0.98,0.016,0.049
0.95,0.5,0.9,0.0,0.02,6,4,5,2.4673,0.1335,38.046,0.0003,0.0112,0.0121,0.882,0.981,0.967,0.02,0.046
0.95,0.5,0.9,0.0,0.02,6,4,10,2.4673,0.1335,33.616,0.0002,0.0118,0.0129,0.861,0.967,0.951,0.017,0.061
0.95,0.5,0.9,0.0,0.02,8,5,0,2.4673,0.1335,41.582,0.0002,0.0107,0.0118,0.872,0.989,0.977,0.017,0.06
0.95,0.5,0.9,0.0,0.02,8,5,5,2.4673,0.1335,37.168,0.0001,0.0114,0.0123,0.888,0.976,0.964,0.022,0.041
0.95,0.5,0.9,0.0,0.02,8,5,10,2.4673,0.1335,32.689,0.0003,0.012,0.0127,0.871,0.972,0.95,0.021,0.058
0.95,0.5,0.9,0.0,0.02,10,6,0,2.4673,0.1335,40.706,0.0001,0.0108,0.0115,0.865,0.99,0.976,0.027,0.058
0.95,0.5,0.9,0.0,0.02,10,6,5,2.4673,0.1335,36.219,0.0003,0.0114,0.0125,0.862,0.976,0.963,0.025,0.066
0.95,0.5,0.9,0.0,0.02,10,6,10,2.4673,0.1335,31.856,0.0002,0.0123,0.0136,0.857,0.956,0.933,0.02,0.061
0.95,0.5,0.9,0.03,0.0,0,0,0,2.4673,0.78,46.0,0.0299,0.008,0.0081,0.897,0.047,0.075,1.0,1.0
0.95,0.5,0.9,0.03,0.0,0,0,5,2.4673,0.78,41.558,0.0299,0.0084,0.0085,0.902,0.051,0.073,1.0,1.0
0.95,0.5,0.9,0.03,0.0,0,0,10,2.4673,0.78,37.113,0.0299,0.0089,0.0091,0.893,0.043,0.078,1.0,1.0
0.95,0.5,0.9,0.03,0.0,6,4,0,2.4673,0.78,42.483,0.03,0.0083,0.0084,0.902,0.049,0.066,1.0,1.0
0.95,0.5,0.9,0.03,0.0,6,4,5,2.4673,0.78,38.085,0.0299,0.0087,0.009,0.88,0.046,0.088,0.999,1.0
0.95,0.5,0.9,0.03,0.0,6,4,10,2.4673,0.78,33.561,0.0298,0.0092,0.0096,0.887,0.048,0.088,1.0,0.998
0.95,0.5,0.9,0.03,0.0,8,5,0,2.4673,0.78,41.572,0.0298,0.0084,0.0083,0.903,0.044,0.072,1.0,0.999
0.95,0.5,0.9,0.03,0.0,8,5,5,2.4673,0.78,37.155,0.0298,0.0089,0.009,0.9,0.048,0.076,1.0,0.999
0.95,0.5,0.9,0.03,0.0,8,5,10,2.4673,0.78,32.772,0.0299,0.0095,0.0097,0.889,0.045,0.085,1.0,0.998
0.95,0.5,0.9,0.03,0.0,10,6,0,2.4673,0.78,40.701,0.0298,0.0085,0.0087,0.889,0.042,0.085,1.0,1.0
0.95,0.5,0.9,0.03,0.0,10,6,5,2.4673,0.78,36.293,0.0298,0.0089,0.0091,0.892,0.046,0.08,1.0,0.999
0.95,0.5,0.9,0.03,0.0,10,6,10,2.4673,0.78,31.879,0.0297,0.0095,0.0097,0.878,0.051,0.09,1.0,0.997
0.95,0.5,0.9,0.03,0.01,0,0,0,2.4673,0.78,46.0,0.0299,0.008,0.0083,0.892,0.043,0.073,1.0,0.999
0.95,0.5,0.9,0.03,0.01,0,0,5,2.4673,0.78,41.555,0.0298,0.0085,0.0088,0.89,0.045,0.08,1.0,1.0
0.95,0.5,0.9,0.03,0.01,0,0,10,2.4673,0.78,37.098,0.0299,0.0089,0.0093,0.881,0.053,0.084,0.999,0.999
0.95,0.5,0.9,0.03,0.01,6,4,0,2.4673,0.78,42.462,0.0298,0.0084,0.009,0.872,0.054,0.094,1.0,1.0
0.95,0.5,0.9,0.03,0.01,6,4,5,2.4673,0.78,37.997,0.0298,0.0089,0.0093,0.883,0.045,0.079,1.0,0.999
0.95,0.5,0.9,0.03,0.01,6,4,10,2.4673,0.78,33.649,0.0299,0.0094,0.01,0.876,0.047,0.091,1.0,0.997
0.95,0.5,0.9,0.03,0.01,8,5,0,2.4673,0.78,41.599,0.0299,0.0085,0.009,0.872,0.051,0.094,1.0,0.999
0.95,0.5,0.9,0.03,0.01,8,5,5,2.4673,0.78,37.129,0.03,0.0089,0.0094,0.884,0.052,0.076,1.0,0.999
0.95,0.5,0.9,0.03,0.01,8,5,10,2.4673,0.78,32.754,0.0297,0.0093,0.0101,0.869,0.05,0.099,0.999,0.995
0.95,0.5,0.9,0.03,0.01,10,6,0,2.4673,0.78,40.708,0.0299,0.0085,0.009,0.874,0.051,0.09,1.0,0.999
0.95,0.5,0.9,0.03,0.01,10,6,5,2.4673,0.78,36.229,0.0299,0.0089,0.0095,0.877,0.045,0.093,1.0,1.0
0.95,0.5,0.9,0.03,0.01,10,6,10,2.4673,0.78,31.828,0.0299,0.0096,0.01,0.89,0.045,0.084,0.999,0.996
0.95,0.5,0.9,0.03,0.02,0,0,0,2.4673,0.78,46.0,0.03,0.0081,0.0096,0.826,0.047,0.103,1.0,1.0
0.95,0.5,0.9,0.03,0.02,0,0,5,2.4673,0.78,41.532,0.0299,0.0086,0.0099,0.847,0.053,0.1,0.999,0.999
0.95,0.5,0.9,0.03,0.02,0,0,10,2.4673,0.78,37.143,0.0294,0.0089,0.0102,0.845,0.061,0.114,0.999,0.996
0.95,0.5,0.9,0.03,0.02,6,4,0,2.4673,0.78,42.475,0.0299,0.0084,0.0099,0.829,0.043,0.11,0.999,1.0
0.95,0.5,0.9,0.03,0.02,6,4,5,2.4673,0.78,38.067,0.0297,0.0089,0.0101,0.842,0.057,0.106,0.999,0.999
0.95,0.5,0.9,0.03,0.02,6,4,10,2.4673,0.78,33.598,0.0297,0.0094,0.0105,0.867,0.053,0.093,0.993,0.996
0.95,0.5,0.9,0.03,0.02,8,5,0,2.4673,0.78,41.593,0.03,0.0085,0.0097,0.837,0.051,0.1,1.0,1.0
0.95,0.5,0.9,0.03,0.02,8,5,5,2.4673,0.78,37.209,0.0299,0.009,0.0103,0.847,0.058,0.104,1.0,0.999
0.95,0.5,0.9,0.03,0.02,8,5,10,2.4673,0.78,32.712,0.0297,0.0095,0.0106,0.846,0.058,0.112,0.999,0.997
0.95,0.5,0.9,0.03,0.02,10,6,0,2.4673,0.78,40.692,0.0297,0.0086,0.0101,0.839,0.056,0.112,0.997,1.0
0.95,0.5,0.9,0.03,0.02,10,6,5,2.4673,0.78,36.267,0.0297,0.0091,0.0102,0.852,0.049,0.104,1.0,0.998
0.95,0.5,0.9,0.03,0.02,10,6,10,2.4673,0.78,31.842,0.0299,0.0097,0.011,0.856,0.048,0.1,0.991,0.995
