baseline_auroc,tau_g,r,true_delta,sigma_f,pilot,pilot_ied,qc_loss,mu_d,gamma,n_eligible_mean,estimate_mean,hw90_naive_median,hw90_honest,naive90_coverage,p_equiv_honest,p_equiv_naive,p_lb95_gt0_honest,p_lb95_gt0_naive
0.85,0.1,0.8,0.0,0.0,0,0,0,1.5547,0.0035,46.0,-0.0001,0.0138,0.0136,0.901,0.952,0.93,0.025,0.022
0.85,0.1,0.8,0.0,0.0,0,0,5,1.5547,0.0035,41.611,-0.0002,0.0145,0.0144,0.908,0.93,0.892,0.026,0.02
0.85,0.1,0.8,0.0,0.0,0,0,10,1.5547,0.0035,37.172,0.0002,0.0154,0.0152,0.898,0.887,0.852,0.022,0.023
0.85,0.1,0.8,0.0,0.0,6,4,0,1.5547,0.0035,42.453,-0.0,0.0143,0.014,0.907,0.94,0.911,0.024,0.017
0.85,0.1,0.8,0.0,0.0,6,4,5,1.5547,0.0035,38.03,-0.0001,0.0151,0.0151,0.899,0.889,0.849,0.026,0.017
0.85,0.1,0.8,0.0,0.0,6,4,10,1.5547,0.0035,33.629,-0.0001,0.0161,0.0161,0.913,0.85,0.795,0.024,0.015
0.85,0.1,0.8,0.0,0.0,8,5,0,1.5547,0.0035,41.575,-0.0002,0.0145,0.0143,0.914,0.938,0.901,0.023,0.019
0.85,0.1,0.8,0.0,0.0,8,5,5,1.5547,0.0035,37.128,-0.0002,0.0154,0.0152,0.912,0.895,0.859,0.031,0.026
0.85,0.1,0.8,0.0,0.0,8,5,10,1.5547,0.0035,32.686,-0.0002,0.0163,0.016,0.917,0.853,0.8,0.026,0.016
0.85,0.1,0.8,0.0,0.0,10,6,0,1.5547,0.0035,40.682,-0.0001,0.0147,0.0147,0.9,0.912,0.874,0.022,0.022
0.85,0.1,0.8,0.0,0.0,10,6,5,1.5547,0.0035,36.222,0.0002,0.0155,0.0153,0.903,0.886,0.839,0.031,0.016
0.85,0.1,0.8,0.0,0.0,10,6,10,1.5547,0.0035,31.824,-0.0005,0.0165,0.0169,0.892,0.803,0.772,0.022,0.02
0.85,0.1,0.8,0.0,0.01,0,0,0,1.5547,0.0035,46.0,-0.0002,0.0138,0.0137,0.898,0.948,0.921,0.023,0.018
0.85,0.1,0.8,0.0,0.01,0,0,5,1.5547,0.0035,41.572,-0.0002,0.0144,0.0144,0.899,0.927,0.884,0.021,0.016
0.85,0.1,0.8,0.0,0.01,0,0,10,1.5547,0.0035,37.143,-0.0003,0.0153,0.0148,0.912,0.909,0.865,0.026,0.017
0.85,0.1,0.8,0.0,0.01,6,4,0,1.5547,0.0035,42.419,-0.0001,0.0144,0.0142,0.908,0.93,0.893,0.021,0.016
0.85,0.1,0.8,0.0,0.01,6,4,5,1.5547,0.0035,38.074,-0.0003,0.0152,0.0153,0.906,0.891,0.861,0.019,0.024
0.85,0.1,0.8,0.0,0.01,6,4,10,1.5547,0.0035,33.628,0.0001,0.0162,0.0161,0.904,0.846,0.797,0.024,0.018
0.85,0.1,0.8,0.0,0.01,8,5,0,1.5547,0.0035,41.583,-0.0003,0.0146,0.0143,0.912,0.933,0.892,0.021,0.021
0.85,0.1,0.8,0.0,0.01,8,5,5,1.5547,0.0035,37.137,-0.0,0.0154,0.0153,0.909,0.887,0.84,0.027,0.022
0.85,0.1,0.8,0.0,0.01,8,5,10,1.5547,0.0035,32.749,-0.0004,0.0164,0.0167,0.892,0.807,0.782,0.019,0.026
0.85,0.1,0.8,0.0,0.01,10,6,0,1.5547,0.0035,40.678,-0.0001,0.0147,0.0147,0.901,0.913,0.875,0.025,0.021
0.85,0.1,0.8,0.0,0.01,10,6,5,1.5547,0.0035,36.267,-0.0001,0.0155,0.0156,0.91,0.874,0.833,0.026,0.024
0.85,0.1,0.8,0.0,0.01,10,6,10,1.5547,0.0035,31.892,-0.0001,0.0166,0.0167,0.91,0.819,0.783,0.029,0.024
0.85,0.1,0.8,0.0,0.02,0,0,0,1.5547,0.0035,46.0,-0.0001,0.0139,0.0143,0.884,0.92,0.907,0.03,0.029
0.85,0.1,0.8,0.0,0.02,0,0,5,1.5547,0.0035,41.555,0.0,0.0146,0.015,0.885,0.901,0.873,0.027,0.024
0.85,0.1,0.8,0.0,0.02,0,0,10,1.5547,0.0035,37.166,-0.0003,0.0152,0.0158,0.892,0.852,0.841,0.029,0.024
0.85,0.1,0.8,0.0,0.02,6,4,0,1.5547,0.0035,42.459,-0.0,0.0143,0.0152,0.883,0.884,0.882,0.031,0.034
0.85,0.1,0.8,0.0,0.02,6,4,5,1.5547,0.0035,38.047,0.0,0.0152,0.0154,0.896,0.883,0.85,0.023,0.023
0.85,0.1,0.8,0.0,0.02,6,4,10,1.5547,0.0035,33.607,0.0001,0.0161,0.0167,0.893,0.82,0.8,0.023,0.023
0.85,0.1,0.8,0.0,0.02,8,5,0,1.5547,0.0035,41.583,-0.0001,0.0145,0.0152,0.886,0.883,0.871,0.024,0.026
0.85,0.1,0.8,0.0,0.02,8,5,5,1.5547,0.0035,37.14,0.0001,0.0155,0.0157,0.898,0.863,0.829,0.023,0.028
0.85,0.1,0.8,0.0,0.02,8,5,10,1.5547,0.0035,32.702,0.0002,0.0163,0.0176,0.882,0.768,0.773,0.026,0.034
0.85,0.1,0.8,0.0,0.02,10,6,0,1.5547,0.0035,40.702,0.0,0.0147,0.0155,0.886,0.881,0.864,0.026,0.033
0.85,0.1,0.8,0.0,0.02,10,6,5,1.5547,0.0035,36.283,0.0002,0.0157,0.0162,0.894,0.844,0.828,0.032,0.028
0.85,0.1,0.8,0.0,0.02,10,6,10,1.5547,0.0035,31.829,-0.0002,0.0165,0.0173,0.896,0.788,0.769,0.022,0.021
0.85,0.1,0.8,0.03,0.0,0,0,0,1.5547,0.2117,46.0,0.03,0.0134,0.0133,0.904,0.047,0.058,0.962,0.956
0.85,0.1,0.8,0.03,0.0,0,0,5,1.5547,0.2117,41.583,0.03,0.0142,0.014,0.901,0.044,0.06,0.944,0.94
0.85,0.1,0.8,0.03,0.0,0,0,10,1.5547,0.2117,37.092,0.0299,0.0149,0.0148,0.912,0.049,0.055,0.92,0.915
0.85,0.1,0.8,0.03,0.0,6,4,0,1.5547,0.2117,42.462,0.03,0.0139,0.0139,0.893,0.048,0.066,0.947,0.941
0.85,0.1,0.8,0.03,0.0,6,4,5,1.5547,0.2117,38.053,0.0298,0.0148,0.0146,0.911,0.055,0.058,0.921,0.909
0.85,0.1,0.8,0.03,0.0,6,4,10,1.5547,0.2117,33.664,0.0301,0.0156,0.0154,0.902,0.043,0.06,0.894,0.881
0.85,0.1,0.8,0.03,0.0,8,5,0,1.5547,0.2117,41.588,0.0301,0.0141,0.0138,0.904,0.043,0.062,0.953,0.938
0.85,0.1,0.8,0.03,0.0,8,5,5,1.5547,0.2117,37.216,0.0298,0.0148,0.0147,0.896,0.056,0.066,0.913,0.915
0.85,0.1,0.8,0.03,0.0,8,5,10,1.5547,0.2117,32.706,0.0297,0.0158,0.0158,0.909,0.052,0.057,0.878,0.866
0.85,0.1,0.8,0.03,0.0,10,6,0,1.5547,0.2117,40.71,0.03,0.0142,0.0141,0.907,0.047,0.057,0.939,0.926
0.85,0.1,0.8,0.03,0.0,10,6,5,1.5547,0.2117,36.253,0.0299,0.015,0.015,0.909,0.047,0.051,0.915,0.892
0.85,0.1,0.8,0.03,0.0,10,6,10,1.5547,0.2117,31.854,0.0299,0.0161,0.0159,0.913,0.041,0.046,0.88,0.866
0.85,0.1,0.8,0.03,0.01,0,0,0,1.5547,0.2117,46.0,0.03,0.0134,0.0136,0.893,0.045,0.063,0.958,0.958
0.85,0.1,0.8,0.03,0.01,0,0,5,1.5547,0.2117,41.547,0.0301,0.014,0.0144,0.894,0.045,0.06,0.938,0.926
0.85,0.1,0.8,0.03,0.01,0,0,10,1.5547,0.2117,37.109,0.0301,0.0149,0.0148,0.898,0.043,0.06,0.93,0.911
0.85,0.1,0.8,0.03,0.01,6,4,0,1.5547,0.2117,42.479,0.03,0.014,0.0141,0.912,0.05,0.05,0.94,0.929
0.85,0.1,0.8,0.03,0.01,6,4,5,1.5547,0.2117,38.057,0.0301,0.0147,0.0148,0.902,0.043,0.048,0.932,0.921
0.85,0.1,0.8,0.03,0.01,6,4,10,1.5547,0.2117,33.634,0.0303,0.0157,0.0159,0.9,0.04,0.061,0.874,0.889
0.85,0.1,0.8,0.03,0.01,8,5,0,1.5547,0.2117,41.571,0.0301,0.0142,0.014,0.912,0.046,0.048,0.946,0.94
0.85,0.1,0.8,0.03,0.01,8,5,5,1.5547,0.2117,37.168,0.03,0.0149,0.0153,0.908,0.046,0.056,0.906,0.899
0.85,0.1,0.8,0.03,0.01,8,5,10,1.5547,0.2117,32.743,0.0299,0.016,0.0156,0.911,0.048,0.053,0.885,0.872
0.85,0.1,0.8,0.03,0.01,10,6,0,1.5547,0.2117,40.692,0.0301,0.0143,0.0145,0.892,0.044,0.067,0.925,0.925
0.85,0.1,0.8,0.03,0.01,10,6,5,1.5547,0.2117,36.273,0.0299,0.0151,0.0152,0.892,0.051,0.062,0.906,0.894
0.85,0.1,0.8,0.03,0.01,10,6,10,1.5547,0.2117,31.85,0.0303,0.0163,0.0165,0.902,0.043,0.056,0.854,0.863
0.85,0.1,0.8,0.03,0.02,0,0,0,1.5547,0.2117,46.0,0.0299,0.0136,0.0144,0.871,0.049,0.067,0.93,0.938
0.85,0.1,0.8,0.03,0.02,0,0,5,1.5547,0.2117,41.545,0.0298,0.0142,0.0147,0.892,0.049,0.067,0.916,0.921
0.85,0.1,0.8,0.03,0.02,0,0,10,1.5547,0.2117,37.161,0.0298,0.0149,0.0158,0.881,0.045,0.072,0.871,0.887
0.85,0.1,0.8,0.03,0.02,6,4,0,1.5547,0.2117,42.448,0.03,0.014,0.0146,0.896,0.049,0.059,0.925,0.923
0.85,0.1,0.8,0.03,0.02,6,4,5,1.5547,0.2117,38.011,0.03,0.0149,0.0156,0.891,0.049,0.063,0.893,0.901
0.85,0.1,0.8,0.03,0.02,6,4,10,1.5547,0.2117,33.621,0.0299,0.0158,0.0161,0.895,0.056,0.066,0.87,0.877
0.85,0.1,0.8,0.03,0.02,8,5,0,1.5547,0.2117,41.567,0.0302,0.0141,0.0148,0.894,0.039,0.058,0.923,0.933
0.85,0.1,0.8,0.03,0.02,8,5,5,1.5547,0.2117,37.153,0.0298,0.0149,0.0155,0.895,0.045,0.061,0.89,0.879
0.85,0.1,0.8,0.03,0.02,8,5,10,1.5547,0.2117,32.677,0.0298,0.0158,0.0167,0.88,0.046,0.07,0.842,0.851
0.85,0.1,0.8,0.03,0.02,10,6,0,1.5547,0.2117,40.683,0.0302,0.0143,0.0153,0.882,0.047,0.067,0.898,0.916
0.85,0.1,0.8,0.03,0.02,10,6,5,1.5547,0.2117,36.26,0.0304,0.0152,0.0157,0.895,0.045,0.053,0.892,0.898
0.85,0.1,0.8,0.03,0.02,10,6,10,1.5547,0.2117,31.906,0.0301,0.0162,0.0161,0.907,0.051,0.055,0.871,0.861
0.85,0.1,0.9,0.0,0.0,0,0,0,1.5547,0.0035,46.0,0.0002,0.0105,0.0107,0.909,0.998,0.991,0.032,0.035
0.85,0.1,0.9,0.0,0.0,0,0,5,1.5547,0.0035,41.54,0.0002,0.011,0.0112,0.897,0.993,0.986,0.03,0.032
0.85,0.1,0.9,0.0,0.0,0,0,10,1.5547,0.0035,37.15,0.0001,0.0116,0.0115,0.909,0.991,0.968,0.031,0.02
0.85,0.1,0.9,0.0,0.0,6,4,0,1.5547,0.0035,42.485,0.0002,0.0109,0.0112,0.903,0.992,0.987,0.033,0.031
0.85,0.1,0.9,0.0,0.0,6,4,5,1.5547,0.0035,37.999,0.0002,0.0116,0.0119,0.889,0.983,0.974,0.031,0.038
0.85,0.1,0.9,0.0,0.0,6,4,10,1.5547,0.0035,33.579,0.0,0.0122,0.0128,0.9,0.974,0.952,0.023,0.028
0.85,0.1,0.9,0.0,0.0,8,5,0,1.5547,0.0035,41.59,0.0002,0.011,0.0113,0.898,0.995,0.985,0.027,0.034
0.85,0.1,0.9,0.0,0.0,8,5,5,1.5547,0.0035,37.18,0.0003,0.0117,0.0118,0.91,0.989,0.97,0.032,0.025
0.85,0.1,0.9,0.0,0.0,8,5,10,1.5547,0.0035,32.734,0.0003,0.0125,0.0127,0.894,0.97,0.952,0.03,0.032
0.85,0.1,0.9,0.0,0.0,10,6,0,1.5547,0.0035,40.693,0.0003,0.0111,0.0114,0.892,0.989,0.982,0.035,0.035
0.85,0.1,0.9,0.0,0.0,10,6,5,1.5547,0.0035,36.256,0.0003,0.0118,0.0121,0.895,0.985,0.969,0.031,0.03
0.85,0.1,0.9,0.0,0.0,10,6,10,1.5547,0.0035,31.907,0.0003,0.0126,0.0126,0.91,0.975,0.944,0.027,0.019
0.85,0.1,0.9,0.0,0.01,0,0,0,1.5547,0.0035,46.0,0.0002,0.0106,0.0109,0.904,0.995,0.99,0.032,0.034
0.85,0.1,0.9,0.0,0.01,0,0,5,1.5547,0.0035,41.586,0.0004,0.0111,0.0113,0.9,0.992,0.984,0.027,0.034
0.85,0.1,0.9,0.0,0.01,0,0,10,1.5547,0.0035,37.127,0.0004,0.0116,0.0118,0.893,0.988,0.972,0.032,0.033
0.85,0.1,0.9,0.0,0.01,6,4,0,1.5547,0.0035,42.46,0.0001,0.0109,0.0113,0.889,0.992,0.986,0.028,0.033
0.85,0.1,0.9,0.0,0.01,6,4,5,1.5547,0.0035,38.007,0.0003,0.0116,0.012,0.895,0.984,0.968,0.035,0.038
0.85,0.1,0.9,0.0,0.01,6,4,10,1.5547,0.0035,33.648,0.0003,0.0122,0.0125,0.911,0.98,0.956,0.037,0.032
0.85,0.1,0.9,0.0,0.01,8,5,0,1.5547,0.0035,41.58,0.0002,0.0111,0.0115,0.879,0.988,0.979,0.032,0.033
0.85,0.1,0.9,0.0,0.01,8,5,5,1.5547,0.0035,37.152,0.0001,0.0116,0.0122,0.888,0.98,0.966,0.036,0.031
0.85,0.1,0.9,0.0,0.01,8,5,10,1.5547,0.0035,32.716,0.0004,0.0123,0.0128,0.893,0.97,0.952,0.033,0.032
0.85,0.1,0.9,0.0,0.01,10,6,0,1.5547,0.0035,40.677,0.0002,0.0111,0.0117,0.895,0.99,0.983,0.032,0.036
0.85,0.1,0.9,0.0,0.01,10,6,5,1.5547,0.0035,36.256,0.0002,0.0118,0.0121,0.901,0.982,0.962,0.031,0.023
0.85,0.1,0.9,0.0,0.01,10,6,10,1.5547,0.0035,31.808,0.0,0.0125,0.0134,0.886,0.96,0.941,0.026,0.033
0.85,0.1,0.9,0.0,0.02,0,0,0,1.5547,0.0035,46.0,0.0002,0.0107,0.0119,0.86,0.985,0.985,0.039,0.05
0.85,0.1,0.9,0.0,0.02,0,0,5,1.5547,0.0035,41.588,0.0002,0.0111,0.0125,0.865,0.976,0.973,0.026,0.039
0.85,0.1,0.9,0.0,0.02,0,0,10,1.5547,0.0035,37.118,0.0002,0.0117,0.013,0.872,0.961,0.953,0.028,0.043
0.85,0.1,0.9,0.0,0.02,6,4,0,1.5547,0.0035,42.438,0.0004,0.011,0.0125,0.872,0.978,0.972,0.031,0.045
0.85,0.1,0.9,0.0,0.02,6,4,5,1.5547,0.0035,38.028,0.0002,0.0115,0.0127,0.883,0.979,0.966,0.022,0.032
0.85,0.1,0.9,0.0,0.02,6,4,10,1.5547,0.0035,33.601,0.0001,0.0125,0.0136,0.874,0.948,0.941,0.031,0.035
0.85,0.1,0.9,0.0,0.02,8,5,0,1.5547,0.0035,41.588,0.0001,0.0111,0.0124,0.889,0.975,0.975,0.028,0.038
0.85,0.1,0.9,0.0,0.02,8,5,5,1.5547,0.0035,37.118,0.0001,0.0119,0.0133,0.851,0.955,0.946,0.034,0.046
0.85,0.1,0.9,0.0,0.02,8,5,10,1.5547,0.0035,32.728,0.0,0.0126,0.0136,0.88,0.953,0.935,0.024,0.032
0.85,0.1,0.9,0.0,0.02,10,6,0,1.5547,0.0035,40.684,0.0001,0.0112,0.0122,0.87,0.984,0.973,0.03,0.04
0.85,0.1,0.9,0.0,0.02,10,6,5,1.5547,0.0035,36.324,0.0002,0.0119,0.0129,0.875,0.966,0.962,0.032,0.034
0.85,0.1,0.9,0.0,0.02,10,6,10,1.5547,0.0035,31.904,-0.0,0.0126,0.0135,0.88,0.957,0.942,0.03,0.041
0.85,0.1,0.9,0.03,0.0,0,0,0,1.5547,0.2117,46.0,0.0297,0.0104,0.0103,0.908,0.051,0.062,0.999,0.997
0.85,0.1,0.9,0.03,0.0,0,0,5,1.5547,0.2117,41.56,0.0299,0.0109,0.0111,0.902,0.044,0.068,0.995,0.993
0.85,0.1,0.9,0.03,0.0,0,0,10,1.5547,0.2117,37.139,0.0297,0.0116,0.0117,0.902,0.049,0.06,0.991,0.987
0.85,0.1,0.9,0.03,0.0,6,4,0,1.5547,0.2117,42.486,0.0298,0.0108,0.0108,0.897,0.05,0.069,0.997,0.995
0.85,0.1,0.9,0.03,0.0,6,4,5,1.5547,0.2117,38.013,0.0298,0.0114,0.0115,0.911,0.046,0.057,0.99,0.985
0.85,0.1,0.9,0.03,0.0,6,4,10,1.5547,0.2117,33.656,0.03,0.0121,0.0121,0.901,0.037,0.06,0.981,0.976
0.85,0.1,0.9,0.03,0.0,8,5,0,1.5547,0.2117,41.559,0.0296,0.011,0.0108,0.907,0.05,0.064,0.999,0.994
0.85,0.1,0.9,0.03,0.0,8,5,5,1.5547,0.2117,37.141,0.0295,0.0116,0.0115,0.899,0.053,0.067,0.991,0.984
0.85,0.1,0.9,0.03,0.0,8,5,10,1.5547,0.2117,32.676,0.0299,0.0122,0.0125,0.902,0.058,0.067,0.976,0.976
0.85,0.1,0.9,0.03,0.0,10,6,0,1.5547,0.2117,40.68,0.0297,0.0111,0.0112,0.894,0.043,0.07,0.995,0.992
0.85,0.1,0.9,0.03,0.0,10,6,5,1.5547,0.2117,36.19,0.0297,0.0118,0.0116,0.903,0.046,0.07,0.986,0.984
0.85,0.1,0.9,0.03,0.0,10,6,10,1.5547,0.2117,31.866,0.0298,0.0125,0.0123,0.912,0.053,0.055,0.987,0.972
0.85,0.1,0.9,0.03,0.01,0,0,0,1.5547,0.2117,46.0,0.0298,0.0104,0.0106,0.898,0.052,0.064,0.997,0.998
0.85,0.1,0.9,0.03,0.01,0,0,5,1.5547,0.2117,41.587,0.0297,0.011,0.0113,0.889,0.054,0.075,0.993,0.993
0.85,0.1,0.9,0.03,0.01,0,0,10,1.5547,0.2117,37.196,0.0297,0.0116,0.0119,0.895,0.053,0.071,0.981,0.981
0.85,0.1,0.9,0.03,0.01,6,4,0,1.5547,0.2117,42.468,0.0297,0.0109,0.0111,0.897,0.049,0.068,0.992,0.992
0.85,0.1,0.9,0.03,0.01,6,4,5,1.5547,0.2117,37.994,0.0297,0.0114,0.0117,0.894,0.05,0.074,0.991,0.989
0.85,0.1,0.9,0.03,0.01,6,4,10,1.5547,0.2117,33.644,0.0296,0.0121,0.0123,0.904,0.055,0.065,0.973,0.97
0.85,0.1,0.9,0.03,0.01,8,5,0,1.5547,0.2117,41.571,0.0297,0.011,0.0113,0.896,0.049,0.066,0.994,0.993
0.85,0.1,0.9,0.03,0.01,8,5,5,1.5547,0.2117,37.144,0.0297,0.0116,0.0121,0.886,0.043,0.071,0.988,0.986
0.85,0.1,0.9,0.03,0.01,8,5,10,1.5547,0.2117,32.723,0.0301,0.0123,0.0128,0.889,0.048,0.065,0.979,0.977
0.85,0.1,0.9,0.03,0.01,10,6,0,1.5547,0.2117,40.684,0.0299,0.0111,0.0115,0.895,0.052,0.065,0.992,0.99
0.85,0.1,0.9,0.03,0.01,10,6,5,1.5547,0.2117,36.268,0.0297,0.0117,0.0119,0.896,0.057,0.067,0.988,0.981
0.85,0.1,0.9,0.03,0.01,10,6,10,1.5547,0.2117,31.845,0.0297,0.0125,0.0128,0.894,0.048,0.073,0.973,0.975
0.85,0.1,0.9,0.03,0.02,0,0,0,1.5547,0.2117,46.0,0.0298,0.0105,0.0113,0.877,0.048,0.078,0.99,0.992
0.85,0.1,0.9,0.03,0.02,0,0,5,1.5547,0.2117,41.604,0.0297,0.011,0.012,0.874,0.046,0.072,0.986,0.988
0.85,0.1,0.9,0.03,0.02,0,0,10,1.5547,0.2117,37.137,0.0297,0.0118,0.0125,0.883,0.052,0.071,0.978,0.976
0.85,0.1,0.9,0.03,0.02,6,4,0,1.5547,0.2117,42.465,0.0299,0.011,0.0115,0.884,0.057,0.074,0.99,0.99
0.85,0.1,0.9,0.03,0.02,6,4,5,1.5547,0.2117,38.066,0.0298,0.0115,0.0128,0.873,0.046,0.078,0.975,0.982
0.85,0.1,0.9,0.03,0.02,6,4,10,1.5547,0.2117,33.641,0.0299,0.0122,0.0134,0.861,0.051,0.088,0.959,0.961
0.85,0.1,0.9,0.03,0.02,8,5,0,1.5547,0.2117,41.568,0.0296,0.0111,0.012,0.872,0.054,0.079,0.985,0.983
0.85,0.1,0.9,0.03,0.02,8,5,5,1.5547,0.2117,37.142,0.0298,0.0117,0.0128,0.867,0.051,0.086,0.972,0.975
0.85,0.1,0.9,0.03,0.02,8,5,10,1.5547,0.2117,32.68,0.0299,0.0125,0.0129,0.889,0.039,0.068,0.975,0.975
0.85,0.1,0.9,0.03,0.02,10,6,0,1.5547,0.2117,40.683,0.0298,0.0112,0.012,0.88,0.056,0.079,0.985,0.989
0.85,0.1,0.9,0.03,0.02,10,6,5,1.5547,0.2117,36.272,0.03,0.0118,0.0127,0.878,0.051,0.071,0.971,0.979
0.85,0.1,0.9,0.03,0.02,10,6,10,1.5547,0.2117,31.886,0.03,0.0126,0.0133,0.878,0.046,0.07,0.966,0.965
0.85,0.25,0.8,0.0,0.0,0,0,0,1.5547,0.0214,46.0,-0.0,0.0165,0.0162,0.9,0.845,0.807,0.026,0.032
0.85,0.25,0.8,0.0,0.0,0,0,5,1.5547,0.0214,41.559,-0.0001,0.0174,0.0169,0.9,0.789,0.756,0.024,0.027
0.85,0.25,0.8,0.0,0.0,0,0,10,1.5547,0.0214,37.138,-0.0001,0.0184,0.0186,0.895,0.708,0.682,0.026,0.03
0.85,0.25,0.8,0.0,0.0,6,4,0,1.5547,0.0214,42.457,-0.0002,0.0172,0.017,0.903,0.805,0.759,0.025,0.028
0.85,0.25,0.8,0.0,0.0,6,4,5,1.5547,0.0214,38.022,0.0003,0.0182,0.0177,0.909,0.748,0.71,0.022,0.026
0.85,0.25,0.8,0.0,0.0,6,4,10,1.5547,0.0214,33.649,-0.0001,0.0193,0.0197,0.894,0.648,0.645,0.031,0.036
0.85,0.25,0.8,0.0,0.0,8,5,0,1.5547,0.0214,41.635,-0.0002,0.0175,0.0167,0.893,0.818,0.758,0.028,0.029
0.85,0.25,0.8,0.0,0.0,8,5,5,1.5547,0.0214,37.191,-0.0002,0.0185,0.0184,0.895,0.734,0.693,0.029,0.032
0.85,0.25,0.8,0.0,0.0,8,5,10,1.5547,0.0214,32.746,0.0002,0.0196,0.0189,0.907,0.684,0.635,0.028,0.023
0.85,0.25,0.8,0.0,0.0,10,6,0,1.5547,0.0214,40.681,0.0002,0.0176,0.0174,0.895,0.765,0.742,0.025,0.028
0.85,0.25,0.8,0.0,0.0,10,6,5,1.5547,0.0214,36.296,-0.0,0.0187,0.0184,0.898,0.699,0.652,0.022,0.028
0.85,0.25,0.8,0.0,0.0,10,6,10,1.5547,0.0214,31.876,-0.0004,0.02,0.0201,0.892,0.598,0.578,0.022,0.033
0.85,0.25,0.8,0.0,0.01,0,0,0,1.5547,0.0214,46.0,-0.0,0.0166,0.0162,0.896,0.843,0.812,0.027,0.029
0.85,0.25,0.8,0.0,0.01,0,0,5,1.5547,0.0214,41.575,-0.0001,0.0175,0.0172,0.901,0.785,0.754,0.02,0.025
0.85,0.25,0.8,0.0,0.01,0,0,10,1.5547,0.0214,37.161,0.0003,0.0185,0.019,0.893,0.675,0.674,0.027,0.032
0.85,0.25,0.8,0.0,0.01,6,4,0,1.5547,0.0214,42.459,-0.0001,0.0172,0.0171,0.892,0.789,0.761,0.024,0.03
0.85,0.25,0.8,0.0,0.01,6,4,5,1.5547,0.0214,37.992,0.0001,0.0181,0.018,0.903,0.74,0.695,0.029,0.028
0.85,0.25,0.8,0.0,0.01,6,4,10,1.5547,0.0214,33.574,0.0004,0.0192,0.0194,0.897,0.636,0.621,0.024,0.036
0.85,0.25,0.8,0.0,0.01,8,5,0,1.5547,0.0214,41.599,-0.0001,0.0174,0.0169,0.902,0.806,0.765,0.029,0.026
0.85,0.25,0.8,0.0,0.01,8,5,5,1.5547,0.0214,37.183,0.0001,0.0185,0.0183,0.9,0.71,0.687,0.025,0.026
0.85,0.25,0.8,0.0,0.01,8,5,10,1.5547,0.0214,32.762,-0.0002,0.0195,0.0198,0.899,0.606,0.584,0.028,0.029
0.85,0.25,0.8,0.0,0.01,10,6,0,1.5547,0.0214,40.682,-0.0002,0.0176,0.0176,0.891,0.746,0.735,0.022,0.027
0.85,0.25,0.8,0.0,0.01,10,6,5,1.5547,0.0214,36.305,-0.0003,0.0186,0.0182,0.899,0.728,0.682,0.025,0.031
0.85,0.25,0.8,0.0,0.01,10,6,10,1.5547,0.0214,31.82,0.0001,0.02,0.0198,0.901,0.623,0.589,0.029,0.029
0.85,0.25,0.8,0.0,0.02,0,0,0,1.5547,0.0214,46.0,-0.0001,0.0166,0.0169,0.896,0.801,0.803,0.029,0.032
0.85,0.25,0.8,0.0,0.02,0,0,5,1.5547,0.0214,41.55,-0.0,0.0175,0.0179,0.878,0.742,0.734,0.027,0.042
0.85,0.25,0.8,0.0,0.02,0,0,10,1.5547,0.0214,37.129,-0.0002,0.0185,0.0186,0.899,0.694,0.672,0.03,0.032
0.85,0.25,0.8,0.0,0.02,6,4,0,1.5547,0.0214,42.461,0.0,0.0173,0.0172,0.902,0.765,0.744,0.023,0.031
0.85,0.25,0.8,0.0,0.02,6,4,5,1.5547,0.0214,38.029,-0.0,0.0183,0.0187,0.89,0.694,0.683,0.027,0.039
0.85,0.25,0.8,0.0,0.02,6,4,10,1.5547,0.0214,33.635,0.0,0.0194,0.0198,0.895,0.605,0.583,0.03,0.033
0.85,0.25,0.8,0.0,0.02,8,5,0,1.5547,0.0214,41.553,0.0,0.0175,0.0179,0.887,0.741,0.726,0.024,0.033
0.85,0.25,0.8,0.0,0.02,8,5,5,1.5547,0.0214,37.193,-0.0,0.0186,0.0186,0.904,0.687,0.682,0.025,0.025
0.85,0.25,0.8,0.0,0.02,8,5,10,1.5547,0.0214,32.702,-0.0002,0.0198,0.0203,0.897,0.564,0.567,0.019,0.027
0.85,0.25,0.8,0.0,0.02,10,6,0,1.5547,0.0214,40.656,0.0,0.0177,0.0178,0.889,0.755,0.719,0.027,0.029
0.85,0.25,0.8,0.0,0.02,10,6,5,1.5547,0.0214,36.271,-0.0004,0.0186,0.0192,0.889,0.65,0.646,0.023,0.033
0.85,0.25,0.8,0.0,0.02,10,6,10,1.5547,0.0214,31.833,-0.0003,0.02,0.0199,0.91,0.595,0.568,0.026,0.032
0.85,0.25,0.8,0.03,0.0,0,0,0,1.5547,0.2321,46.0,0.03,0.0158,0.016,0.893,0.05,0.058,0.874,0.881
0.85,0.25,0.8,0.03,0.0,0,0,5,1.5547,0.2321,41.538,0.0301,0.0166,0.0166,0.895,0.057,0.066,0.851,0.855
0.85,0.25,0.8,0.03,0.0,0,0,10,1.5547,0.2321,37.159,0.0301,0.0175,0.0178,0.888,0.049,0.063,0.796,0.797
0.85,0.25,0.8,0.03,0.0,6,4,0,1.5547,0.2321,42.463,0.0301,0.0164,0.0167,0.892,0.052,0.064,0.843,0.855
0.85,0.25,0.8,0.03,0.0,6,4,5,1.5547,0.2321,38.046,0.0302,0.0173,0.0172,0.907,0.044,0.054,0.816,0.811
0.85,0.25,0.8,0.03,0.0,6,4,10,1.5547,0.2321,33.623,0.03,0.0183,0.0186,0.893,0.047,0.059,0.76,0.76
0.85,0.25,0.8,0.03,0.0,8,5,0,1.5547,0.2321,41.598,0.0302,0.0166,0.0168,0.897,0.053,0.056,0.843,0.842
0.85,0.25,0.8,0.03,0.0,8,5,5,1.5547,0.2321,37.183,0.0299,0.0176,0.018,0.894,0.043,0.061,0.769,0.789
0.85,0.25,0.8,0.03,0.0,8,5,10,1.5547,0.2321,32.704,0.0302,0.0187,0.0194,0.883,0.05,0.069,0.724,0.74
0.85,0.25,0.8,0.03,0.0,10,6,0,1.5547,0.2321,40.665,0.0301,0.0168,0.0172,0.88,0.048,0.067,0.818,0.824
0.85,0.25,0.8,0.03,0.0,10,6,5,1.5547,0.2321,36.299,0.0301,0.0177,0.0178,0.901,0.047,0.057,0.796,0.792
0.85,0.25,0.8,0.03,0.0,10,6,10,1.5547,0.2321,31.826,0.0299,0.019,0.019,0.894,0.049,0.057,0.741,0.733
0.85,0.25,0.8,0.03,0.01,0,0,0,1.5547,0.2321,46.0,0.03,0.0158,0.0162,0.892,0.051,0.06,0.864,0.878
0.85,0.25,0.8,0.03,0.01,0,0,5,1.5547,0.2321,41.564,0.0301,0.0167,0.0169,0.895,0.044,0.056,0.839,0.85
0.85,0.25,0.8,0.03,0.01,0,0,10,1.5547,0.2321,37.152,0.0302,0.0174,0.018,0.892,0.046,0.06,0.788,0.805
0.85,0.25,0.8,0.03,0.01,6,4,0,1.5547,0.2321,42.467,0.03,0.0164,0.0168,0.879,0.053,0.065,0.84,0.848
0.85,0.25,0.8,0.03,0.01,6,4,5,1.5547,0.2321,38.063,0.0302,0.0173,0.0178,0.887,0.045,0.064,0.79,0.802
0.85,0.25,0.8,0.03,0.01,6,4,10,1.5547,0.2321,33.624,0.0301,0.0184,0.0189,0.892,0.048,0.061,0.746,0.763
0.85,0.25,0.8,0.03,0.01,8,5,0,1.5547,0.2321,41.551,0.0299,0.0166,0.0168,0.891,0.05,0.065,0.829,0.831
0.85,0.25,0.8,0.03,0.01,8,5,5,1.5547,0.2321,37.159,0.0299,0.0176,0.0178,0.891,0.047,0.063,0.776,0.795
0.85,0.25,0.8,0.03,0.01,8,5,10,1.5547,0.2321,32.766,0.0301,0.0186,0.0189,0.898,0.044,0.056,0.732,0.748
0.85,0.25,0.8,0.03,0.01,10,6,0,1.5547,0.2321,40.658,0.0299,0.0168,0.017,0.896,0.051,0.062,0.835,0.834
0.85,0.25,0.8,0.03,0.01,10,6,5,1.5547,0.2321,36.267,0.03,0.0179,0.0179,0.906,0.044,0.052,0.782,0.792
0.85,0.25,0.8,0.03,0.01,10,6,10,1.5547,0.2321,31.799,0.0301,0.0191,0.0193,0.903,0.048,0.057,0.716,0.73
0.85,0.25,0.8,0.03,0.02,0,0,0,1.5547,0.2321,46.0,0.03,0.0159,0.0165,0.882,0.05,0.07,0.846,0.864
0.85,0.25,0.8,0.03,0.02,0,0,5,1.5547,0.2321,41.57,0.0301,0.0167,0.0175,0.88,0.048,0.063,0.81,0.832
0.85,0.25,0.8,0.03,0.02,0,0,10,1.5547,0.2321,37.17,0.0299,0.0176,0.0187,0.88,0.058,0.074,0.76,0.791
0.85,0.25,0.8,0.03,0.02,6,4,0,1.5547,0.2321,42.443,0.0302,0.0165,0.0176,0.884,0.053,0.062,0.809,0.834
0.85,0.25,0.8,0.03,0.02,6,4,5,1.5547,0.2321,38.013,0.0302,0.0175,0.0178,0.888,0.047,0.057,0.789,0.795
0.85,0.25,0.8,0.03,0.02,6,4,10,1.5547,0.2321,33.621,0.0301,0.0184,0.0189,0.894,0.052,0.057,0.749,0.761
0.85,0.25,0.8,0.03,0.02,8,5,0,1.5547,0.2321,41.577,0.03,0.0167,0.0178,0.871,0.053,0.079,0.788,0.823
0.85,0.25,0.8,0.03,0.02,8,5,5,1.5547,0.2321,37.169,0.03,0.0176,0.0186,0.872,0.048,0.076,0.766,0.8
0.85,0.25,0.8,0.03,0.02,8,5,10,1.5547,0.2321,32.688,0.0304,0.0188,0.0195,0.886,0.041,0.05,0.719,0.747
0.85,0.25,0.8,0.03,0.02,10,6,0,1.5547,0.2321,40.676,0.03,0.0168,0.0174,0.883,0.044,0.062,0.802,0.831
0.85,0.25,0.8,0.03,0.02,10,6,5,1.5547,0.2321,36.274,0.0303,0.0179,0.0193,0.875,0.051,0.072,0.726,0.774
0.85,0.25,0.8,0.03,0.02,10,6,10,1.5547,0.2321,31.833,0.0299,0.0189,0.0196,0.879,0.049,0.069,0.718,0.729
0.85,0.25,0.9,0.0,0.0,0,0,0,1.5547,0.0214,46.0,-0.0002,0.014,0.0139,0.91,0.945,0.917,0.022,0.022
0.85,0.25,0.9,0.0,0.0,0,0,5,1.5547,0.0214,41.585,-0.0002,0.0149,0.0146,0.904,0.909,0.891,0.019,0.024
0.85,0.25,0.9,0.0,0.0,0,0,10,1.5547,0.0214,37.159,-0.0003,0.0157,0.0156,0.908,0.872,0.844,0.019,0.018
0.85,0.25,0.9,0.0,0.0,6,4,0,1.5547,0.0214,42.462,-0.0002,0.0147,0.0144,0.912,0.928,0.893,0.022,0.019
0.85,0.25,0.9,0.0,0.0,6,4,5,1.5547,0.0214,38.076,-0.0002,0.0155,0.0153,0.908,0.884,0.838,0.023,0.022
0.85,0.25,0.9,0.0,0.0,6,4,10,1.5547,0.0214,33.589,-0.0003,0.0164,0.0167,0.902,0.809,0.785,0.022,0.024
0.85,0.25,0.9,0.0,0.0,8,5,0,1.5547,0.0214,41.552,-0.0003,0.0148,0.0146,0.907,0.919,0.895,0.022,0.023
0.85,0.25,0.9,0.0,0.0,8,5,5,1.5547,0.0214,37.107,-0.0003,0.0156,0.0154,0.9,0.88,0.843,0.023,0.023
0.85,0.25,0.9,0.0,0.0,8,5,10,1.5547,0.0214,32.697,-0.0004,0.0168,0.016,0.918,0.857,0.794,0.028,0.023
0.85,0.25,0.9,0.0,0.0,10,6,0,1.5547,0.0214,40.683,-0.0002,0.015,0.0149,0.902,0.901,0.878,0.028,0.025
0.85,0.25,0.9,0.0,0.0,10,6,5,1.5547,0.0214,36.237,-0.0001,0.0159,0.0158,0.887,0.859,0.829,0.033,0.028
0.85,0.25,0.9,0.0,0.0,10,6,10,1.5547,0.0214,31.873,-0.0002,0.0168,0.0167,0.901,0.814,0.774,0.027,0.027
0.85,0.25,0.9,0.0,0.01,0,0,0,1.5547,0.0214,46.0,-0.0003,0.0141,0.0141,0.896,0.934,0.91,0.021,0.025
0.85,0.25,0.9,0.0,0.01,0,0,5,1.5547,0.0214,41.577,-0.0003,0.0148,0.0146,0.911,0.917,0.887,0.023,0.026
0.85,0.25,0.9,0.0,0.01,0,0,10,1.5547,0.0214,37.209,-0.0003,0.0155,0.0155,0.91,0.889,0.849,0.025,0.025
0.85,0.25,0.9,0.0,0.01,6,4,0,1.5547,0.0214,42.453,-0.0001,0.0147,0.0148,0.9,0.912,0.881,0.021,0.026
0.85,0.25,0.9,0.0,0.01,6,4,5,1.5547,0.0214,38.072,-0.0001,0.0154,0.0154,0.915,0.879,0.845,0.022,0.021
0.85,0.25,0.9,0.0,0.01,6,4,10,1.5547,0.0214,33.52,-0.0004,0.0165,0.0164,0.901,0.815,0.781,0.022,0.018
0.85,0.25,0.9,0.0,0.01,8,5,0,1.5547,0.0214,41.559,-0.0003,0.0148,0.015,0.902,0.907,0.881,0.021,0.022
0.85,0.25,0.9,0.0,0.01,8,5,5,1.5547,0.0214,37.138,-0.0002,0.0158,0.0156,0.906,0.874,0.828,0.022,0.022
0.85,0.25,0.9,0.0,0.01,8,5,10,1.5547,0.0214,32.764,-0.0001,0.0168,0.0169,0.909,0.797,0.766,0.026,0.028
0.85,0.25,0.9,0.0,0.01,10,6,0,1.5547,0.0214,40.679,-0.0002,0.0149,0.015,0.91,0.91,0.867,0.02,0.02
0.85,0.25,0.9,0.0,0.01,10,6,5,1.5547,0.0214,36.272,-0.0002,0.0159,0.0159,0.902,0.838,0.815,0.012,0.022
0.85,0.25,0.9,0.0,0.01,10,6,10,1.5547,0.0214,31.838,-0.0002,0.017,0.0175,0.885,0.752,0.733,0.023,0.031
0.85,0.25,0.9,0.0,0.02,0,0,0,1.5547,0.0214,46.0,-0.0003,0.0141,0.0148,0.886,0.909,0.899,0.019,0.028
0.85,0.25,0.9,0.0,0.02,0,0,5,1.5547,0.0214,41.598,-0.0003,0.0149,0.0157,0.874,0.851,0.851,0.021,0.032
0.85,0.25,0.9,0.0,0.02,0,0,10,1.5547,0.0214,37.149,-0.0004,0.0158,0.016,0.889,0.849,0.827,0.021,0.026
0.85,0.25,0.9,0.0,0.02,6,4,0,1.5547,0.0214,42.451,-0.0003,0.0147,0.0154,0.888,0.891,0.885,0.022,0.024
0.85,0.25,0.9,0.0,0.02,6,4,5,1.5547,0.0214,38.01,-0.0004,0.0155,0.0157,0.912,0.865,0.831,0.023,0.023
0.85,0.25,0.9,0.0,0.02,6,4,10,1.5547,0.0214,33.654,-0.0006,0.0167,0.0172,0.889,0.773,0.765,0.022,0.026
0.85,0.25,0.9,0.0,0.02,8,5,0,1.5547,0.0214,41.607,-0.0001,0.0149,0.0151,0.906,0.892,0.873,0.025,0.023
0.85,0.25,0.9,0.0,0.02,8,5,5,1.5547,0.0214,37.177,-0.0001,0.0157,0.0162,0.891,0.844,0.833,0.025,0.034
0.85,0.25,0.9,0.0,0.02,8,5,10,1.5547,0.0214,32.754,-0.0004,0.0169,0.0178,0.881,0.74,0.745,0.027,0.029
0.85,0.25,0.9,0.0,0.02,10,6,0,1.5547,0.0214,40.677,-0.0002,0.0151,0.0157,0.897,0.87,0.857,0.026,0.032
0.85,0.25,0.9,0.0,0.02,10,6,5,1.5547,0.0214,36.235,-0.0003,0.016,0.0166,0.894,0.822,0.811,0.022,0.028
0.85,0.25,0.9,0.0,0.02,10,6,10,1.5547,0.0214,31.854,-0.0003,0.017,0.0173,0.903,0.77,0.745,0.02,0.027
0.85,0.25,0.9,0.03,0.0,0,0,0,1.5547,0.2321,46.0,0.0302,0.0135,0.0129,0.907,0.049,0.052,0.973,0.96
0.85,0.25,0.9,0.03,0.0,0,0,5,1.5547,0.2321,41.587,0.0303,0.0142,0.0136,0.909,0.042,0.049,0.96,0.934
0.85,0.25,0.9,0.03,0.0,0,0,10,1.5547,0.2321,37.176,0.0302,0.015,0.0145,0.923,0.043,0.044,0.933,0.91
0.85,0.25,0.9,0.03,0.0,6,4,0,1.5547,0.2321,42.482,0.0303,0.014,0.0133,0.918,0.04,0.046,0.962,0.948
0.85,0.25,0.9,0.03,0.0,6,4,5,1.5547,0.2321,38.063,0.0303,0.0149,0.0142,0.915,0.04,0.048,0.946,0.914
0.85,0.25,0.9,0.03,0.0,6,4,10,1.5547,0.2321,33.654,0.03,0.0156,0.0153,0.901,0.049,0.056,0.887,0.874
0.85,0.25,0.9,0.03,0.0,8,5,0,1.5547,0.2321,41.6,0.0303,0.0141,0.0137,0.92,0.038,0.043,0.961,0.932
0.85,0.25,0.9,0.03,0.0,8,5,5,1.5547,0.2321,37.17,0.0303,0.0151,0.0142,0.912,0.049,0.045,0.943,0.918
0.85,0.25,0.9,0.03,0.0,8,5,10,1.5547,0.2321,32.664,0.0301,0.016,0.0152,0.913,0.052,0.054,0.9,0.871
0.85,0.25,0.9,0.03,0.0,10,6,0,1.5547,0.2321,40.656,0.0301,0.0143,0.0139,0.906,0.042,0.051,0.946,0.931
0.85,0.25,0.9,0.03,0.0,10,6,5,1.5547,0.2321,36.301,0.0302,0.0152,0.0152,0.899,0.05,0.056,0.9,0.887
0.85,0.25,0.9,0.03,0.0,10,6,10,1.5547,0.2321,31.818,0.0304,0.0161,0.0158,0.917,0.049,0.045,0.892,0.874
0.85,0.25,0.9,0.03,0.01,0,0,0,1.5547,0.2321,46.0,0.0302,0.0135,0.0131,0.908,0.041,0.053,0.971,0.951
0.85,0.25,0.9,0.03,0.01,0,0,5,1.5547,0.2321,41.586,0.0302,0.0142,0.014,0.905,0.053,0.061,0.944,0.927
0.85,0.25,0.9,0.03,0.01,0,0,10,1.5547,0.2321,37.164,0.03,0.0149,0.0146,0.904,0.059,0.06,0.92,0.906
0.85,0.25,0.9,0.03,0.01,6,4,0,1.5547,0.2321,42.475,0.0302,0.0141,0.0136,0.916,0.041,0.044,0.963,0.937
0.85,0.25,0.9,0.03,0.01,6,4,5,1.5547,0.2321,38.009,0.0302,0.0147,0.0147,0.899,0.049,0.062,0.92,0.912
0.85,0.25,0.9,0.03,0.01,6,4,10,1.5547,0.2321,33.635,0.0302,0.0157,0.0151,0.914,0.046,0.047,0.902,0.874
0.85,0.25,0.9,0.03,0.01,8,5,0,1.5547,0.2321,41.551,0.0302,0.0142,0.0138,0.916,0.04,0.05,0.955,0.94
0.85,0.25,0.9,0.03,0.01,8,5,5,1.5547,0.2321,37.121,0.0301,0.015,0.0151,0.895,0.044,0.058,0.909,0.891
0.85,0.25,0.9,0.03,0.01,8,5,10,1.5547,0.2321,32.736,0.0302,0.0158,0.0154,0.912,0.045,0.053,0.894,0.873
0.85,0.25,0.9,0.03,0.01,10,6,0,1.5547,0.2321,40.746,0.0303,0.0143,0.0139,0.91,0.042,0.048,0.95,0.935
0.85,0.25,0.9,0.03,0.01,10,6,5,1.5547,0.2321,36.226,0.0302,0.0152,0.0147,0.908,0.043,0.057,0.919,0.909
0.85,0.25,0.9,0.03,0.01,10,6,10,1.5547,0.2321,31.832,0.0302,0.0161,0.0157,0.911,0.041,0.043,0.89,0.863
0.85,0.25,0.9,0.03,0.02,0,0,0,1.5547,0.2321,46.0,0.0301,0.0135,0.0138,0.895,0.05,0.061,0.946,0.951
0.85,0.25,0.9,0.03,0.02,0,0,5,1.5547,0.2321,41.624,0.03,0.0142,0.015,0.865,0.051,0.08,0.904,0.924
0.85,0.25,0.9,0.03,0.02,0,0,10,1.5547,0.2321,37.077,0.0301,0.015,0.0157,0.897,0.044,0.056,0.888,0.896
0.85,0.25,0.9,0.03,0.02,6,4,0,1.5547,0.2321,42.454,0.0305,0.0142,0.0144,0.885,0.045,0.06,0.93,0.929
0.85,0.25,0.9,0.03,0.02,6,4,5,1.5547,0.2321,38.051,0.0305,0.0149,0.0151,0.897,0.043,0.056,0.917,0.919
0.85,0.25,0.9,0.03,0.02,6,4,10,1.5547,0.2321,33.624,0.0303,0.0158,0.0164,0.888,0.045,0.057,0.862,0.873
0.85,0.25,0.9,0.03,0.02,8,5,0,1.5547,0.2321,41.569,0.0302,0.0142,0.0145,0.897,0.042,0.055,0.927,0.932
0.85,0.25,0.9,0.03,0.02,8,5,5,1.5547,0.2321,37.163,0.03,0.0149,0.0154,0.886,0.05,0.065,0.886,0.894
0.85,0.25,0.9,0.03,0.02,8,5,10,1.5547,0.2321,32.724,0.0302,0.0158,0.0159,0.902,0.055,0.058,0.89,0.876
0.85,0.25,0.9,0.03,0.02,10,6,0,1.5547,0.2321,40.682,0.0304,0.0144,0.0147,0.901,0.036,0.047,0.931,0.928
0.85,0.25,0.9,0.03,0.02,10,6,5,1.5547,0.2321,36.239,0.03,0.0152,0.0153,0.898,0.044,0.061,0.897,0.893
0.85,0.25,0.9,0.03,0.02,10,6,10,1.5547,0.2321,31.788,0.0303,0.0162,0.0162,0.9,0.048,0.053,0.875,0.856
0.85,0.5,0.8,0.0,0.0,0,0,0,1.5547,0.0841,46.0,0.0001,0.0237,0.023,0.913,0.394,0.342,0.029,0.034
0.85,0.5,0.8,0.0,0.0,0,0,5,1.5547,0.0841,41.589,0.0002,0.0248,0.024,0.91,0.325,0.292,0.026,0.034
0.85,0.5,0.8,0.0,0.0,0,0,10,1.5547,0.0841,37.146,0.0001,0.0263,0.026,0.898,0.206,0.222,0.03,0.039
0.85,0.5,0.8,0.0,0.0,6,4,0,1.5547,0.0841,42.476,0.0001,0.0247,0.0238,0.912,0.321,0.29,0.027,0.03
0.85,0.5,0.8,0.0,0.0,6,4,5,1.5547,0.0841,38.075,0.0001,0.0263,0.0255,0.906,0.24,0.219,0.031,0.042
0.85,0.5,0.8,0.0,0.0,6,4,10,1.5547,0.0841,33.571,0.0007,0.0277,0.0266,0.905,0.185,0.173,0.027,0.036
0.85,0.5,0.8,0.0,0.0,8,5,0,1.5547,0.0841,41.577,0.0001,0.0249,0.0247,0.902,0.265,0.267,0.03,0.032
0.85,0.5,0.8,0.0,0.0,8,5,5,1.5547,0.0841,37.157,-0.0,0.0264,0.026,0.901,0.206,0.207,0.02,0.03
0.85,0.5,0.8,0.0,0.0,8,5,10,1.5547,0.0841,32.696,0.0001,0.028,0.0277,0.903,0.107,0.159,0.025,0.038
0.85,0.5,0.8,0.0,0.0,10,6,0,1.5547,0.0841,40.613,0.0002,0.0253,0.0248,0.906,0.276,0.266,0.028,0.036
0.85,0.5,0.8,0.0,0.0,10,6,5,1.5547,0.0841,36.316,-0.0001,0.0268,0.0259,0.905,0.214,0.207,0.021,0.039
0.85,0.5,0.8,0.0,0.0,10,6,10,1.5547,0.0841,31.871,-0.0002,0.0284,0.0285,0.896,0.065,0.125,0.025,0.039
0.85,0.5,0.8,0.0,0.01,0,0,0,1.5547,0.0841,46.0,0.0001,0.0237,0.0232,0.905,0.388,0.346,0.029,0.038
0.85,0.5,0.8,0.0,0.01,0,0,5,1.5547,0.0841,41.578,0.0,0.0248,0.0242,0.922,0.314,0.282,0.026,0.03
0.85,0.5,0.8,0.0,0.01,0,0,10,1.5547,0.0841,37.181,0.0003,0.0264,0.0257,0.912,0.218,0.206,0.027,0.03
0.85,0.5,0.8,0.0,0.01,6,4,0,1.5547,0.0841,42.46,0.0003,0.0246,0.0241,0.905,0.334,0.307,0.025,0.042
0.85,0.5,0.8,0.0,0.01,6,4,5,1.5547,0.0841,38.019,0.0002,0.026,0.0255,0.907,0.234,0.226,0.026,0.03
0.85,0.5,0.8,0.0,0.01,6,4,10,1.5547,0.0841,33.661,0.0003,0.0277,0.0274,0.898,0.146,0.183,0.029,0.039
0.85,0.5,0.8,0.0,0.01,8,5,0,1.5547,0.0841,41.513,0.0003,0.0249,0.0245,0.913,0.284,0.26,0.027,0.033
0.85,0.5,0.8,0.0,0.01,8,5,5,1.5547,0.0841,37.145,0.0001,0.0262,0.0261,0.9,0.195,0.204,0.025,0.034
0.85,0.5,0.8,0.0,0.01,8,5,10,1.5547,0.0841,32.719,0.0,0.0281,0.0276,0.903,0.106,0.141,0.024,0.041
0.85,0.5,0.8,0.0,0.01,10,6,0,1.5547,0.0841,40.649,0.0,0.0253,0.0245,0.907,0.303,0.276,0.025,0.033
0.85,0.5,0.8,0.0,0.01,10,6,5,1.5547,0.0841,36.239,-0.0001,0.0269,0.0261,0.911,0.177,0.197,0.018,0.03
0.85,0.5,0.8,0.0,0.01,10,6,10,1.5547,0.0841,31.922,0.0001,0.0284,0.0282,0.897,0.082,0.147,0.025,0.036
0.85,0.5,0.8,0.0,0.02,0,0,0,1.5547,0.0841,46.0,0.0002,0.0237,0.0233,0.904,0.37,0.346,0.031,0.036
0.85,0.5,0.8,0.0,0.02,0,0,5,1.5547,0.0841,41.618,0.0001,0.0249,0.0246,0.912,0.296,0.275,0.03,0.038
0.85,0.5,0.8,0.0,0.02,0,0,10,1.5547,0.0841,37.13,0.0003,0.0263,0.0261,0.903,0.207,0.205,0.032,0.042
0.85,0.5,0.8,0.0,0.02,6,4,0,1.5547,0.0841,42.481,0.0002,0.0247,0.0247,0.899,0.282,0.287,0.026,0.038
0.85,0.5,0.8,0.0,0.02,6,4,5,1.5547,0.0841,38.056,0.0003,0.026,0.0259,0.898,0.206,0.207,0.02,0.039
0.85,0.5,0.8,0.0,0.02,6,4,10,1.5547,0.0841,33.658,-0.0001,0.0279,0.0286,0.896,0.063,0.144,0.025,0.043
0.85,0.5,0.8,0.0,0.02,8,5,0,1.5547,0.0841,41.592,0.0002,0.0251,0.025,0.888,0.265,0.271,0.023,0.038
0.85,0.5,0.8,0.0,0.02,8,5,5,1.5547,0.0841,37.175,0.0001,0.0261,0.026,0.895,0.208,0.213,0.024,0.036
0.85,0.5,0.8,0.0,0.02,8,5,10,1.5547,0.0841,32.708,0.0005,0.028,0.0268,0.907,0.162,0.14,0.029,0.035
0.85,0.5,0.8,0.0,0.02,10,6,0,1.5547,0.0841,40.686,0.0001,0.0253,0.0252,0.911,0.254,0.257,0.023,0.03
0.85,0.5,0.8,0.0,0.02,10,6,5,1.5547,0.0841,36.294,-0.0,0.0267,0.027,0.893,0.155,0.201,0.023,0.034
0.85,0.5,0.8,0.0,0.02,10,6,10,1.5547,0.0841,31.74,0.0004,0.0285,0.0286,0.905,0.068,0.152,0.024,0.04
0.85,0.5,0.8,0.03,0.0,0,0,0,1.5547,0.3032,46.0,0.0301,0.0221,0.0219,0.909,0.044,0.035,0.609,0.598
0.85,0.5,0.8,0.03,0.0,0,0,5,1.5547,0.3032,41.575,0.0303,0.0232,0.0231,0.903,0.047,0.032,0.568,0.56
0.85,0.5,0.8,0.03,0.0,0,0,10,1.5547,0.3032,37.127,0.0303,0.0248,0.0241,0.904,0.043,0.028,0.543,0.53
0.85,0.5,0.8,0.03,0.0,6,4,0,1.5547,0.3032,42.47,0.0301,0.023,0.0227,0.913,0.046,0.028,0.589,0.574
0.85,0.5,0.8,0.03,0.0,6,4,5,1.5547,0.3032,38.003,0.0299,0.0243,0.0243,0.901,0.042,0.029,0.512,0.51
0.85,0.5,0.8,0.03,0.0,6,4,10,1.5547,0.3032,33.608,0.0303,0.0257,0.0263,0.901,0.026,0.024,0.465,0.481
0.85,0.5,0.8,0.03,0.0,8,5,0,1.5547,0.3032,41.606,0.0303,0.0232,0.0229,0.911,0.043,0.031,0.586,0.574
0.85,0.5,0.8,0.03,0.0,8,5,5,1.5547,0.3032,37.152,0.0301,0.0246,0.0248,0.903,0.042,0.034,0.504,0.519
0.85,0.5,0.8,0.03,0.0,8,5,10,1.5547,0.3032,32.696,0.0306,0.0261,0.0257,0.901,0.039,0.028,0.523,0.5
0.85,0.5,0.8,0.03,0.0,10,6,0,1.5547,0.3032,40.701,0.0301,0.0235,0.0231,0.907,0.038,0.031,0.577,0.572
0.85,0.5,0.8,0.03,0.0,10,6,5,1.5547,0.3032,36.281,0.0299,0.0249,0.0246,0.909,0.049,0.029,0.504,0.5
0.85,0.5,0.8,0.03,0.0,10,6,10,1.5547,0.3032,31.82,0.0305,0.0263,0.026,0.907,0.031,0.023,0.489,0.475
0.85,0.5,0.8,0.03,0.01,0,0,0,1.5547,0.3032,46.0,0.0301,0.0221,0.022,0.909,0.05,0.032,0.618,0.609
0.85,0.5,0.8,0.03,0.01,0,0,5,1.5547,0.3032,41.595,0.0302,0.0233,0.023,0.913,0.041,0.028,0.571,0.558
0.85,0.5,0.8,0.03,0.01,0,0,10,1.5547,0.3032,37.157,0.0298,0.0246,0.0244,0.909,0.047,0.029,0.527,0.531
0.85,0.5,0.8,0.03,0.01,6,4,0,1.5547,0.3032,42.504,0.0301,0.023,0.0231,0.896,0.046,0.037,0.57,0.582
0.85,0.5,0.8,0.03,0.01,6,4,5,1.5547,0.3032,38.057,0.0298,0.0244,0.0248,0.894,0.048,0.04,0.504,0.526
0.85,0.5,0.8,0.03,0.01,6,4,10,1.5547,0.3032,33.586,0.0298,0.0256,0.0253,0.903,0.049,0.03,0.49,0.495
0.85,0.5,0.8,0.03,0.01,8,5,0,1.5547,0.3032,41.585,0.0301,0.0232,0.0235,0.889,0.042,0.041,0.554,0.561
0.85,0.5,0.8,0.03,0.01,8,5,5,1.5547,0.3032,37.127,0.0297,0.0246,0.025,0.901,0.039,0.03,0.497,0.521
0.85,0.5,0.8,0.03,0.01,8,5,10,1.5547,0.3032,32.71,0.0303,0.0262,0.0269,0.9,0.031,0.025,0.459,0.491
0.85,0.5,0.8,0.03,0.01,10,6,0,1.5547,0.3032,40.707,0.0304,0.0236,0.0235,0.889,0.048,0.044,0.569,0.557
0.85,0.5,0.8,0.03,0.01,10,6,5,1.5547,0.3032,36.263,0.03,0.0248,0.0248,0.895,0.036,0.034,0.516,0.526
0.85,0.5,0.8,0.03,0.01,10,6,10,1.5547,0.3032,31.873,0.0299,0.0267,0.027,0.899,0.025,0.032,0.466,0.471
0.85,0.5,0.8,0.03,0.02,0,0,0,1.5547,0.3032,46.0,0.0301,0.0222,0.0224,0.89,0.053,0.05,0.589,0.602
0.85,0.5,0.8,0.03,0.02,0,0,5,1.5547,0.3032,41.599,0.0302,0.0232,0.0231,0.902,0.041,0.028,0.574,0.572
0.85,0.5,0.8,0.03,0.02,0,0,10,1.5547,0.3032,37.148,0.03,0.0246,0.0248,0.909,0.048,0.032,0.51,0.521
0.85,0.5,0.8,0.03,0.02,6,4,0,1.5547,0.3032,42.481,0.0301,0.023,0.0236,0.898,0.04,0.033,0.558,0.577
0.85,0.5,0.8,0.03,0.02,6,4,5,1.5547,0.3032,38.08,0.0299,0.0243,0.0248,0.904,0.037,0.029,0.496,0.517
0.85,0.5,0.8,0.03,0.02,6,4,10,1.5547,0.3032,33.587,0.0307,0.0258,0.0258,0.904,0.023,0.017,0.488,0.502
0.85,0.5,0.8,0.03,0.02,8,5,0,1.5547,0.3032,41.585,0.0303,0.0234,0.0232,0.906,0.044,0.035,0.562,0.56
0.85,0.5,0.8,0.03,0.02,8,5,5,1.5547,0.3032,37.153,0.03,0.0248,0.0249,0.905,0.039,0.025,0.504,0.522
0.85,0.5,0.8,0.03,0.02,8,5,10,1.5547,0.3032,32.746,0.0301,0.0261,0.0258,0.913,0.033,0.027,0.48,0.483
0.85,0.5,0.8,0.03,0.02,10,6,0,1.5547,0.3032,40.656,0.0303,0.0236,0.0244,0.891,0.039,0.034,0.527,0.557
0.85,0.5,0.8,0.03,0.02,10,6,5,1.5547,0.3032,36.277,0.0302,0.0247,0.0254,0.894,0.044,0.028,0.498,0.524
0.85,0.5,0.8,0.03,0.02,10,6,10,1.5547,0.3032,31.809,0.0297,0.0264,0.0269,0.893,0.03,0.031,0.442,0.463
0.85,0.5,0.9,0.0,0.0,0,0,0,1.5547,0.0841,46.0,0.0005,0.0222,0.0228,0.897,0.372,0.386,0.027,0.04
0.85,0.5,0.9,0.0,0.0,0,0,5,1.5547,0.0841,41.6,0.0007,0.0233,0.0243,0.89,0.306,0.342,0.027,0.05
0.85,0.5,0.9,0.0,0.0,0,0,10,1.5547,0.0841,37.188,-0.0002,0.0247,0.0259,0.883,0.202,0.26,0.019,0.034
0.85,0.5,0.9,0.0,0.0,6,4,0,1.5547,0.0841,42.428,0.0005,0.023,0.0232,0.902,0.35,0.363,0.024,0.038
0.85,0.5,0.9,0.0,0.0,6,4,5,1.5547,0.0841,38.072,0.0004,0.0242,0.0245,0.909,0.284,0.289,0.029,0.034
0.85,0.5,0.9,0.0,0.0,6,4,10,1.5547,0.0841,33.634,0.001,0.0258,0.0259,0.904,0.205,0.223,0.03,0.046
0.85,0.5,0.9,0.0,0.0,8,5,0,1.5547,0.0841,41.594,0.0005,0.0234,0.024,0.889,0.299,0.344,0.027,0.042
0.85,0.5,0.9,0.0,0.0,8,5,5,1.5547,0.0841,37.141,0.001,0.0245,0.0249,0.901,0.245,0.257,0.029,0.043
0.85,0.5,0.9,0.0,0.0,8,5,10,1.5547,0.0841,32.778,0.0003,0.0263,0.0264,0.899,0.183,0.215,0.019,0.037
0.85,0.5,0.9,0.0,0.0,10,6,0,1.5547,0.0841,40.689,0.0003,0.0237,0.024,0.893,0.298,0.338,0.028,0.039
0.85,0.5,0.9,0.0,0.0,10,6,5,1.5547,0.0841,36.263,0.0004,0.0248,0.0254,0.884,0.237,0.254,0.024,0.038
0.85,0.5,0.9,0.0,0.0,10,6,10,1.5547,0.0841,31.839,0.0003,0.0268,0.0281,0.877,0.092,0.196,0.015,0.042
0.85,0.5,0.9,0.0,0.01,0,0,0,1.5547,0.0841,46.0,0.0005,0.0222,0.0228,0.895,0.375,0.388,0.022,0.042
0.85,0.5,0.9,0.0,0.01,0,0,5,1.5547,0.0841,41.552,0.0006,0.0233,0.024,0.897,0.293,0.337,0.023,0.037
0.85,0.5,0.9,0.0,0.01,0,0,10,1.5547,0.0841,37.199,0.0005,0.0245,0.0253,0.884,0.244,0.269,0.019,0.039
0.85,0.5,0.9,0.0,0.01,6,4,0,1.5547,0.0841,42.448,0.0006,0.0231,0.0238,0.893,0.33,0.358,0.029,0.042
0.85,0.5,0.9,0.0,0.01,6,4,5,1.5547,0.0841,38.032,0.0002,0.0243,0.0248,0.893,0.275,0.278,0.026,0.039
0.85,0.5,0.9,0.0,0.01,6,4,10,1.5547,0.0841,33.596,0.0004,0.0261,0.0262,0.904,0.176,0.211,0.032,0.044
0.85,0.5,0.9,0.0,0.01,8,5,0,1.5547,0.0841,41.586,0.0006,0.0231,0.0234,0.898,0.352,0.35,0.024,0.035
0.85,0.5,0.9,0.0,0.01,8,5,5,1.5547,0.0841,37.225,0.0008,0.0246,0.0253,0.886,0.223,0.259,0.026,0.042
0.85,0.5,0.9,0.0,0.01,8,5,10,1.5547,0.0841,32.676,0.0005,0.0263,0.027,0.889,0.151,0.209,0.025,0.047
0.85,0.5,0.9,0.0,0.01,10,6,0,1.5547,0.0841,40.668,0.0008,0.0234,0.0237,0.895,0.328,0.33,0.022,0.038
0.85,0.5,0.9,0.0,0.01,10,6,5,1.5547,0.0841,36.284,0.0002,0.0251,0.0257,0.887,0.215,0.253,0.021,0.036
0.85,0.5,0.9,0.0,0.01,10,6,10,1.5547,0.0841,31.836,0.0007,0.0264,0.0267,0.903,0.148,0.183,0.025,0.043
0.85,0.5,0.9,0.0,0.02,0,0,0,1.5547,0.0841,46.0,0.0006,0.0223,0.0235,0.893,0.33,0.379,0.024,0.043
0.85,0.5,0.9,0.0,0.02,0,0,5,1.5547,0.0841,41.588,0.0004,0.0233,0.0244,0.872,0.331,0.334,0.027,0.043
0.85,0.5,0.9,0.0,0.02,0,0,10,1.5547,0.0841,37.167,0.0008,0.0248,0.0261,0.878,0.193,0.256,0.029,0.046
0.85,0.5,0.9,0.0,0.02,6,4,0,1.5547,0.0841,42.451,0.0009,0.023,0.024,0.89,0.295,0.337,0.024,0.043
0.85,0.5,0.9,0.0,0.02,6,4,5,1.5547,0.0841,38.013,0.0009,0.0246,0.0254,0.886,0.248,0.293,0.032,0.042
0.85,0.5,0.9,0.0,0.02,6,4,10,1.5547,0.0841,33.655,0.0006,0.026,0.0268,0.884,0.15,0.197,0.021,0.036
0.85,0.5,0.9,0.0,0.02,8,5,0,1.5547,0.0841,41.591,0.0005,0.0233,0.0243,0.896,0.306,0.335,0.029,0.043
0.85,0.5,0.9,0.0,0.02,8,5,5,1.5547,0.0841,37.183,0.0005,0.0248,0.0259,0.88,0.206,0.26,0.023,0.041
0.85,0.5,0.9,0.0,0.02,8,5,10,1.5547,0.0841,32.735,0.0007,0.0265,0.0276,0.889,0.109,0.173,0.026,0.047
0.85,0.5,0.9,0.0,0.02,10,6,0,1.5547,0.0841,40.679,0.0005,0.0236,0.0245,0.887,0.29,0.319,0.028,0.047
0.85,0.5,0.9,0.0,0.02,10,6,5,1.5547,0.0841,36.306,0.0006,0.0249,0.0262,0.886,0.186,0.25,0.023,0.041
0.85,0.5,0.9,0.0,0.02,10,6,10,1.5547,0.0841,31.815,0.0008,0.0269,0.0275,0.887,0.129,0.19,0.022,0.04
0.85,0.5,0.9,0.03,0.0,0,0,0,1.5547,0.3032,46.0,0.0299,0.0204,0.0207,0.889,0.053,0.052,0.665,0.667
0.85,0.5,0.9,0.03,0.0,0,0,5,1.5547,0.3032,41.604,0.03,0.0216,0.022,0.893,0.046,0.045,0.611,0.621
0.85,0.5,0.9,0.03,0.0,0,0,10,1.5547,0.3032,37.159,0.0301,0.0228,0.023,0.892,0.046,0.042,0.582,0.585
0.85,0.5,0.9,0.03,0.0,6,4,0,1.5547,0.3032,42.483,0.0301,0.0214,0.0216,0.895,0.049,0.042,0.642,0.627
0.85,0.5,0.9,0.03,0.0,6,4,5,1.5547,0.3032,38.065,0.0296,0.0224,0.0223,0.914,0.05,0.036,0.587,0.572
0.85,0.5,0.9,0.03,0.0,6,4,10,1.5547,0.3032,33.585,0.0303,0.024,0.0243,0.899,0.053,0.041,0.547,0.553
0.85,0.5,0.9,0.03,0.0,8,5,0,1.5547,0.3032,41.608,0.0298,0.0218,0.0221,0.886,0.051,0.048,0.598,0.61
0.85,0.5,0.9,0.03,0.0,8,5,5,1.5547,0.3032,37.123,0.0302,0.0228,0.0235,0.879,0.049,0.05,0.556,0.578
0.85,0.5,0.9,0.03,0.0,8,5,10,1.5547,0.3032,32.73,0.0301,0.0242,0.0245,0.895,0.042,0.039,0.517,0.54
0.85,0.5,0.9,0.03,0.0,10,6,0,1.5547,0.3032,40.669,0.03,0.022,0.0218,0.901,0.048,0.04,0.627,0.622
0.85,0.5,0.9,0.03,0.0,10,6,5,1.5547,0.3032,36.244,0.0298,0.0232,0.0231,0.909,0.05,0.039,0.555,0.548
0.85,0.5,0.9,0.03,0.0,10,6,10,1.5547,0.3032,31.806,0.0301,0.0247,0.0245,0.904,0.052,0.035,0.528,0.522
0.85,0.5,0.9,0.03,0.01,0,0,0,1.5547,0.3032,46.0,0.0299,0.0205,0.0209,0.881,0.052,0.055,0.662,0.662
0.85,0.5,0.9,0.03,0.01,0,0,5,1.5547,0.3032,41.593,0.0303,0.0215,0.022,0.887,0.05,0.045,0.63,0.635
0.85,0.5,0.9,0.03,0.01,0,0,10,1.5547,0.3032,37.151,0.0303,0.023,0.0231,0.889,0.044,0.04,0.574,0.568
0.85,0.5,0.9,0.03,0.01,6,4,0,1.5547,0.3032,42.513,0.0301,0.0213,0.0216,0.899,0.053,0.042,0.641,0.644
0.85,0.5,0.9,0.03,0.01,6,4,5,1.5547,0.3032,38.075,0.0301,0.0226,0.0228,0.892,0.046,0.041,0.577,0.581
0.85,0.5,0.9,0.03,0.01,6,4,10,1.5547,0.3032,33.657,0.0295,0.0239,0.0252,0.889,0.046,0.041,0.48,0.533
0.85,0.5,0.9,0.03,0.01,8,5,0,1.5547,0.3032,41.553,0.0299,0.0217,0.0218,0.887,0.059,0.048,0.614,0.618
0.85,0.5,0.9,0.03,0.01,8,5,5,1.5547,0.3032,37.162,0.0299,0.0228,0.0239,0.885,0.049,0.045,0.54,0.586
0.85,0.5,0.9,0.03,0.01,8,5,10,1.5547,0.3032,32.709,0.03,0.0241,0.0251,0.879,0.043,0.053,0.497,0.537
0.85,0.5,0.9,0.03,0.01,10,6,0,1.5547,0.3032,40.681,0.0302,0.0219,0.0223,0.883,0.052,0.05,0.625,0.624
0.85,0.5,0.9,0.03,0.01,10,6,5,1.5547,0.3032,36.225,0.0301,0.0233,0.0233,0.914,0.053,0.032,0.583,0.577
0.85,0.5,0.9,0.03,0.01,10,6,10,1.5547,0.3032,31.842,0.0294,0.0248,0.0254,0.882,0.04,0.043,0.476,0.487
0.85,0.5,0.9,0.03,0.02,0,0,0,1.5547,0.3032,46.0,0.03,0.0205,0.0214,0.888,0.054,0.05,0.638,0.652
0.85,0.5,0.9,0.03,0.02,0,0,5,1.5547,0.3032,41.576,0.0297,0.0217,0.0222,0.885,0.054,0.053,0.594,0.618
0.85,0.5,0.9,0.03,0.02,0,0,10,1.5547,0.3032,37.164,0.0298,0.0229,0.0234,0.895,0.048,0.044,0.556,0.57
0.85,0.5,0.9,0.03,0.02,6,4,0,1.5547,0.3032,42.5,0.0299,0.0215,0.0221,0.883,0.05,0.05,0.614,0.618
0.85,0.5,0.9,0.03,0.02,6,4,5,1.5547,0.3032,38.047,0.03,0.0225,0.0236,0.886,0.049,0.047,0.551,0.599
0.85,0.5,0.9,0.03,0.02,6,4,10,1.5547,0.3032,33.597,0.0299,0.0241,0.0249,0.878,0.046,0.044,0.505,0.554
0.85,0.5,0.9,0.03,0.02,8,5,0,1.5547,0.3032,41.597,0.0298,0.0216,0.0222,0.891,0.053,0.047,0.595,0.601
0.85,0.5,0.9,0.03,0.02,8,5,5,1.5547,0.3032,37.112,0.03,0.023,0.0233,0.89,0.049,0.042,0.564,0.576
0.85,0.5,0.9,0.03,0.02,8,5,10,1.5547,0.3032,32.718,0.0296,0.0242,0.0258,0.876,0.035,0.044,0.467,0.534
0.85,0.5,0.9,0.03,0.02,10,6,0,1.5547,0.3032,40.713,0.0298,0.0219,0.0222,0.895,0.053,0.044,0.585,0.599
0.85,0.5,0.9,0.03,0.02,10,6,5,1.5547,0.3032,36.21,0.0303,0.0232,0.0238,0.897,0.035,0.032,0.553,0.579
0.85,0.5,0.9,0.03,0.02,10,6,10,1.5547,0.3032,31.845,0.0299,0.0246,0.0261,0.884,0.035,0.04,0.473,0.516
0.9,0.1,0.8,0.0,0.0,0,0,0,1.9223,0.0043,46.0,0.0001,0.0112,0.0117,0.896,0.988,0.978,0.023,0.031
0.9,0.1,0.8,0.0,0.0,0,0,5,1.9223,0.0043,41.554,0.0001,0.0118,0.0122,0.893,0.982,0.968,0.023,0.03
0.9,0.1,0.8,0.0,0.0,0,0,10,1.9223,0.0043,37.167,-0.0001,0.0125,0.0132,0.883,0.96,0.933,0.026,0.024
0.9,0.1,0.8,0.0,0.0,6,4,0,1.9223,0.0043,42.457,0.0001,0.0116,0.0121,0.894,0.984,0.967,0.024,0.028
0.9,0.1,0.8,0.0,0.0,6,4,5,1.9223,0.0043,38.014,0.0002,0.0123,0.0131,0.886,0.966,0.947,0.027,0.029
0.9,0.1,0.8,0.0,0.0,6,4,10,1.9223,0.0043,33.539,0.0003,0.0131,0.0135,0.889,0.956,0.925,0.021,0.024
0.9,0.1,0.8,0.0,0.0,8,5,0,1.9223,0.0043,41.59,0.0001,0.0118,0.0124,0.889,0.98,0.957,0.025,0.028
0.9,0.1,0.8,0.0,0.0,8,5,5,1.9223,0.0043,37.125,0.0001,0.0124,0.0132,0.889,0.952,0.934,0.028,0.033
0.9,0.1,0.8,0.0,0.0,8,5,10,1.9223,0.0043,32.753,-0.0001,0.0132,0.0138,0.891,0.937,0.911,0.034,0.033
0.9,0.1,0.8,0.0,0.0,10,6,0,1.9223,0.0043,40.737,0.0001,0.0119,0.0125,0.897,0.974,0.957,0.028,0.031
0.9,0.1,0.8,0.0,0.0,10,6,5,1.9223,0.0043,36.276,0.0002,0.0126,0.0131,0.886,0.961,0.938,0.03,0.032
0.9,0.1,0.8,0.0,0.0,10,6,10,1.9223,0.0043,31.867,0.0002,0.0135,0.0136,0.908,0.953,0.897,0.025,0.017
0.9,0.1,0.8,0.0,0.01,0,0,0,1.9223,0.0043,46.0,0.0001,0.0112,0.0121,0.872,0.984,0.975,0.027,0.035
0.9,0.1,0.8,0.0,0.01,0,0,5,1.9223,0.0043,41.54,0.0002,0.0119,0.0126,0.887,0.977,0.962,0.024,0.029
0.9,0.1,0.8,0.0,0.01,0,0,10,1.9223,0.0043,37.208,0.0003,0.0125,0.0136,0.876,0.951,0.936,0.028,0.034
0.9,0.1,0.8,0.0,0.01,6,4,0,1.9223,0.0043,42.481,0.0001,0.0116,0.0125,0.872,0.981,0.967,0.02,0.032
0.9,0.1,0.8,0.0,0.01,6,4,5,1.9223,0.0043,38.021,0.0003,0.0123,0.0129,0.887,0.975,0.949,0.029,0.033
0.9,0.1,0.8,0.0,0.01,6,4,10,1.9223,0.0043,33.654,0.0002,0.0131,0.0138,0.896,0.948,0.909,0.029,0.025
0.9,0.1,0.8,0.0,0.01,8,5,0,1.9223,0.0043,41.558,0.0001,0.0118,0.0126,0.884,0.98,0.959,0.025,0.026
0.9,0.1,0.8,0.0,0.01,8,5,5,1.9223,0.0043,37.142,0.0001,0.0125,0.0132,0.879,0.965,0.945,0.024,0.024
0.9,0.1,0.8,0.0,0.01,8,5,10,1.9223,0.0043,32.765,0.0001,0.0131,0.0139,0.89,0.954,0.915,0.026,0.027
0.9,0.1,0.8,0.0,0.01,10,6,0,1.9223,0.0043,40.732,0.0002,0.0119,0.0126,0.897,0.98,0.962,0.027,0.029
0.9,0.1,0.8,0.0,0.01,10,6,5,1.9223,0.0043,36.269,0.0001,0.0125,0.0132,0.897,0.958,0.933,0.028,0.023
0.9,0.1,0.8,0.0,0.01,10,6,10,1.9223,0.0043,31.865,0.0002,0.0134,0.0139,0.901,0.935,0.905,0.026,0.027
0.9,0.1,0.8,0.0,0.02,0,0,0,1.9223,0.0043,46.0,0.0001,0.0113,0.0127,0.875,0.978,0.974,0.024,0.034
0.9,0.1,0.8,0.0,0.02,0,0,5,1.9223,0.0043,41.591,0.0,0.0119,0.0133,0.871,0.956,0.96,0.024,0.037
0.9,0.1,0.8,0.0,0.02,0,0,10,1.9223,0.0043,37.159,0.0002,0.0125,0.0137,0.864,0.96,0.937,0.017,0.028
0.9,0.1,0.8,0.0,0.02,6,4,0,1.9223,0.0043,42.492,0.0001,0.0117,0.013,0.871,0.968,0.963,0.025,0.04
0.9,0.1,0.8,0.0,0.02,6,4,5,1.9223,0.0043,38.075,0.0002,0.0123,0.0133,0.874,0.961,0.942,0.019,0.025
0.9,0.1,0.8,0.0,0.02,6,4,10,1.9223,0.0043,33.585,0.0001,0.0131,0.0145,0.87,0.921,0.894,0.029,0.038
0.9,0.1,0.8,0.0,0.02,8,5,0,1.9223,0.0043,41.61,0.0,0.012,0.0133,0.884,0.962,0.954,0.022,0.029
0.9,0.1,0.8,0.0,0.02,8,5,5,1.9223,0.0043,37.073,0.0002,0.0125,0.0138,0.86,0.945,0.926,0.029,0.028
0.9,0.1,0.8,0.0,0.02,8,5,10,1.9223,0.0043,32.706,-0.0,0.0135,0.015,0.863,0.902,0.889,0.021,0.028
0.9,0.1,0.8,0.0,0.02,10,6,0,1.9223,0.0043,40.668,0.0001,0.0119,0.0132,0.864,0.954,0.943,0.028,0.036
0.9,0.1,0.8,0.0,0.02,10,6,5,1.9223,0.0043,36.262,0.0003,0.0126,0.0139,0.867,0.928,0.924,0.027,0.035
0.9,0.1,0.8,0.0,0.02,10,6,10,1.9223,0.0043,31.829,-0.0,0.0134,0.0149,0.873,0.905,0.899,0.032,0.029
0.9,0.1,0.8,0.03,0.0,0,0,0,1.9223,0.2963,46.0,0.03,0.0112,0.0113,0.914,0.047,0.064,0.993,0.993
0.9,0.1,0.8,0.03,0.0,0,0,5,1.9223,0.2963,41.572,0.0301,0.0116,0.012,0.901,0.043,0.066,0.99,0.993
0.9,0.1,0.8,0.03,0.0,0,0,10,1.9223,0.2963,37.147,0.0299,0.0123,0.0129,0.893,0.051,0.08,0.968,0.971
0.9,0.1,0.8,0.03,0.0,6,4,0,1.9223,0.2963,42.454,0.03,0.0116,0.0117,0.91,0.048,0.059,0.991,0.99
0.9,0.1,0.8,0.03,0.0,6,4,5,1.9223,0.2963,38.049,0.03,0.0122,0.0126,0.888,0.045,0.083,0.985,0.987
0.9,0.1,0.8,0.03,0.0,6,4,10,1.9223,0.2963,33.693,0.0301,0.0129,0.0134,0.897,0.046,0.079,0.965,0.97
0.9,0.1,0.8,0.03,0.0,8,5,0,1.9223,0.2963,41.582,0.0299,0.0116,0.0119,0.907,0.044,0.064,0.991,0.992
0.9,0.1,0.8,0.03,0.0,8,5,5,1.9223,0.2963,37.133,0.0299,0.0122,0.0126,0.896,0.048,0.076,0.982,0.983
0.9,0.1,0.8,0.03,0.0,8,5,10,1.9223,0.2963,32.727,0.0299,0.0131,0.0138,0.881,0.038,0.084,0.958,0.962
0.9,0.1,0.8,0.03,0.0,10,6,0,1.9223,0.2963,40.686,0.03,0.0117,0.012,0.909,0.042,0.066,0.987,0.987
0.9,0.1,0.8,0.03,0.0,10,6,5,1.9223,0.2963,36.272,0.03,0.0125,0.0128,0.899,0.046,0.08,0.977,0.973
0.9,0.1,0.8,0.03,0.0,10,6,10,1.9223,0.2963,31.825,0.0301,0.0132,0.0139,0.896,0.04,0.078,0.954,0.959
0.9,0.1,0.8,0.03,0.01,0,0,0,1.9223,0.2963,46.0,0.0301,0.0112,0.0116,0.898,0.046,0.071,0.995,0.994
0.9,0.1,0.8,0.03,0.01,0,0,5,1.9223,0.2963,41.607,0.0299,0.0116,0.0122,0.886,0.044,0.08,0.988,0.99
0.9,0.1,0.8,0.03,0.01,0,0,10,1.9223,0.2963,37.141,0.0299,0.0124,0.013,0.899,0.048,0.071,0.962,0.966
0.9,0.1,0.8,0.03,0.01,6,4,0,1.9223,0.2963,42.493,0.03,0.0116,0.0119,0.894,0.044,0.077,0.985,0.989
0.9,0.1,0.8,0.03,0.01,6,4,5,1.9223,0.2963,37.958,0.03,0.0122,0.0125,0.901,0.045,0.069,0.981,0.979
0.9,0.1,0.8,0.03,0.01,6,4,10,1.9223,0.2963,33.572,0.0299,0.013,0.0138,0.88,0.052,0.084,0.947,0.961
0.9,0.1,0.8,0.03,0.01,8,5,0,1.9223,0.2963,41.622,0.0301,0.0118,0.0122,0.895,0.047,0.076,0.983,0.989
0.9,0.1,0.8,0.03,0.01,8,5,5,1.9223,0.2963,37.149,0.03,0.0123,0.0132,0.875,0.047,0.085,0.967,0.973
0.9,0.1,0.8,0.03,0.01,8,5,10,1.9223,0.2963,32.751,0.03,0.0132,0.013,0.912,0.051,0.064,0.964,0.961
0.9,0.1,0.8,0.03,0.01,10,6,0,1.9223,0.2963,40.7,0.0301,0.0119,0.0123,0.894,0.048,0.073,0.985,0.988
0.9,0.1,0.8,0.03,0.01,10,6,5,1.9223,0.2963,36.262,0.0299,0.0125,0.0132,0.879,0.049,0.086,0.964,0.972
0.9,0.1,0.8,0.03,0.01,10,6,10,1.9223,0.2963,31.889,0.0301,0.0134,0.0139,0.886,0.048,0.078,0.949,0.952
0.9,0.1,0.8,0.03,0.02,0,0,0,1.9223,0.2963,46.0,0.03,0.0112,0.0124,0.869,0.043,0.089,0.984,0.991
0.9,0.1,0.8,0.03,0.02,0,0,5,1.9223,0.2963,41.556,0.0302,0.0118,0.013,0.874,0.041,0.08,0.974,0.983
0.9,0.1,0.8,0.03,0.02,0,0,10,1.9223,0.2963,37.141,0.0301,0.0125,0.0137,0.865,0.044,0.084,0.956,0.972
0.9,0.1,0.8,0.03,0.02,6,4,0,1.9223,0.2963,42.462,0.03,0.0116,0.0128,0.874,0.045,0.086,0.968,0.984
0.9,0.1,0.8,0.03,0.02,6,4,5,1.9223,0.2963,37.999,0.0303,0.0123,0.0136,0.88,0.043,0.07,0.96,0.977
0.9,0.1,0.8,0.03,0.02,6,4,10,1.9223,0.2963,33.599,0.0302,0.0131,0.0144,0.872,0.045,0.082,0.933,0.955
0.9,0.1,0.8,0.03,0.02,8,5,0,1.9223,0.2963,41.586,0.0299,0.0118,0.0129,0.875,0.043,0.087,0.976,0.984
0.9,0.1,0.8,0.03,0.02,8,5,5,1.9223,0.2963,37.164,0.0301,0.0124,0.0134,0.878,0.041,0.079,0.964,0.968
0.9,0.1,0.8,0.03,0.02,8,5,10,1.9223,0.2963,32.764,0.0296,0.0132,0.0141,0.876,0.049,0.087,0.937,0.954
0.9,0.1,0.8,0.03,0.02,10,6,0,1.9223,0.2963,40.644,0.0299,0.0119,0.0127,0.881,0.053,0.087,0.976,0.985
0.9,0.1,0.8,0.03,0.02,10,6,5,1.9223,0.2963,36.243,0.03,0.0126,0.0137,0.87,0.04,0.091,0.96,0.97
0.9,0.1,0.8,0.03,0.02,10,6,10,1.9223,0.2963,31.871,0.0297,0.0133,0.0145,0.88,0.046,0.083,0.925,0.939
0.9,0.1,0.9,0.0,0.0,0,0,0,1.9223,0.0043,46.0,0.0004,0.0085,0.0088,0.889,0.999,0.999,0.029,0.035
0.9,0.1,0.9,0.0,0.0,0,0,5,1.9223,0.0043,41.601,0.0004,0.0088,0.0092,0.899,0.999,0.997,0.039,0.042
0.9,0.1,0.9,0.0,0.0,0,0,10,1.9223,0.0043,37.12,0.0004,0.0093,0.0098,0.891,0.999,0.997,0.031,0.029
0.9,0.1,0.9,0.0,0.0,6,4,0,1.9223,0.0043,42.441,0.0003,0.0087,0.0092,0.894,0.999,0.998,0.028,0.033
0.9,0.1,0.9,0.0,0.0,6,4,5,1.9223,0.0043,38.024,0.0004,0.0092,0.0093,0.905,1.0,0.997,0.027,0.039
0.9,0.1,0.9,0.0,0.0,6,4,10,1.9223,0.0043,33.639,0.0004,0.0098,0.0102,0.9,0.999,0.993,0.036,0.037
0.9,0.1,0.9,0.0,0.0,8,5,0,1.9223,0.0043,41.587,0.0004,0.0088,0.0093,0.897,1.0,0.999,0.023,0.035
0.9,0.1,0.9,0.0,0.0,8,5,5,1.9223,0.0043,37.114,0.0004,0.0094,0.0097,0.889,1.0,0.997,0.027,0.033
0.9,0.1,0.9,0.0,0.0,8,5,10,1.9223,0.0043,32.736,0.0004,0.01,0.0101,0.896,0.997,0.992,0.027,0.029
0.9,0.1,0.9,0.0,0.0,10,6,0,1.9223,0.0043,40.667,0.0004,0.009,0.0095,0.884,1.0,0.999,0.026,0.032
0.9,0.1,0.9,0.0,0.0,10,6,5,1.9223,0.0043,36.278,0.0005,0.0094,0.01,0.88,1.0,0.995,0.035,0.035
0.9,0.1,0.9,0.0,0.0,10,6,10,1.9223,0.0043,31.843,0.0003,0.01,0.0105,0.895,0.998,0.985,0.029,0.039
0.9,0.1,0.9,0.0,0.01,0,0,0,1.9223,0.0043,46.0,0.0004,0.0085,0.0091,0.881,1.0,0.999,0.031,0.039
0.9,0.1,0.9,0.0,0.01,0,0,5,1.9223,0.0043,41.595,0.0002,0.0089,0.0097,0.881,1.0,0.999,0.033,0.035
0.9,0.1,0.9,0.0,0.01,0,0,10,1.9223,0.0043,37.156,0.0003,0.0094,0.01,0.876,0.999,0.995,0.032,0.04
0.9,0.1,0.9,0.0,0.01,6,4,0,1.9223,0.0043,42.455,0.0003,0.0088,0.0094,0.888,1.0,0.998,0.029,0.037
0.9,0.1,0.9,0.0,0.01,6,4,5,1.9223,0.0043,38.046,0.0005,0.0093,0.0099,0.894,0.998,0.994,0.036,0.047
0.9,0.1,0.9,0.0,0.01,6,4,10,1.9223,0.0043,33.601,0.0004,0.0099,0.0106,0.88,0.998,0.993,0.033,0.037
0.9,0.1,0.9,0.0,0.01,8,5,0,1.9223,0.0043,41.603,0.0004,0.009,0.0097,0.881,0.999,0.998,0.028,0.04
0.9,0.1,0.9,0.0,0.01,8,5,5,1.9223,0.0043,37.12,0.0003,0.0093,0.0101,0.885,0.998,0.993,0.027,0.042
0.9,0.1,0.9,0.0,0.01,8,5,10,1.9223,0.0043,32.739,0.0002,0.0101,0.0109,0.879,0.994,0.984,0.036,0.043
0.9,0.1,0.9,0.0,0.01,10,6,0,1.9223,0.0043,40.711,0.0004,0.009,0.0096,0.893,1.0,0.999,0.028,0.036
0.9,0.1,0.9,0.0,0.01,10,6,5,1.9223,0.0043,36.303,0.0004,0.0096,0.0101,0.898,0.999,0.996,0.032,0.035
0.9,0.1,0.9,0.0,0.01,10,6,10,1.9223,0.0043,31.851,0.0002,0.0102,0.0106,0.903,0.996,0.984,0.031,0.033
0.9,0.1,0.9,0.0,0.02,0,0,0,1.9223,0.0043,46.0,0.0004,0.0086,0.0101,0.837,0.998,0.998,0.028,0.055
0.9,0.1,0.9,0.0,0.02,0,0,5,1.9223,0.0043,41.586,0.0004,0.009,0.0104,0.853,0.999,0.996,0.032,0.055
0.9,0.1,0.9,0.0,0.02,0,0,10,1.9223,0.0043,37.182,0.0002,0.0095,0.0106,0.863,0.995,0.989,0.021,0.041
0.9,0.1,0.9,0.0,0.02,6,4,0,1.9223,0.0043,42.467,0.0004,0.0089,0.0103,0.85,1.0,0.999,0.031,0.055
0.9,0.1,0.9,0.0,0.02,6,4,5,1.9223,0.0043,38.097,0.0003,0.0094,0.0109,0.844,0.994,0.988,0.03,0.054
0.9,0.1,0.9,0.0,0.02,6,4,10,1.9223,0.0043,33.611,0.0003,0.0099,0.0111,0.865,0.995,0.99,0.031,0.041
0.9,0.1,0.9,0.0,0.02,8,5,0,1.9223,0.0043,41.592,0.0003,0.009,0.0106,0.841,0.996,0.996,0.026,0.048
0.9,0.1,0.9,0.0,0.02,8,5,5,1.9223,0.0043,37.132,0.0002,0.0095,0.0108,0.859,0.997,0.993,0.029,0.051
0.9,0.1,0.9,0.0,0.02,8,5,10,1.9223,0.0043,32.734,0.0004,0.0101,0.0118,0.852,0.993,0.979,0.027,0.048
0.9,0.1,0.9,0.0,0.02,10,6,0,1.9223,0.0043,40.66,0.0004,0.0091,0.0105,0.848,0.999,0.999,0.031,0.054
0.9,0.1,0.9,0.0,0.02,10,6,5,1.9223,0.0043,36.209,0.0002,0.0097,0.0113,0.845,0.996,0.992,0.029,0.045
0.9,0.1,0.9,0.0,0.02,10,6,10,1.9223,0.0043,31.876,0.0005,0.0103,0.0116,0.869,0.991,0.984,0.029,0.046
0.9,0.1,0.9,0.03,0.0,0,0,0,1.9223,0.2963,46.0,0.0301,0.009,0.0092,0.877,0.043,0.074,1.0,1.0
0.9,0.1,0.9,0.03,0.0,0,0,5,1.9223,0.2963,41.597,0.0303,0.0095,0.0097,0.883,0.033,0.069,1.0,1.0
0.9,0.1,0.9,0.03,0.0,0,0,10,1.9223,0.2963,37.133,0.0301,0.0099,0.0102,0.886,0.044,0.078,0.999,0.999
0.9,0.1,0.9,0.03,0.0,6,4,0,1.9223,0.2963,42.47,0.0302,0.0093,0.0096,0.893,0.039,0.065,1.0,1.0
0.9,0.1,0.9,0.03,0.0,6,4,5,1.9223,0.2963,38.066,0.0302,0.0098,0.01,0.889,0.034,0.065,1.0,1.0
0.9,0.1,0.9,0.03,0.0,6,4,10,1.9223,0.2963,33.612,0.0299,0.0103,0.0108,0.888,0.042,0.077,0.998,0.999
0.9,0.1,0.9,0.03,0.0,8,5,0,1.9223,0.2963,41.542,0.0301,0.0095,0.0096,0.891,0.042,0.074,1.0,1.0
0.9,0.1,0.9,0.03,0.0,8,5,5,1.9223,0.2963,37.18,0.0302,0.0099,0.0103,0.891,0.039,0.074,0.999,1.0
0.9,0.1,0.9,0.03,0.0,8,5,10,1.9223,0.2963,32.711,0.03,0.0105,0.0107,0.888,0.045,0.076,1.0,0.999
0.9,0.1,0.9,0.03,0.0,10,6,0,1.9223,0.2963,40.704,0.0302,0.0094,0.0098,0.884,0.036,0.073,1.0,1.0
0.9,0.1,0.9,0.03,0.0,10,6,5,1.9223,0.2963,36.222,0.0301,0.01,0.0103,0.901,0.034,0.064,0.998,0.999
0.9,0.1,0.9,0.03,0.0,10,6,10,1.9223,0.2963,31.824,0.0302,0.0107,0.0113,0.882,0.041,0.077,0.999,1.0
0.9,0.1,0.9,0.03,0.01,0,0,0,1.9223,0.2963,46.0,0.03,0.009,0.0095,0.884,0.04,0.072,1.0,1.0
0.9,0.1,0.9,0.03,0.01,0,0,5,1.9223,0.2963,41.566,0.0301,0.0094,0.01,0.875,0.041,0.073,1.0,1.0
0.9,0.1,0.9,0.03,0.01,0,0,10,1.9223,0.2963,37.147,0.0299,0.01,0.0107,0.862,0.041,0.081,0.999,0.999
0.9,0.1,0.9,0.03,0.01,6,4,0,1.9223,0.2963,42.453,0.0301,0.0094,0.0098,0.884,0.045,0.075,1.0,1.0
0.9,0.1,0.9,0.03,0.01,6,4,5,1.9223,0.2963,38.069,0.0301,0.0098,0.0104,0.876,0.044,0.083,0.998,0.998
0.9,0.1,0.9,0.03,0.01,6,4,10,1.9223,0.2963,33.564,0.0301,0.0105,0.011,0.881,0.04,0.079,0.998,0.998
0.9,0.1,0.9,0.03,0.01,8,5,0,1.9223,0.2963,41.579,0.0302,0.0095,0.0101,0.863,0.043,0.077,1.0,1.0
0.9,0.1,0.9,0.03,0.01,8,5,5,1.9223,0.2963,37.176,0.0303,0.0099,0.0104,0.866,0.039,0.082,0.999,1.0
0.9,0.1,0.9,0.03,0.01,8,5,10,1.9223,0.2963,32.691,0.0301,0.0105,0.0112,0.874,0.048,0.088,0.996,0.999
0.9,0.1,0.9,0.03,0.01,10,6,0,1.9223,0.2963,40.724,0.0302,0.0096,0.0101,0.887,0.04,0.073,1.0,1.0
0.9,0.1,0.9,0.03,0.01,10,6,5,1.9223,0.2963,36.27,0.0302,0.0101,0.0105,0.888,0.041,0.067,0.998,0.999
0.9,0.1,0.9,0.03,0.01,10,6,10,1.9223,0.2963,31.824,0.0301,0.0107,0.011,0.879,0.044,0.083,0.999,0.999
0.9,0.1,0.9,0.03,0.02,0,0,0,1.9223,0.2963,46.0,0.0302,0.0091,0.0103,0.848,0.046,0.088,0.999,1.0
0.9,0.1,0.9,0.03,0.02,0,0,5,1.9223,0.2963,41.6,0.0301,0.0095,0.0108,0.853,0.043,0.092,0.998,0.999
0.9,0.1,0.9,0.03,0.02,0,0,10,1.9223,0.2963,37.178,0.0299,0.0099,0.0113,0.857,0.053,0.097,0.993,0.998
0.9,0.1,0.9,0.03,0.02,6,4,0,1.9223,0.2963,42.457,0.0303,0.0094,0.0107,0.851,0.048,0.086,1.0,1.0
0.9,0.1,0.9,0.03,0.02,6,4,5,1.9223,0.2963,38.053,0.0302,0.0099,0.0112,0.854,0.042,0.09,0.991,0.998
0.9,0.1,0.9,0.03,0.02,6,4,10,1.9223,0.2963,33.636,0.0303,0.0106,0.012,0.841,0.045,0.096,0.991,0.995
0.9,0.1,0.9,0.03,0.02,8,5,0,1.9223,0.2963,41.635,0.03,0.0096,0.0108,0.844,0.046,0.096,0.997,0.998
0.9,0.1,0.9,0.03,0.02,8,5,5,1.9223,0.2963,37.155,0.0301,0.01,0.0115,0.845,0.039,0.091,0.995,0.998
0.9,0.1,0.9,0.03,0.02,8,5,10,1.9223,0.2963,32.719,0.0301,0.0106,0.0119,0.853,0.037,0.101,0.993,0.995
0.9,0.1,0.9,0.03,0.02,10,6,0,1.9223,0.2963,40.716,0.0299,0.0096,0.0109,0.849,0.049,0.087,0.996,1.0
0.9,0.1,0.9,0.03,0.02,10,6,5,1.9223,0.2963,36.268,0.0301,0.0102,0.0113,0.866,0.049,0.082,0.995,0.998
0.9,0.1,0.9,0.03,0.02,10,6,10,1.9223,0.2963,31.891,0.0302,0.0108,0.0122,0.853,0.042,0.095,0.99,0.994
0.9,0.25,0.8,0.0,0.0,0,0,0,1.9223,0.0265,46.0,0.0005,0.0133,0.0133,0.902,0.955,0.935,0.033,0.031
0.9,0.25,0.8,0.0,0.0,0,0,5,1.9223,0.0265,41.599,0.0005,0.014,0.014,0.891,0.936,0.91,0.034,0.04
0.9,0.25,0.8,0.0,0.0,0,0,10,1.9223,0.0265,37.171,0.0005,0.0147,0.0148,0.913,0.916,0.863,0.027,0.029
0.9,0.25,0.8,0.0,0.0,6,4,0,1.9223,0.0265,42.459,0.0005,0.0137,0.0137,0.913,0.958,0.918,0.022,0.026
0.9,0.25,0.8,0.0,0.0,6,4,5,1.9223,0.0265,38.022,0.0004,0.0145,0.0149,0.896,0.909,0.882,0.03,0.031
0.9,0.25,0.8,0.0,0.0,6,4,10,1.9223,0.0265,33.552,0.0005,0.0158,0.0157,0.908,0.862,0.829,0.032,0.032
0.9,0.25,0.8,0.0,0.0,8,5,0,1.9223,0.0265,41.558,0.0004,0.0139,0.0139,0.902,0.931,0.902,0.033,0.03
0.9,0.25,0.8,0.0,0.0,8,5,5,1.9223,0.0265,37.199,0.0004,0.0146,0.0149,0.904,0.913,0.869,0.041,0.04
0.9,0.25,0.8,0.0,0.0,8,5,10,1.9223,0.0265,32.751,0.0005,0.0156,0.0162,0.907,0.84,0.799,0.029,0.033
0.9,0.25,0.8,0.0,0.0,10,6,0,1.9223,0.0265,40.733,0.0004,0.0141,0.0142,0.912,0.928,0.894,0.035,0.028
0.9,0.25,0.8,0.0,0.0,10,6,5,1.9223,0.0265,36.249,0.0004,0.015,0.0151,0.907,0.9,0.866,0.034,0.03
0.9,0.25,0.8,0.0,0.0,10,6,10,1.9223,0.0265,31.825,0.0005,0.0158,0.0162,0.906,0.845,0.798,0.023,0.035
0.9,0.25,0.8,0.0,0.01,0,0,0,1.9223,0.0265,46.0,0.0004,0.0133,0.0135,0.894,0.954,0.929,0.025,0.031
0.9,0.25,0.8,0.0,0.01,0,0,5,1.9223,0.0265,41.556,0.0004,0.0139,0.0143,0.901,0.927,0.898,0.036,0.035
0.9,0.25,0.8,0.0,0.01,0,0,10,1.9223,0.0265,37.119,0.0003,0.0148,0.0149,0.891,0.9,0.855,0.036,0.034
0.9,0.25,0.8,0.0,0.01,6,4,0,1.9223,0.0265,42.479,0.0003,0.0138,0.014,0.898,0.937,0.913,0.026,0.03
0.9,0.25,0.8,0.0,0.01,6,4,5,1.9223,0.0265,38.053,0.0007,0.0147,0.0152,0.892,0.889,0.873,0.034,0.037
0.9,0.25,0.8,0.0,0.01,6,4,10,1.9223,0.0265,33.627,0.0007,0.0156,0.0161,0.889,0.851,0.821,0.029,0.031
0.9,0.25,0.8,0.0,0.01,8,5,0,1.9223,0.0265,41.572,0.0006,0.0139,0.0139,0.906,0.937,0.91,0.031,0.027
0.9,0.25,0.8,0.0,0.01,8,5,5,1.9223,0.0265,37.169,0.0006,0.0148,0.0151,0.899,0.893,0.869,0.032,0.032
0.9,0.25,0.8,0.0,0.01,8,5,10,1.9223,0.0265,32.795,0.0007,0.016,0.0163,0.891,0.83,0.809,0.032,0.035
0.9,0.25,0.8,0.0,0.01,10,6,0,1.9223,0.0265,40.68,0.0005,0.0142,0.0147,0.907,0.913,0.893,0.03,0.036
0.9,0.25,0.8,0.0,0.01,10,6,5,1.9223,0.0265,36.286,0.0004,0.0151,0.0152,0.903,0.887,0.858,0.034,0.034
0.9,0.25,0.8,0.0,0.01,10,6,10,1.9223,0.0265,31.846,0.0008,0.0159,0.0164,0.904,0.838,0.795,0.029,0.028
0.9,0.25,0.8,0.0,0.02,0,0,0,1.9223,0.0265,46.0,0.0005,0.0133,0.0141,0.889,0.934,0.913,0.031,0.037
0.9,0.25,0.8,0.0,0.02,0,0,5,1.9223,0.0265,41.55,0.0004,0.0139,0.0146,0.885,0.906,0.885,0.041,0.041
0.9,0.25,0.8,0.0,0.02,0,0,10,1.9223,0.0265,37.194,0.0005,0.0148,0.0157,0.891,0.869,0.842,0.028,0.042
0.9,0.25,0.8,0.0,0.02,6,4,0,1.9223,0.0265,42.448,0.0006,0.014,0.0147,0.896,0.918,0.903,0.029,0.042
0.9,0.25,0.8,0.0,0.02,6,4,5,1.9223,0.0265,38.083,0.0004,0.0145,0.0154,0.888,0.884,0.886,0.026,0.031
0.9,0.25,0.8,0.0,0.02,6,4,10,1.9223,0.0265,33.573,0.0004,0.0155,0.0161,0.889,0.857,0.818,0.028,0.032
0.9,0.25,0.8,0.0,0.02,8,5,0,1.9223,0.0265,41.576,0.0006,0.014,0.0148,0.901,0.911,0.891,0.033,0.039
0.9,0.25,0.8,0.0,0.02,8,5,5,1.9223,0.0265,37.135,0.0007,0.0148,0.0156,0.894,0.871,0.851,0.042,0.038
0.9,0.25,0.8,0.0,0.02,8,5,10,1.9223,0.0265,32.779,0.0006,0.0158,0.0163,0.894,0.845,0.809,0.032,0.031
0.9,0.25,0.8,0.0,0.02,10,6,0,1.9223,0.0265,40.664,0.0005,0.0142,0.0149,0.89,0.91,0.881,0.029,0.036
0.9,0.25,0.8,0.0,0.02,10,6,5,1.9223,0.0265,36.251,0.0005,0.015,0.0154,0.901,0.875,0.85,0.026,0.038
0.9,0.25,0.8,0.0,0.02,10,6,10,1.9223,0.0265,31.815,0.0004,0.016,0.0163,0.899,0.84,0.812,0.032,0.034
0.9,0.25,0.8,0.03,0.0,0,0,0,1.9223,0.3219,46.0,0.03,0.0128,0.013,0.898,0.052,0.066,0.965,0.968
0.9,0.25,0.8,0.03,0.0,0,0,5,1.9223,0.3219,41.602,0.0299,0.0134,0.0134,0.911,0.051,0.058,0.958,0.95
0.9,0.25,0.8,0.03,0.0,0,0,10,1.9223,0.3219,37.139,0.03,0.0142,0.0146,0.902,0.038,0.066,0.929,0.92
0.9,0.25,0.8,0.03,0.0,6,4,0,1.9223,0.3219,42.461,0.03,0.0133,0.0136,0.896,0.041,0.066,0.962,0.956
0.9,0.25,0.8,0.03,0.0,6,4,5,1.9223,0.3219,38.025,0.0299,0.0141,0.0144,0.9,0.053,0.066,0.927,0.923
0.9,0.25,0.8,0.03,0.0,6,4,10,1.9223,0.3219,33.614,0.0298,0.0148,0.0154,0.891,0.063,0.079,0.889,0.897
0.9,0.25,0.8,0.03,0.0,8,5,0,1.9223,0.3219,41.564,0.03,0.0134,0.0136,0.9,0.049,0.06,0.953,0.951
0.9,0.25,0.8,0.03,0.0,8,5,5,1.9223,0.3219,37.124,0.0301,0.0141,0.014,0.905,0.043,0.059,0.946,0.934
0.9,0.25,0.8,0.03,0.0,8,5,10,1.9223,0.3219,32.732,0.0301,0.0151,0.0153,0.897,0.045,0.07,0.904,0.893
0.9,0.25,0.8,0.03,0.0,10,6,0,1.9223,0.3219,40.686,0.03,0.0135,0.0141,0.894,0.042,0.063,0.945,0.944
0.9,0.25,0.8,0.03,0.0,10,6,5,1.9223,0.3219,36.324,0.0299,0.0143,0.0149,0.889,0.056,0.079,0.898,0.911
0.9,0.25,0.8,0.03,0.0,10,6,10,1.9223,0.3219,31.824,0.0302,0.0153,0.0158,0.899,0.047,0.067,0.888,0.894
0.9,0.25,0.8,0.03,0.01,0,0,0,1.9223,0.3219,46.0,0.03,0.0128,0.0132,0.896,0.05,0.067,0.963,0.971
0.9,0.25,0.8,0.03,0.01,0,0,5,1.9223,0.3219,41.61,0.03,0.0134,0.0144,0.877,0.049,0.079,0.924,0.947
0.9,0.25,0.8,0.03,0.01,0,0,10,1.9223,0.3219,37.159,0.0297,0.0142,0.0148,0.894,0.053,0.08,0.902,0.914
0.9,0.25,0.8,0.03,0.01,6,4,0,1.9223,0.3219,42.437,0.03,0.0132,0.0139,0.886,0.048,0.074,0.943,0.956
0.9,0.25,0.8,0.03,0.01,6,4,5,1.9223,0.3219,37.98,0.0298,0.0141,0.0146,0.898,0.049,0.065,0.921,0.918
0.9,0.25,0.8,0.03,0.01,6,4,10,1.9223,0.3219,33.607,0.03,0.0148,0.0154,0.912,0.042,0.055,0.892,0.906
0.9,0.25,0.8,0.03,0.01,8,5,0,1.9223,0.3219,41.577,0.03,0.0134,0.0142,0.882,0.047,0.074,0.937,0.939
0.9,0.25,0.8,0.03,0.01,8,5,5,1.9223,0.3219,37.173,0.0298,0.0142,0.0143,0.899,0.052,0.065,0.918,0.917
0.9,0.25,0.8,0.03,0.01,8,5,10,1.9223,0.3219,32.67,0.0302,0.0152,0.0151,0.905,0.041,0.061,0.905,0.904
0.9,0.25,0.8,0.03,0.01,10,6,0,1.9223,0.3219,40.67,0.03,0.0137,0.0141,0.893,0.049,0.068,0.945,0.938
0.9,0.25,0.8,0.03,0.01,10,6,5,1.9223,0.3219,36.261,0.03,0.0143,0.0149,0.892,0.047,0.069,0.914,0.921
0.9,0.25,0.8,0.03,0.01,10,6,10,1.9223,0.3219,31.843,0.03,0.0153,0.0163,0.884,0.047,0.077,0.849,0.875
0.9,0.25,0.8,0.03,0.02,0,0,0,1.9223,0.3219,46.0,0.03,0.0128,0.0138,0.883,0.051,0.077,0.944,0.951
0.9,0.25,0.8,0.03,0.02,0,0,5,1.9223,0.3219,41.583,0.0298,0.0135,0.0147,0.878,0.052,0.08,0.911,0.939
0.9,0.25,0.8,0.03,0.02,0,0,10,1.9223,0.3219,37.178,0.0299,0.0143,0.015,0.895,0.05,0.066,0.91,0.911
0.9,0.25,0.8,0.03,0.02,6,4,0,1.9223,0.3219,42.453,0.03,0.0134,0.0145,0.877,0.044,0.076,0.933,0.944
0.9,0.25,0.8,0.03,0.02,6,4,5,1.9223,0.3219,38.05,0.0301,0.0141,0.0146,0.897,0.052,0.067,0.922,0.922
0.9,0.25,0.8,0.03,0.02,6,4,10,1.9223,0.3219,33.588,0.0299,0.0149,0.0162,0.878,0.044,0.075,0.86,0.879
0.9,0.25,0.8,0.03,0.02,8,5,0,1.9223,0.3219,41.602,0.0299,0.0135,0.0149,0.868,0.05,0.084,0.916,0.928
0.9,0.25,0.8,0.03,0.02,8,5,5,1.9223,0.3219,37.172,0.03,0.0142,0.0151,0.888,0.046,0.067,0.906,0.919
0.9,0.25,0.8,0.03,0.02,8,5,10,1.9223,0.3219,32.771,0.0304,0.0151,0.0159,0.89,0.037,0.068,0.878,0.893
0.9,0.25,0.8,0.03,0.02,10,6,0,1.9223,0.3219,40.71,0.0299,0.0135,0.0148,0.87,0.052,0.085,0.914,0.931
0.9,0.25,0.8,0.03,0.02,10,6,5,1.9223,0.3219,36.276,0.0302,0.0145,0.0155,0.89,0.05,0.071,0.905,0.909
0.9,0.25,0.8,0.03,0.02,10,6,10,1.9223,0.3219,31.856,0.0298,0.0155,0.0164,0.88,0.049,0.082,0.86,0.879
0.9,0.25,0.9,0.0,0.0,0,0,0,1.9223,0.0265,46.0,0.0001,0.0112,0.0114,0.897,0.991,0.983,0.025,0.03
0.9,0.25,0.9,0.0,0.0,0,0,5,1.9223,0.0265,41.582,0.0001,0.0118,0.0121,0.899,0.982,0.971,0.023,0.032
0.9,0.25,0.9,0.0,0.0,0,0,10,1.9223,0.0265,37.164,0.0001,0.0125,0.0126,0.906,0.975,0.964,0.03,0.033
0.9,0.25,0.9,0.0,0.0,6,4,0,1.9223,0.0265,42.471,0.0,0.0117,0.012,0.9,0.986,0.972,0.027,0.032
0.9,0.25,0.9,0.0,0.0,6,4,5,1.9223,0.0265,38.065,0.0001,0.0124,0.0125,0.91,0.979,0.953,0.023,0.03
0.9,0.25,0.9,0.0,0.0,6,4,10,1.9223,0.0265,33.647,-0.0,0.0132,0.013,0.904,0.962,0.928,0.024,0.031
0.9,0.25,0.9,0.0,0.0,8,5,0,1.9223,0.0265,41.524,0.0,0.0118,0.012,0.9,0.987,0.967,0.021,0.025
0.9,0.25,0.9,0.0,0.0,8,5,5,1.9223,0.0265,37.142,0.0002,0.0126,0.0128,0.896,0.976,0.954,0.025,0.033
0.9,0.25,0.9,0.0,0.0,8,5,10,1.9223,0.0265,32.78,0.0002,0.0132,0.0135,0.901,0.963,0.924,0.019,0.031
0.9,0.25,0.9,0.0,0.0,10,6,0,1.9223,0.0265,40.676,-0.0,0.012,0.0122,0.897,0.985,0.967,0.024,0.03
0.9,0.25,0.9,0.0,0.0,10,6,5,1.9223,0.0265,36.2,0.0,0.0127,0.0132,0.894,0.964,0.937,0.021,0.03
0.9,0.25,0.9,0.0,0.0,10,6,10,1.9223,0.0265,31.848,0.0001,0.0136,0.0133,0.906,0.963,0.93,0.03,0.03
0.9,0.25,0.9,0.0,0.01,0,0,0,1.9223,0.0265,46.0,0.0,0.0113,0.0116,0.894,0.991,0.981,0.03,0.039
0.9,0.25,0.9,0.0,0.01,0,0,5,1.9223,0.0265,41.555,-0.0001,0.0118,0.012,0.899,0.985,0.974,0.022,0.027
0.9,0.25,0.9,0.0,0.01,0,0,10,1.9223,0.0265,37.148,-0.0,0.0126,0.0126,0.908,0.97,0.949,0.025,0.028
0.9,0.25,0.9,0.0,0.01,6,4,0,1.9223,0.0265,42.484,-0.0001,0.0117,0.0121,0.904,0.982,0.97,0.023,0.037
0.9,0.25,0.9,0.0,0.01,6,4,5,1.9223,0.0265,38.003,-0.0,0.0124,0.0131,0.885,0.965,0.946,0.026,0.028
0.9,0.25,0.9,0.0,0.01,6,4,10,1.9223,0.0265,33.684,0.0,0.0131,0.0131,0.902,0.963,0.938,0.029,0.03
0.9,0.25,0.9,0.0,0.01,8,5,0,1.9223,0.0265,41.587,0.0001,0.0118,0.0122,0.907,0.977,0.968,0.024,0.035
0.9,0.25,0.9,0.0,0.01,8,5,5,1.9223,0.0265,37.162,0.0,0.0126,0.0132,0.897,0.964,0.948,0.026,0.036
0.9,0.25,0.9,0.0,0.01,8,5,10,1.9223,0.0265,32.712,0.0002,0.0134,0.0139,0.891,0.942,0.914,0.025,0.03
0.9,0.25,0.9,0.0,0.01,10,6,0,1.9223,0.0265,40.71,0.0,0.012,0.0122,0.893,0.98,0.968,0.024,0.03
0.9,0.25,0.9,0.0,0.01,10,6,5,1.9223,0.0265,36.297,0.0001,0.0127,0.0132,0.897,0.959,0.939,0.026,0.038
0.9,0.25,0.9,0.0,0.01,10,6,10,1.9223,0.0265,31.875,0.0,0.0135,0.0139,0.897,0.953,0.919,0.024,0.032
0.9,0.25,0.9,0.0,0.02,0,0,0,1.9223,0.0265,46.0,0.0002,0.0113,0.0125,0.869,0.975,0.974,0.031,0.05
0.9,0.25,0.9,0.0,0.02,0,0,5,1.9223,0.0265,41.59,0.0002,0.0119,0.0128,0.878,0.974,0.962,0.027,0.042
0.9,0.25,0.9,0.0,0.02,0,0,10,1.9223,0.0265,37.148,0.0002,0.0125,0.0135,0.868,0.962,0.941,0.019,0.043
0.9,0.25,0.9,0.0,0.02,6,4,0,1.9223,0.0265,42.459,0.0001,0.0118,0.0129,0.872,0.972,0.963,0.028,0.044
0.9,0.25,0.9,0.0,0.02,6,4,5,1.9223,0.0265,38.083,0.0001,0.0123,0.0131,0.889,0.969,0.948,0.027,0.04
0.9,0.25,0.9,0.0,0.02,6,4,10,1.9223,0.0265,33.615,0.0001,0.0132,0.0145,0.88,0.923,0.919,0.02,0.045
0.9,0.25,0.9,0.0,0.02,8,5,0,1.9223,0.0265,41.574,0.0002,0.012,0.013,0.872,0.968,0.957,0.028,0.035
0.9,0.25,0.9,0.0,0.02,8,5,5,1.9223,0.0265,37.165,0.0003,0.0126,0.0136,0.886,0.948,0.933,0.029,0.04
0.9,0.25,0.9,0.0,0.02,8,5,10,1.9223,0.0265,32.693,0.0003,0.0134,0.0144,0.877,0.931,0.915,0.025,0.038
0.9,0.25,0.9,0.0,0.02,10,6,0,1.9223,0.0265,40.689,0.0001,0.0121,0.0132,0.866,0.958,0.958,0.028,0.043
0.9,0.25,0.9,0.0,0.02,10,6,5,1.9223,0.0265,36.237,-0.0001,0.0127,0.0143,0.869,0.945,0.927,0.027,0.049
0.9,0.25,0.9,0.0,0.02,10,6,10,1.9223,0.0265,31.807,0.0,0.0135,0.015,0.872,0.9,0.889,0.025,0.045
0.9,0.25,0.9,0.03,0.0,0,0,0,1.9223,0.3219,46.0,0.0298,0.0108,0.0114,0.89,0.046,0.071,0.993,0.99
0.9,0.25,0.9,0.03,0.0,0,0,5,1.9223,0.3219,41.583,0.0298,0.0113,0.0118,0.898,0.047,0.071,0.988,0.988
0.9,0.25,0.9,0.03,0.0,0,0,10,1.9223,0.3219,37.155,0.0298,0.0121,0.0124,0.884,0.051,0.082,0.982,0.977
0.9,0.25,0.9,0.03,0.0,6,4,0,1.9223,0.3219,42.486,0.0297,0.0112,0.0118,0.88,0.054,0.081,0.983,0.986
0.9,0.25,0.9,0.03,0.0,6,4,5,1.9223,0.3219,38.071,0.03,0.0118,0.0122,0.892,0.039,0.069,0.981,0.984
0.9,0.25,0.9,0.03,0.0,6,4,10,1.9223,0.3219,33.581,0.0297,0.0126,0.0134,0.882,0.042,0.078,0.963,0.963
0.9,0.25,0.9,0.03,0.0,8,5,0,1.9223,0.3219,41.579,0.0297,0.0113,0.0119,0.89,0.043,0.075,0.987,0.986
0.9,0.25,0.9,0.03,0.0,8,5,5,1.9223,0.3219,37.137,0.0297,0.0121,0.0125,0.892,0.048,0.073,0.983,0.978
0.9,0.25,0.9,0.03,0.0,8,5,10,1.9223,0.3219,32.695,0.0299,0.0129,0.0131,0.904,0.048,0.066,0.968,0.97
0.9,0.25,0.9,0.03,0.0,10,6,0,1.9223,0.3219,40.717,0.0299,0.0115,0.0119,0.884,0.044,0.072,0.987,0.988
0.9,0.25,0.9,0.03,0.0,10,6,5,1.9223,0.3219,36.285,0.0297,0.0121,0.0126,0.888,0.053,0.075,0.976,0.976
0.9,0.25,0.9,0.03,0.0,10,6,10,1.9223,0.3219,31.825,0.0299,0.0129,0.0134,0.889,0.043,0.07,0.96,0.964
0.9,0.25,0.9,0.03,0.01,0,0,0,1.9223,0.3219,46.0,0.0298,0.0108,0.0116,0.88,0.05,0.077,0.993,0.989
0.9,0.25,0.9,0.03,0.01,0,0,5,1.9223,0.3219,41.59,0.0297,0.0113,0.0122,0.872,0.052,0.081,0.983,0.984
0.9,0.25,0.9,0.03,0.01,0,0,10,1.9223,0.3219,37.153,0.0299,0.012,0.0126,0.892,0.046,0.068,0.975,0.975
0.9,0.25,0.9,0.03,0.01,6,4,0,1.9223,0.3219,42.453,0.0299,0.0113,0.012,0.88,0.049,0.07,0.985,0.985
0.9,0.25,0.9,0.03,0.01,6,4,5,1.9223,0.3219,38.049,0.0299,0.0119,0.0126,0.89,0.045,0.073,0.98,0.982
0.9,0.25,0.9,0.03,0.01,6,4,10,1.9223,0.3219,33.654,0.0301,0.0126,0.0133,0.895,0.044,0.063,0.968,0.965
0.9,0.25,0.9,0.03,0.01,8,5,0,1.9223,0.3219,41.535,0.0298,0.0113,0.0122,0.879,0.049,0.079,0.98,0.984
0.9,0.25,0.9,0.03,0.01,8,5,5,1.9223,0.3219,37.142,0.0299,0.012,0.0127,0.882,0.049,0.079,0.973,0.971
0.9,0.25,0.9,0.03,0.01,8,5,10,1.9223,0.3219,32.74,0.03,0.0128,0.0135,0.886,0.044,0.084,0.958,0.972
0.9,0.25,0.9,0.03,0.01,10,6,0,1.9223,0.3219,40.708,0.0299,0.0114,0.0125,0.882,0.045,0.07,0.977,0.976
0.9,0.25,0.9,0.03,0.01,10,6,5,1.9223,0.3219,36.297,0.0299,0.0121,0.0131,0.873,0.049,0.082,0.967,0.977
0.9,0.25,0.9,0.03,0.01,10,6,10,1.9223,0.3219,31.859,0.0301,0.013,0.0136,0.892,0.047,0.067,0.954,0.953
0.9,0.25,0.9,0.03,0.02,0,0,0,1.9223,0.3219,46.0,0.0298,0.0109,0.0121,0.878,0.05,0.076,0.982,0.988
0.9,0.25,0.9,0.03,0.02,0,0,5,1.9223,0.3219,41.553,0.0298,0.0114,0.0128,0.872,0.052,0.082,0.965,0.975
0.9,0.25,0.9,0.03,0.02,0,0,10,1.9223,0.3219,37.107,0.0298,0.0121,0.013,0.87,0.053,0.088,0.967,0.969
0.9,0.25,0.9,0.03,0.02,6,4,0,1.9223,0.3219,42.459,0.0298,0.0113,0.0127,0.856,0.05,0.088,0.966,0.979
0.9,0.25,0.9,0.03,0.02,6,4,5,1.9223,0.3219,38.009,0.0298,0.0119,0.0138,0.855,0.045,0.092,0.953,0.963
0.9,0.25,0.9,0.03,0.02,6,4,10,1.9223,0.3219,33.596,0.0301,0.0128,0.0143,0.862,0.042,0.078,0.94,0.959
0.9,0.25,0.9,0.03,0.02,8,5,0,1.9223,0.3219,41.562,0.0298,0.0115,0.0128,0.87,0.04,0.081,0.974,0.981
0.9,0.25,0.9,0.03,0.02,8,5,5,1.9223,0.3219,37.161,0.0298,0.0121,0.0138,0.867,0.045,0.083,0.953,0.966
0.9,0.25,0.9,0.03,0.02,8,5,10,1.9223,0.3219,32.765,0.0301,0.0128,0.0145,0.857,0.052,0.088,0.925,0.953
0.9,0.25,0.9,0.03,0.02,10,6,0,1.9223,0.3219,40.717,0.0298,0.0116,0.013,0.876,0.046,0.08,0.967,0.973
0.9,0.25,0.9,0.03,0.02,10,6,5,1.9223,0.3219,36.271,0.0297,0.0122,0.0137,0.865,0.05,0.086,0.95,0.965
0.9,0.25,0.9,0.03,0.02,10,6,10,1.9223,0.3219,31.871,0.0301,0.013,0.0145,0.872,0.052,0.078,0.927,0.943
0.9,0.5,0.8,0.0,0.0,0,0,0,1.9223,0.104,46.0,-0.0004,0.0191,0.0193,0.899,0.651,0.623,0.018,0.033
0.9,0.5,0.8,0.0,0.0,0,0,5,1.9223,0.104,41.602,-0.0005,0.02,0.0201,0.898,0.588,0.566,0.019,0.033
0.9,0.5,0.8,0.0,0.0,0,0,10,1.9223,0.104,37.134,-0.0002,0.0212,0.021,0.906,0.51,0.486,0.015,0.031
0.9,0.5,0.8,0.0,0.0,6,4,0,1.9223,0.104,42.46,-0.0005,0.0199,0.0198,0.905,0.606,0.58,0.02,0.033
0.9,0.5,0.8,0.0,0.0,6,4,5,1.9223,0.104,38.039,-0.0003,0.0208,0.021,0.905,0.509,0.5,0.02,0.031
0.9,0.5,0.8,0.0,0.0,6,4,10,1.9223,0.104,33.631,-0.0004,0.022,0.0229,0.894,0.383,0.424,0.014,0.036
0.9,0.5,0.8,0.0,0.0,8,5,0,1.9223,0.104,41.602,-0.0003,0.02,0.0199,0.902,0.606,0.592,0.019,0.03
0.9,0.5,0.8,0.0,0.0,8,5,5,1.9223,0.104,37.126,-0.0006,0.0212,0.0214,0.89,0.501,0.508,0.014,0.024
0.9,0.5,0.8,0.0,0.0,8,5,10,1.9223,0.104,32.769,-0.0006,0.0225,0.0231,0.889,0.363,0.396,0.021,0.036
0.9,0.5,0.8,0.0,0.0,10,6,0,1.9223,0.104,40.726,-0.0002,0.0201,0.02,0.911,0.579,0.551,0.016,0.026
0.9,0.5,0.8,0.0,0.0,10,6,5,1.9223,0.104,36.259,-0.0003,0.0215,0.0213,0.901,0.496,0.46,0.017,0.031
0.9,0.5,0.8,0.0,0.0,10,6,10,1.9223,0.104,31.835,-0.0004,0.0227,0.0237,0.898,0.351,0.405,0.013,0.027
0.9,0.5,0.8,0.0,0.01,0,0,0,1.9223,0.104,46.0,-0.0004,0.0192,0.0194,0.894,0.629,0.624,0.017,0.033
0.9,0.5,0.8,0.0,0.01,0,0,5,1.9223,0.104,41.601,-0.0005,0.0201,0.0203,0.908,0.568,0.564,0.018,0.03
0.9,0.5,0.8,0.0,0.01,0,0,10,1.9223,0.104,37.159,-0.0006,0.0211,0.0217,0.885,0.484,0.495,0.012,0.036
0.9,0.5,0.8,0.0,0.01,6,4,0,1.9223,0.104,42.478,-0.0003,0.0198,0.0202,0.892,0.588,0.571,0.018,0.042
0.9,0.5,0.8,0.0,0.01,6,4,5,1.9223,0.104,37.992,-0.0004,0.021,0.0218,0.883,0.473,0.508,0.014,0.034
0.9,0.5,0.8,0.0,0.01,6,4,10,1.9223,0.104,33.668,-0.0004,0.0221,0.0227,0.882,0.411,0.419,0.016,0.04
0.9,0.5,0.8,0.0,0.01,8,5,0,1.9223,0.104,41.583,-0.0003,0.0201,0.0207,0.896,0.549,0.553,0.019,0.038
0.9,0.5,0.8,0.0,0.01,8,5,5,1.9223,0.104,37.176,-0.0002,0.0213,0.0215,0.892,0.492,0.481,0.019,0.029
0.9,0.5,0.8,0.0,0.01,8,5,10,1.9223,0.104,32.684,-0.0007,0.0224,0.0232,0.907,0.33,0.365,0.019,0.025
0.9,0.5,0.8,0.0,0.01,10,6,0,1.9223,0.104,40.706,-0.0003,0.0203,0.0206,0.883,0.562,0.552,0.017,0.033
0.9,0.5,0.8,0.0,0.01,10,6,5,1.9223,0.104,36.297,-0.0002,0.0214,0.0221,0.886,0.458,0.464,0.025,0.032
0.9,0.5,0.8,0.0,0.01,10,6,10,1.9223,0.104,31.861,0.0,0.0231,0.0236,0.898,0.341,0.37,0.022,0.038
0.9,0.5,0.8,0.0,0.02,0,0,0,1.9223,0.104,46.0,-0.0006,0.0192,0.0195,0.897,0.639,0.623,0.018,0.026
0.9,0.5,0.8,0.0,0.02,0,0,5,1.9223,0.104,41.562,-0.0004,0.0201,0.0211,0.874,0.499,0.544,0.024,0.037
0.9,0.5,0.8,0.0,0.02,0,0,10,1.9223,0.104,37.161,-0.0007,0.0212,0.0223,0.896,0.451,0.486,0.019,0.037
0.9,0.5,0.8,0.0,0.02,6,4,0,1.9223,0.104,42.451,-0.0003,0.0199,0.0206,0.879,0.56,0.565,0.022,0.038
0.9,0.5,0.8,0.0,0.02,6,4,5,1.9223,0.104,38.058,-0.0004,0.0211,0.0224,0.874,0.42,0.486,0.022,0.036
0.9,0.5,0.8,0.0,0.02,6,4,10,1.9223,0.104,33.656,-0.0001,0.0222,0.0235,0.882,0.381,0.425,0.02,0.038
0.9,0.5,0.8,0.0,0.02,8,5,0,1.9223,0.104,41.586,-0.0003,0.0201,0.0209,0.878,0.521,0.537,0.015,0.038
0.9,0.5,0.8,0.0,0.02,8,5,5,1.9223,0.104,37.124,-0.0003,0.0215,0.0217,0.892,0.469,0.475,0.02,0.039
0.9,0.5,0.8,0.0,0.02,8,5,10,1.9223,0.104,32.755,-0.0003,0.0226,0.0235,0.868,0.355,0.385,0.024,0.039
0.9,0.5,0.8,0.0,0.02,10,6,0,1.9223,0.104,40.65,-0.0005,0.0203,0.0211,0.887,0.507,0.549,0.019,0.03
0.9,0.5,0.8,0.0,0.02,10,6,5,1.9223,0.104,36.28,-0.0005,0.0215,0.0226,0.88,0.415,0.431,0.019,0.042
0.9,0.5,0.8,0.0,0.02,10,6,10,1.9223,0.104,31.855,-0.0004,0.0229,0.0237,0.875,0.34,0.378,0.018,0.039
0.9,0.5,0.8,0.03,0.0,0,0,0,1.9223,0.4111,46.0,0.0298,0.0168,0.0169,0.897,0.048,0.051,0.836,0.82
0.9,0.5,0.8,0.03,0.0,0,0,5,1.9223,0.4111,41.569,0.0298,0.0176,0.0178,0.901,0.048,0.054,0.787,0.791
0.9,0.5,0.8,0.03,0.0,0,0,10,1.9223,0.4111,37.181,0.0299,0.0185,0.0185,0.908,0.051,0.052,0.772,0.754
0.9,0.5,0.8,0.03,0.0,6,4,0,1.9223,0.4111,42.469,0.0297,0.0175,0.0175,0.907,0.046,0.05,0.808,0.789
0.9,0.5,0.8,0.03,0.0,6,4,5,1.9223,0.4111,38.01,0.03,0.0185,0.0186,0.891,0.051,0.058,0.767,0.77
0.9,0.5,0.8,0.03,0.0,6,4,10,1.9223,0.4111,33.585,0.0295,0.0194,0.0193,0.908,0.051,0.053,0.707,0.701
0.9,0.5,0.8,0.03,0.0,8,5,0,1.9223,0.4111,41.568,0.0298,0.0176,0.0179,0.891,0.04,0.05,0.785,0.794
0.9,0.5,0.8,0.03,0.0,8,5,5,1.9223,0.4111,37.165,0.0297,0.0186,0.0186,0.891,0.051,0.058,0.746,0.753
0.9,0.5,0.8,0.03,0.0,8,5,10,1.9223,0.4111,32.784,0.03,0.0198,0.02,0.905,0.053,0.048,0.702,0.703
0.9,0.5,0.8,0.03,0.0,10,6,0,1.9223,0.4111,40.683,0.03,0.0176,0.0178,0.903,0.044,0.05,0.791,0.784
0.9,0.5,0.8,0.03,0.0,10,6,5,1.9223,0.4111,36.284,0.03,0.0191,0.0195,0.894,0.041,0.049,0.713,0.742
0.9,0.5,0.8,0.03,0.0,10,6,10,1.9223,0.4111,31.827,0.0295,0.0198,0.0199,0.907,0.048,0.052,0.669,0.661
0.9,0.5,0.8,0.03,0.01,0,0,0,1.9223,0.4111,46.0,0.0299,0.0168,0.017,0.89,0.05,0.058,0.84,0.824
0.9,0.5,0.8,0.03,0.01,0,0,5,1.9223,0.4111,41.573,0.0297,0.0176,0.0181,0.884,0.048,0.058,0.774,0.781
0.9,0.5,0.8,0.03,0.01,0,0,10,1.9223,0.4111,37.2,0.0295,0.0186,0.019,0.894,0.055,0.062,0.724,0.736
0.9,0.5,0.8,0.03,0.01,6,4,0,1.9223,0.4111,42.458,0.0298,0.0173,0.0175,0.896,0.052,0.055,0.809,0.798
0.9,0.5,0.8,0.03,0.01,6,4,5,1.9223,0.4111,38.045,0.0298,0.0184,0.0188,0.888,0.055,0.061,0.754,0.759
0.9,0.5,0.8,0.03,0.01,6,4,10,1.9223,0.4111,33.611,0.0297,0.0196,0.02,0.893,0.049,0.056,0.686,0.699
0.9,0.5,0.8,0.03,0.01,8,5,0,1.9223,0.4111,41.568,0.0297,0.0175,0.0181,0.885,0.05,0.063,0.78,0.776
0.9,0.5,0.8,0.03,0.01,8,5,5,1.9223,0.4111,37.158,0.0298,0.0185,0.0192,0.897,0.053,0.052,0.732,0.743
0.9,0.5,0.8,0.03,0.01,8,5,10,1.9223,0.4111,32.779,0.0299,0.0197,0.0203,0.906,0.053,0.047,0.67,0.694
0.9,0.5,0.8,0.03,0.01,10,6,0,1.9223,0.4111,40.681,0.0298,0.0178,0.0182,0.893,0.044,0.058,0.771,0.786
0.9,0.5,0.8,0.03,0.01,10,6,5,1.9223,0.4111,36.285,0.03,0.0187,0.019,0.891,0.047,0.06,0.751,0.742
0.9,0.5,0.8,0.03,0.01,10,6,10,1.9223,0.4111,31.882,0.03,0.0199,0.0203,0.905,0.049,0.051,0.684,0.685
0.9,0.5,0.8,0.03,0.02,0,0,0,1.9223,0.4111,46.0,0.0299,0.0169,0.0177,0.884,0.055,0.062,0.795,0.807
0.9,0.5,0.8,0.03,0.02,0,0,5,1.9223,0.4111,41.54,0.0295,0.0177,0.0182,0.893,0.053,0.062,0.752,0.779
0.9,0.5,0.8,0.03,0.02,0,0,10,1.9223,0.4111,37.12,0.0295,0.0184,0.0196,0.886,0.051,0.063,0.681,0.719
0.9,0.5,0.8,0.03,0.02,6,4,0,1.9223,0.4111,42.475,0.0298,0.0175,0.0182,0.886,0.056,0.066,0.773,0.794
0.9,0.5,0.8,0.03,0.02,6,4,5,1.9223,0.4111,38.01,0.0295,0.0183,0.0189,0.881,0.05,0.055,0.715,0.74
0.9,0.5,0.8,0.03,0.02,6,4,10,1.9223,0.4111,33.602,0.0302,0.0194,0.0208,0.876,0.049,0.066,0.663,0.712
0.9,0.5,0.8,0.03,0.02,8,5,0,1.9223,0.4111,41.564,0.0297,0.0177,0.0182,0.889,0.051,0.061,0.765,0.77
0.9,0.5,0.8,0.03,0.02,8,5,5,1.9223,0.4111,37.133,0.0299,0.0187,0.0193,0.893,0.058,0.059,0.728,0.75
0.9,0.5,0.8,0.03,0.02,8,5,10,1.9223,0.4111,32.733,0.0299,0.0198,0.0209,0.88,0.047,0.066,0.66,0.685
0.9,0.5,0.8,0.03,0.02,10,6,0,1.9223,0.4111,40.689,0.0296,0.0178,0.0185,0.89,0.049,0.062,0.755,0.765
0.9,0.5,0.8,0.03,0.02,10,6,5,1.9223,0.4111,36.284,0.0302,0.0188,0.0201,0.878,0.046,0.056,0.703,0.734
0.9,0.5,0.8,0.03,0.02,10,6,10,1.9223,0.4111,31.867,0.0297,0.02,0.0216,0.884,0.048,0.068,0.62,0.679
0.9,0.5,0.9,0.0,0.0,0,0,0,1.9223,0.104,46.0,-0.0002,0.0176,0.0176,0.901,0.75,0.727,0.028,0.039
0.9,0.5,0.9,0.0,0.0,0,0,5,1.9223,0.104,41.576,-0.0002,0.0185,0.0184,0.913,0.704,0.669,0.026,0.042
0.9,0.5,0.9,0.0,0.0,0,0,10,1.9223,0.104,37.172,-0.0002,0.0195,0.0194,0.9,0.631,0.597,0.023,0.041
0.9,0.5,0.9,0.0,0.0,6,4,0,1.9223,0.104,42.454,-0.0001,0.0183,0.0184,0.892,0.695,0.679,0.026,0.037
0.9,0.5,0.9,0.0,0.0,6,4,5,1.9223,0.104,38.031,0.0,0.0195,0.0195,0.901,0.624,0.593,0.028,0.043
0.9,0.5,0.9,0.0,0.0,6,4,10,1.9223,0.104,33.597,-0.0001,0.0203,0.0207,0.893,0.545,0.551,0.026,0.043
0.9,0.5,0.9,0.0,0.0,8,5,0,1.9223,0.104,41.588,-0.0002,0.0185,0.0183,0.904,0.694,0.679,0.023,0.028
0.9,0.5,0.9,0.0,0.0,8,5,5,1.9223,0.104,37.151,0.0,0.0195,0.0191,0.911,0.645,0.607,0.024,0.035
0.9,0.5,0.9,0.0,0.0,8,5,10,1.9223,0.104,32.714,-0.0,0.0209,0.0213,0.885,0.502,0.512,0.023,0.044
0.9,0.5,0.9,0.0,0.0,10,6,0,1.9223,0.104,40.683,-0.0001,0.0187,0.0188,0.886,0.676,0.65,0.026,0.043
0.9,0.5,0.9,0.0,0.0,10,6,5,1.9223,0.104,36.315,-0.0001,0.0197,0.0199,0.893,0.601,0.59,0.027,0.044
0.9,0.5,0.9,0.0,0.0,10,6,10,1.9223,0.104,31.789,0.0001,0.021,0.0215,0.893,0.473,0.473,0.018,0.034
0.9,0.5,0.9,0.0,0.01,0,0,0,1.9223,0.104,46.0,-0.0002,0.0176,0.0178,0.891,0.746,0.733,0.023,0.032
0.9,0.5,0.9,0.0,0.01,0,0,5,1.9223,0.104,41.598,-0.0001,0.0184,0.0191,0.893,0.65,0.655,0.026,0.039
0.9,0.5,0.9,0.0,0.01,0,0,10,1.9223,0.104,37.091,-0.0005,0.0196,0.0195,0.898,0.633,0.608,0.021,0.036
0.9,0.5,0.9,0.0,0.01,6,4,0,1.9223,0.104,42.471,-0.0001,0.0184,0.0189,0.889,0.663,0.664,0.027,0.049
0.9,0.5,0.9,0.0,0.01,6,4,5,1.9223,0.104,38.016,-0.0002,0.0194,0.0196,0.89,0.626,0.614,0.02,0.038
0.9,0.5,0.9,0.0,0.01,6,4,10,1.9223,0.104,33.622,-0.0002,0.0206,0.0202,0.916,0.566,0.515,0.025,0.037
0.9,0.5,0.9,0.0,0.01,8,5,0,1.9223,0.104,41.544,0.0001,0.0185,0.0189,0.892,0.655,0.652,0.026,0.044
0.9,0.5,0.9,0.0,0.01,8,5,5,1.9223,0.104,37.173,-0.0001,0.0194,0.0203,0.887,0.57,0.6,0.025,0.044
0.9,0.5,0.9,0.0,0.01,8,5,10,1.9223,0.104,32.786,-0.0,0.0206,0.0207,0.901,0.552,0.512,0.024,0.032
0.9,0.5,0.9,0.0,0.01,10,6,0,1.9223,0.104,40.682,-0.0002,0.0188,0.0186,0.894,0.684,0.661,0.02,0.033
0.9,0.5,0.9,0.0,0.01,10,6,5,1.9223,0.104,36.295,-0.0,0.0198,0.0205,0.886,0.557,0.551,0.029,0.034
0.9,0.5,0.9,0.0,0.01,10,6,10,1.9223,0.104,31.911,-0.0002,0.0213,0.0219,0.893,0.453,0.482,0.023,0.051
0.9,0.5,0.9,0.0,0.02,0,0,0,1.9223,0.104,46.0,-0.0002,0.0176,0.0185,0.886,0.706,0.702,0.025,0.045
0.9,0.5,0.9,0.0,0.02,0,0,5,1.9223,0.104,41.582,0.0,0.0184,0.0197,0.872,0.613,0.651,0.028,0.049
0.9,0.5,0.9,0.0,0.02,0,0,10,1.9223,0.104,37.179,-0.0001,0.0195,0.0202,0.89,0.564,0.571,0.023,0.041
0.9,0.5,0.9,0.0,0.02,6,4,0,1.9223,0.104,42.43,-0.0002,0.0183,0.0187,0.894,0.676,0.668,0.022,0.037
0.9,0.5,0.9,0.0,0.02,6,4,5,1.9223,0.104,38.056,-0.0002,0.0193,0.0204,0.88,0.553,0.583,0.024,0.043
0.9,0.5,0.9,0.0,0.02,6,4,10,1.9223,0.104,33.631,0.0001,0.0207,0.0216,0.89,0.468,0.509,0.033,0.05
0.9,0.5,0.9,0.0,0.02,8,5,0,1.9223,0.104,41.57,-0.0002,0.0186,0.0191,0.889,0.649,0.656,0.025,0.038
0.9,0.5,0.9,0.0,0.02,8,5,5,1.9223,0.104,37.188,-0.0004,0.0195,0.0196,0.901,0.619,0.609,0.026,0.037
0.9,0.5,0.9,0.0,0.02,8,5,10,1.9223,0.104,32.771,0.0001,0.0207,0.0221,0.878,0.45,0.504,0.02,0.041
0.9,0.5,0.9,0.0,0.02,10,6,0,1.9223,0.104,40.712,-0.0001,0.0187,0.0195,0.877,0.631,0.638,0.026,0.046
0.9,0.5,0.9,0.0,0.02,10,6,5,1.9223,0.104,36.275,-0.0003,0.0198,0.0206,0.886,0.553,0.56,0.022,0.041
0.9,0.5,0.9,0.0,0.02,10,6,10,1.9223,0.104,31.818,0.0,0.0213,0.0215,0.894,0.5,0.496,0.025,0.043
0.9,0.5,0.9,0.03,0.0,0,0,0,1.9223,0.4111,46.0,0.0298,0.0155,0.0165,0.891,0.046,0.057,0.838,0.859
0.9,0.5,0.9,0.03,0.0,0,0,5,1.9223,0.4111,41.573,0.0298,0.0163,0.0175,0.884,0.042,0.058,0.789,0.82
0.9,0.5,0.9,0.03,0.0,0,0,10,1.9223,0.4111,37.121,0.0295,0.0172,0.0182,0.891,0.048,0.055,0.762,0.782
0.9,0.5,0.9,0.03,0.0,6,4,0,1.9223,0.4111,42.456,0.0298,0.0161,0.0171,0.899,0.049,0.057,0.808,0.827
0.9,0.5,0.9,0.03,0.0,6,4,5,1.9223,0.4111,38.057,0.0297,0.017,0.0176,0.9,0.05,0.051,0.797,0.806
0.9,0.5,0.9,0.03,0.0,6,4,10,1.9223,0.4111,33.652,0.0296,0.0182,0.0193,0.868,0.055,0.073,0.705,0.733
0.9,0.5,0.9,0.03,0.0,8,5,0,1.9223,0.4111,41.57,0.0299,0.0164,0.0173,0.892,0.043,0.056,0.801,0.815
0.9,0.5,0.9,0.03,0.0,8,5,5,1.9223,0.4111,37.186,0.0296,0.0172,0.0184,0.873,0.046,0.069,0.745,0.778
0.9,0.5,0.9,0.03,0.0,8,5,10,1.9223,0.4111,32.765,0.0298,0.0183,0.0188,0.898,0.049,0.05,0.748,0.744
0.9,0.5,0.9,0.03,0.0,10,6,0,1.9223,0.4111,40.707,0.0298,0.0165,0.0176,0.886,0.045,0.062,0.791,0.814
0.9,0.5,0.9,0.03,0.0,10,6,5,1.9223,0.4111,36.314,0.0296,0.0174,0.0184,0.881,0.049,0.063,0.754,0.765
0.9,0.5,0.9,0.03,0.0,10,6,10,1.9223,0.4111,31.882,0.0295,0.0187,0.0193,0.88,0.048,0.065,0.718,0.707
0.9,0.5,0.9,0.03,0.01,0,0,0,1.9223,0.4111,46.0,0.0298,0.0155,0.0167,0.879,0.043,0.062,0.836,0.854
0.9,0.5,0.9,0.03,0.01,0,0,5,1.9223,0.4111,41.537,0.0297,0.0163,0.0176,0.871,0.048,0.07,0.78,0.815
0.9,0.5,0.9,0.03,0.01,0,0,10,1.9223,0.4111,37.178,0.0297,0.0173,0.0177,0.889,0.061,0.06,0.782,0.782
0.9,0.5,0.9,0.03,0.01,6,4,0,1.9223,0.4111,42.463,0.0298,0.0162,0.0175,0.885,0.041,0.056,0.795,0.827
0.9,0.5,0.9,0.03,0.01,6,4,5,1.9223,0.4111,38.01,0.0298,0.017,0.0187,0.868,0.043,0.065,0.741,0.789
0.9,0.5,0.9,0.03,0.01,6,4,10,1.9223,0.4111,33.599,0.0297,0.018,0.0194,0.878,0.043,0.062,0.713,0.74
0.9,0.5,0.9,0.03,0.01,8,5,0,1.9223,0.4111,41.581,0.0298,0.0163,0.0175,0.882,0.047,0.065,0.807,0.818
0.9,0.5,0.9,0.03,0.01,8,5,5,1.9223,0.4111,37.158,0.0297,0.0173,0.0186,0.876,0.051,0.066,0.742,0.771
0.9,0.5,0.9,0.03,0.01,8,5,10,1.9223,0.4111,32.764,0.0296,0.0184,0.0192,0.89,0.056,0.058,0.719,0.738
0.9,0.5,0.9,0.03,0.01,10,6,0,1.9223,0.4111,40.72,0.0298,0.0168,0.0178,0.884,0.048,0.064,0.795,0.813
0.9,0.5,0.9,0.03,0.01,10,6,5,1.9223,0.4111,36.313,0.0298,0.0175,0.0185,0.878,0.052,0.061,0.742,0.769
0.9,0.5,0.9,0.03,0.01,10,6,10,1.9223,0.4111,31.836,0.0299,0.0186,0.0199,0.878,0.047,0.066,0.684,0.726
0.9,0.5,0.9,0.03,0.02,0,0,0,1.9223,0.4111,46.0,0.0297,0.0156,0.0171,0.865,0.044,0.072,0.804,0.85
0.9,0.5,0.9,0.03,0.02,0,0,5,1.9223,0.4111,41.585,0.0298,0.0164,0.018,0.871,0.051,0.071,0.776,0.811
0.9,0.5,0.9,0.03,0.02,0,0,10,1.9223,0.4111,37.164,0.03,0.0174,0.0188,0.869,0.045,0.068,0.752,0.78
0.9,0.5,0.9,0.03,0.02,6,4,0,1.9223,0.4111,42.43,0.0297,0.0164,0.0177,0.87,0.046,0.072,0.784,0.82
0.9,0.5,0.9,0.03,0.02,6,4,5,1.9223,0.4111,38.022,0.0299,0.0172,0.0195,0.853,0.052,0.075,0.714,0.779
0.9,0.5,0.9,0.03,0.02,6,4,10,1.9223,0.4111,33.656,0.0298,0.0181,0.0196,0.874,0.047,0.069,0.72,0.753
0.9,0.5,0.9,0.03,0.02,8,5,0,1.9223,0.4111,41.569,0.0296,0.0163,0.0178,0.873,0.047,0.066,0.773,0.803
0.9,0.5,0.9,0.03,0.02,8,5,5,1.9223,0.4111,37.186,0.03,0.0174,0.0192,0.864,0.042,0.069,0.728,0.783
0.9,0.5,0.9,0.03,0.02,8,5,10,1.9223,0.4111,32.787,0.0298,0.0184,0.02,0.874,0.044,0.063,0.683,0.735
0.9,0.5,0.9,0.03,0.02,10,6,0,1.9223,0.4111,40.712,0.0295,0.0166,0.0184,0.861,0.049,0.08,0.747,0.795
0.9,0.5,0.9,0.03,0.02,10,6,5,1.9223,0.4111,36.275,0.03,0.0176,0.0193,0.869,0.042,0.065,0.717,0.756
0.9,0.5,0.9,0.03,0.02,10,6,10,1.9223,0.4111,31.863,0.0296,0.0187,0.0208,0.861,0.048,0.08,0.642,0.715
0.95,0.1,0.8,0.0,0.0,0,0,0,2.4673,0.0055,46.0,-0.0001,0.0076,0.0083,0.884,1.0,0.999,0.024,0.029
0.95,0.1,0.8,0.0,0.0,0,0,5,2.4673,0.0055,41.558,-0.0001,0.008,0.0088,0.881,1.0,0.996,0.029,0.035
0.95,0.1,0.8,0.0,0.0,0,0,10,2.4673,0.0055,37.171,0.0,0.0085,0.0095,0.874,0.999,0.994,0.025,0.029
0.95,0.1,0.8,0.0,0.0,6,4,0,2.4673,0.0055,42.452,-0.0001,0.0079,0.0085,0.889,1.0,0.996,0.021,0.026
0.95,0.1,0.8,0.0,0.0,6,4,5,2.4673,0.0055,38.057,-0.0002,0.0083,0.009,0.888,1.0,0.996,0.026,0.028
0.95,0.1,0.8,0.0,0.0,6,4,10,2.4673,0.0055,33.614,-0.0,0.009,0.0098,0.901,0.998,0.987,0.027,0.03
0.95,0.1,0.8,0.0,0.0,8,5,0,2.4673,0.0055,41.557,-0.0,0.0079,0.0086,0.897,1.0,0.997,0.028,0.032
0.95,0.1,0.8,0.0,0.0,8,5,5,2.4673,0.0055,37.111,-0.0,0.0085,0.009,0.898,1.0,0.997,0.027,0.028
0.95,0.1,0.8,0.0,0.0,8,5,10,2.4673,0.0055,32.729,0.0,0.0089,0.0096,0.893,0.999,0.988,0.023,0.023
0.95,0.1,0.8,0.0,0.0,10,6,0,2.4673,0.0055,40.692,-0.0001,0.0081,0.0087,0.893,1.0,0.996,0.024,0.025
0.95,0.1,0.8,0.0,0.0,10,6,5,2.4673,0.0055,36.297,0.0,0.0086,0.0093,0.887,1.0,0.992,0.035,0.027
0.95,0.1,0.8,0.0,0.0,10,6,10,2.4673,0.0055,31.788,-0.0001,0.0089,0.0099,0.896,0.996,0.988,0.021,0.018
0.95,0.1,0.8,0.0,0.01,0,0,0,2.4673,0.0055,46.0,-0.0001,0.0077,0.0086,0.862,1.0,0.998,0.02,0.035
0.95,0.1,0.8,0.0,0.01,0,0,5,2.4673,0.0055,41.538,-0.0001,0.0081,0.009,0.871,1.0,0.997,0.025,0.033
0.95,0.1,0.8,0.0,0.01,0,0,10,2.4673,0.0055,37.121,0.0,0.0086,0.0091,0.886,1.0,0.996,0.025,0.033
0.95,0.1,0.8,0.0,0.01,6,4,0,2.4673,0.0055,42.464,-0.0001,0.0079,0.0091,0.864,1.0,0.995,0.023,0.028
0.95,0.1,0.8,0.0,0.01,6,4,5,2.4673,0.0055,38.076,-0.0,0.0084,0.0093,0.884,0.999,0.994,0.025,0.023
0.95,0.1,0.8,0.0,0.01,6,4,10,2.4673,0.0055,33.548,-0.0001,0.0089,0.0099,0.883,0.999,0.988,0.025,0.034
0.95,0.1,0.8,0.0,0.01,8,5,0,2.4673,0.0055,41.588,-0.0001,0.008,0.0092,0.862,1.0,0.998,0.023,0.042
0.95,0.1,0.8,0.0,0.01,8,5,5,2.4673,0.0055,37.153,-0.0001,0.0085,0.0095,0.877,0.999,0.993,0.022,0.035
0.95,0.1,0.8,0.0,0.01,8,5,10,2.4673,0.0055,32.672,-0.0003,0.0089,0.0101,0.873,0.996,0.987,0.022,0.029
0.95,0.1,0.8,0.0,0.01,10,6,0,2.4673,0.0055,40.712,-0.0001,0.0081,0.0093,0.865,0.999,0.996,0.029,0.033
0.95,0.1,0.8,0.0,0.01,10,6,5,2.4673,0.0055,36.282,-0.0,0.0086,0.0099,0.867,1.0,0.991,0.028,0.04
0.95,0.1,0.8,0.0,0.01,10,6,10,2.4673,0.0055,31.848,-0.0002,0.0092,0.0102,0.875,0.998,0.987,0.025,0.029
0.95,0.1,0.8,0.0,0.02,0,0,0,2.4673,0.0055,46.0,-0.0,0.0078,0.0095,0.837,0.999,0.997,0.024,0.045
0.95,0.1,0.8,0.0,0.02,0,0,5,2.4673,0.0055,41.555,-0.0,0.0082,0.0099,0.83,0.999,0.997,0.02,0.056
0.95,0.1,0.8,0.0,0.02,0,0,10,2.4673,0.0055,37.144,-0.0,0.0085,0.011,0.82,0.995,0.988,0.021,0.054
0.95,0.1,0.8,0.0,0.02,6,4,0,2.4673,0.0055,42.46,-0.0,0.0081,0.0097,0.843,0.999,0.993,0.026,0.047
0.95,0.1,0.8,0.0,0.02,6,4,5,2.4673,0.0055,38.039,-0.0001,0.0085,0.0103,0.854,0.997,0.988,0.025,0.044
0.95,0.1,0.8,0.0,0.02,6,4,10,2.4673,0.0055,33.559,-0.0,0.0088,0.0108,0.844,0.996,0.987,0.028,0.047
0.95,0.1,0.8,0.0,0.02,8,5,0,2.4673,0.0055,41.57,-0.0001,0.0081,0.0099,0.838,1.0,0.997,0.025,0.042
0.95,0.1,0.8,0.0,0.02,8,5,5,2.4673,0.0055,37.191,-0.0002,0.0085,0.0106,0.836,0.998,0.992,0.023,0.049
0.95,0.1,0.8,0.0,0.02,8,5,10,2.4673,0.0055,32.676,0.0001,0.0091,0.011,0.84,0.994,0.983,0.028,0.048
0.95,0.1,0.8,0.0,0.02,10,6,0,2.4673,0.0055,40.699,0.0001,0.0082,0.01,0.839,0.998,0.995,0.024,0.057
0.95,0.1,0.8,0.0,0.02,10,6,5,2.4673,0.0055,36.269,-0.0001,0.0087,0.0104,0.853,0.998,0.989,0.029,0.04
0.95,0.1,0.8,0.0,0.02,10,6,10,2.4673,0.0055,31.855,0.0003,0.0093,0.0112,0.856,0.991,0.981,0.022,0.05
0.95,0.1,0.8,0.03,0.0,0,0,0,2.4673,0.6202,46.0,0.03,0.0087,0.0095,0.875,0.039,0.097,1.0,1.0
0.95,0.1,0.8,0.03,0.0,0,0,5,2.4673,0.6202,41.584,0.03,0.0091,0.01,0.877,0.043,0.1,0.999,1.0
0.95,0.1,0.8,0.03,0.0,0,0,10,2.4673,0.6202,37.147,0.0301,0.0096,0.0106,0.867,0.033,0.109,0.998,1.0
0.95,0.1,0.8,0.03,0.0,6,4,0,2.4673,0.6202,42.446,0.03,0.0091,0.0099,0.865,0.04,0.112,0.998,1.0
0.95,0.1,0.8,0.03,0.0,6,4,5,2.4673,0.6202,38.046,0.0301,0.0095,0.0104,0.867,0.039,0.104,0.998,1.0
0.95,0.1,0.8,0.03,0.0,6,4,10,2.4673,0.6202,33.6,0.0301,0.01,0.0109,0.879,0.034,0.101,1.0,1.0
0.95,0.1,0.8,0.03,0.0,8,5,0,2.4673,0.6202,41.595,0.03,0.0091,0.0099,0.875,0.045,0.102,0.999,1.0
0.95,0.1,0.8,0.03,0.0,8,5,5,2.4673,0.6202,37.165,0.0301,0.0096,0.0107,0.864,0.037,0.114,1.0,1.0
0.95,0.1,0.8,0.03,0.0,8,5,10,2.4673,0.6202,32.737,0.03,0.0101,0.0112,0.877,0.037,0.097,0.997,1.0
0.95,0.1,0.8,0.03,0.0,10,6,0,2.4673,0.6202,40.673,0.0301,0.0091,0.0102,0.867,0.039,0.108,1.0,1.0
0.95,0.1,0.8,0.03,0.0,10,6,5,2.4673,0.6202,36.259,0.0301,0.0095,0.0107,0.884,0.037,0.095,1.0,1.0
0.95,0.1,0.8,0.03,0.0,10,6,10,2.4673,0.6202,31.905,0.0298,0.0102,0.0111,0.87,0.038,0.111,0.995,0.997
0.95,0.1,0.8,0.03,0.01,0,0,0,2.4673,0.6202,46.0,0.0301,0.0087,0.0099,0.86,0.039,0.106,0.999,1.0
0.95,0.1,0.8,0.03,0.01,0,0,5,2.4673,0.6202,41.582,0.03,0.0092,0.0105,0.851,0.035,0.118,0.999,0.999
0.95,0.1,0.8,0.03,0.01,0,0,10,2.4673,0.6202,37.118,0.03,0.0096,0.0109,0.862,0.036,0.114,0.997,1.0
0.95,0.1,0.8,0.03,0.01,6,4,0,2.4673,0.6202,42.439,0.0301,0.0091,0.0102,0.867,0.037,0.108,0.999,1.0
0.95,0.1,0.8,0.03,0.01,6,4,5,2.4673,0.6202,38.039,0.0303,0.0095,0.0105,0.87,0.044,0.098,0.999,0.999
0.95,0.1,0.8,0.03,0.01,6,4,10,2.4673,0.6202,33.629,0.0302,0.0101,0.0116,0.854,0.039,0.117,0.998,1.0
0.95,0.1,0.8,0.03,0.01,8,5,0,2.4673,0.6202,41.582,0.03,0.0092,0.0104,0.852,0.042,0.119,1.0,1.0
0.95,0.1,0.8,0.03,0.01,8,5,5,2.4673,0.6202,37.183,0.0301,0.0097,0.0109,0.858,0.04,0.114,0.996,1.0
0.95,0.1,0.8,0.03,0.01,8,5,10,2.4673,0.6202,32.695,0.0299,0.0102,0.0112,0.848,0.037,0.126,0.998,0.999
0.95,0.1,0.8,0.03,0.01,10,6,0,2.4673,0.6202,40.674,0.0301,0.0092,0.0103,0.877,0.047,0.101,0.999,1.0
0.95,0.1,0.8,0.03,0.01,10,6,5,2.4673,0.6202,36.26,0.0299,0.0097,0.011,0.854,0.044,0.128,0.996,1.0
0.95,0.1,0.8,0.03,0.01,10,6,10,2.4673,0.6202,31.817,0.0301,0.0105,0.0116,0.863,0.042,0.113,0.997,0.999
0.95,0.1,0.8,0.03,0.02,0,0,0,2.4673,0.6202,46.0,0.0301,0.0088,0.0109,0.807,0.04,0.132,0.998,1.0
0.95,0.1,0.8,0.03,0.02,0,0,5,2.4673,0.6202,41.589,0.03,0.0092,0.0113,0.819,0.043,0.129,0.996,1.0
0.95,0.1,0.8,0.03,0.02,0,0,10,2.4673,0.6202,37.196,0.0299,0.0098,0.0114,0.838,0.042,0.127,0.997,0.998
0.95,0.1,0.8,0.03,0.02,6,4,0,2.4673,0.6202,42.47,0.0301,0.0092,0.0108,0.848,0.043,0.113,0.999,1.0
0.95,0.1,0.8,0.03,0.02,6,4,5,2.4673,0.6202,38.005,0.0301,0.0097,0.0117,0.834,0.042,0.127,0.995,0.999
0.95,0.1,0.8,0.03,0.02,6,4,10,2.4673,0.6202,33.597,0.0303,0.0101,0.0121,0.855,0.044,0.11,0.984,0.997
0.95,0.1,0.8,0.03,0.02,8,5,0,2.4673,0.6202,41.573,0.0298,0.0092,0.0109,0.819,0.036,0.14,0.998,0.998
0.95,0.1,0.8,0.03,0.02,8,5,5,2.4673,0.6202,37.186,0.03,0.0097,0.0113,0.835,0.051,0.122,0.992,1.0
0.95,0.1,0.8,0.03,0.02,8,5,10,2.4673,0.6202,32.776,0.03,0.0103,0.0118,0.863,0.039,0.107,0.994,0.998
0.95,0.1,0.8,0.03,0.02,10,6,0,2.4673,0.6202,40.688,0.03,0.0093,0.0112,0.816,0.041,0.132,0.995,1.0
0.95,0.1,0.8,0.03,0.02,10,6,5,2.4673,0.6202,36.251,0.0301,0.0097,0.0117,0.835,0.039,0.12,0.996,0.999
0.95,0.1,0.8,0.03,0.02,10,6,10,2.4673,0.6202,31.863,0.0299,0.0104,0.012,0.838,0.038,0.125,0.991,0.999
0.95,0.1,0.9,0.0,0.0,0,0,0,2.4673,0.0055,46.0,-0.0001,0.0059,0.0063,0.916,1.0,1.0,0.028,0.022
0.95,0.1,0.9,0.0,0.0,0,0,5,2.4673,0.0055,41.571,-0.0001,0.0061,0.0065,0.915,1.0,1.0,0.031,0.025
0.95,0.1,0.9,0.0,0.0,0,0,10,2.4673,0.0055,37.217,-0.0001,0.0065,0.0071,0.894,1.0,1.0,0.028,0.027
0.95,0.1,0.9,0.0,0.0,6,4,0,2.4673,0.0055,42.429,-0.0001,0.0061,0.0064,0.926,1.0,1.0,0.031,0.023
0.95,0.1,0.9,0.0,0.0,6,4,5,2.4673,0.0055,38.001,-0.0001,0.0064,0.0069,0.906,1.0,1.0,0.033,0.028
0.95,0.1,0.9,0.0,0.0,6,4,10,2.4673,0.0055,33.643,-0.0,0.0068,0.0073,0.897,1.0,0.999,0.032,0.031
0.95,0.1,0.9,0.0,0.0,8,5,0,2.4673,0.0055,41.541,-0.0,0.0062,0.0067,0.904,1.0,1.0,0.032,0.028
0.95,0.1,0.9,0.0,0.0,8,5,5,2.4673,0.0055,37.183,0.0,0.0065,0.007,0.912,1.0,1.0,0.03,0.021
0.95,0.1,0.9,0.0,0.0,8,5,10,2.4673,0.0055,32.765,-0.0,0.0068,0.0076,0.911,1.0,0.998,0.034,0.031
0.95,0.1,0.9,0.0,0.0,10,6,0,2.4673,0.0055,40.683,-0.0001,0.0062,0.0066,0.914,1.0,1.0,0.028,0.024
0.95,0.1,0.9,0.0,0.0,10,6,5,2.4673,0.0055,36.342,-0.0,0.0066,0.0071,0.913,1.0,1.0,0.03,0.02
0.95,0.1,0.9,0.0,0.0,10,6,10,2.4673,0.0055,31.807,-0.0001,0.0069,0.0074,0.902,1.0,1.0,0.025,0.022
0.95,0.1,0.9,0.0,0.01,0,0,0,2.4673,0.0055,46.0,-0.0,0.0059,0.0068,0.878,1.0,1.0,0.027,0.038
0.95,0.1,0.9,0.0,0.01,0,0,5,2.4673,0.0055,41.539,-0.0001,0.0062,0.007,0.888,1.0,1.0,0.027,0.028
0.95,0.1,0.9,0.0,0.01,0,0,10,2.4673,0.0055,37.11,-0.0001,0.0064,0.0075,0.861,1.0,1.0,0.025,0.036
0.95,0.1,0.9,0.0,0.01,6,4,0,2.4673,0.0055,42.499,-0.0001,0.0061,0.0069,0.868,1.0,1.0,0.028,0.032
0.95,0.1,0.9,0.0,0.01,6,4,5,2.4673,0.0055,38.0,-0.0001,0.0065,0.0075,0.878,1.0,1.0,0.023,0.031
0.95,0.1,0.9,0.0,0.01,6,4,10,2.4673,0.0055,33.652,-0.0001,0.0067,0.0077,0.882,1.0,1.0,0.03,0.032
0.95,0.1,0.9,0.0,0.01,8,5,0,2.4673,0.0055,41.541,-0.0001,0.0062,0.0071,0.87,1.0,1.0,0.027,0.033
0.95,0.1,0.9,0.0,0.01,8,5,5,2.4673,0.0055,37.105,-0.0001,0.0065,0.0073,0.888,1.0,1.0,0.027,0.026
0.95,0.1,0.9,0.0,0.01,8,5,10,2.4673,0.0055,32.766,-0.0001,0.0069,0.0078,0.879,1.0,1.0,0.027,0.038
0.95,0.1,0.9,0.0,0.01,10,6,0,2.4673,0.0055,40.688,-0.0002,0.0062,0.0072,0.88,1.0,1.0,0.02,0.032
0.95,0.1,0.9,0.0,0.01,10,6,5,2.4673,0.0055,36.274,-0.0001,0.0066,0.0075,0.879,1.0,0.999,0.03,0.035
0.95,0.1,0.9,0.0,0.01,10,6,10,2.4673,0.0055,31.822,-0.0001,0.007,0.0081,0.881,1.0,0.998,0.027,0.036
0.95,0.1,0.9,0.0,0.02,0,0,0,2.4673,0.0055,46.0,-0.0001,0.006,0.0079,0.816,1.0,1.0,0.031,0.06
0.95,0.1,0.9,0.0,0.02,0,0,5,2.4673,0.0055,41.547,-0.0,0.0063,0.008,0.818,1.0,0.999,0.02,0.055
0.95,0.1,0.9,0.0,0.02,0,0,10,2.4673,0.0055,37.181,0.0001,0.0067,0.0084,0.833,1.0,0.998,0.03,0.055
0.95,0.1,0.9,0.0,0.02,6,4,0,2.4673,0.0055,42.445,0.0,0.0062,0.008,0.819,1.0,1.0,0.022,0.056
0.95,0.1,0.9,0.0,0.02,6,4,5,2.4673,0.0055,38.037,-0.0001,0.0065,0.0083,0.809,1.0,1.0,0.029,0.06
0.95,0.1,0.9,0.0,0.02,6,4,10,2.4673,0.0055,33.65,-0.0001,0.0069,0.0089,0.817,1.0,0.998,0.028,0.054
0.95,0.1,0.9,0.0,0.02,8,5,0,2.4673,0.0055,41.579,-0.0002,0.0063,0.0081,0.822,1.0,1.0,0.025,0.06
0.95,0.1,0.9,0.0,0.02,8,5,5,2.4673,0.0055,37.186,-0.0001,0.0067,0.0088,0.802,1.0,1.0,0.026,0.06
0.95,0.1,0.9,0.0,0.02,8,5,10,2.4673,0.0055,32.733,-0.0001,0.007,0.009,0.811,1.0,0.997,0.021,0.057
0.95,0.1,0.9,0.0,0.02,10,6,0,2.4673,0.0055,40.705,-0.0001,0.0064,0.0083,0.818,1.0,1.0,0.022,0.052
0.95,0.1,0.9,0.0,0.02,10,6,5,2.4673,0.0055,36.322,-0.0003,0.0066,0.0087,0.805,1.0,1.0,0.021,0.056
0.95,0.1,0.9,0.0,0.02,10,6,10,2.4673,0.0055,31.874,0.0001,0.0071,0.009,0.827,1.0,0.999,0.026,0.053
0.95,0.1,0.9,0.03,0.0,0,0,0,2.4673,0.6202,46.0,0.0301,0.0079,0.0082,0.889,0.029,0.09,1.0,1.0
0.95,0.1,0.9,0.03,0.0,0,0,5,2.4673,0.6202,41.56,0.0302,0.0083,0.0086,0.895,0.036,0.086,1.0,1.0
0.95,0.1,0.9,0.03,0.0,0,0,10,2.4673,0.6202,37.184,0.0301,0.0087,0.0091,0.878,0.033,0.102,1.0,1.0
0.95,0.1,0.9,0.03,0.0,6,4,0,2.4673,0.6202,42.468,0.0301,0.0082,0.0085,0.896,0.038,0.087,1.0,1.0
0.95,0.1,0.9,0.03,0.0,6,4,5,2.4673,0.6202,38.009,0.0302,0.0087,0.0089,0.892,0.039,0.088,1.0,1.0
0.95,0.1,0.9,0.03,0.0,6,4,10,2.4673,0.6202,33.566,0.0301,0.0092,0.0098,0.87,0.036,0.102,1.0,1.0
0.95,0.1,0.9,0.03,0.0,8,5,0,2.4673,0.6202,41.551,0.0301,0.0083,0.0087,0.886,0.039,0.088,1.0,1.0
0.95,0.1,0.9,0.03,0.0,8,5,5,2.4673,0.6202,37.129,0.0301,0.0087,0.0092,0.877,0.041,0.104,1.0,1.0
0.95,0.1,0.9,0.03,0.0,8,5,10,2.4673,0.6202,32.676,0.0302,0.0093,0.0099,0.878,0.034,0.101,1.0,1.0
0.95,0.1,0.9,0.03,0.0,10,6,0,2.4673,0.6202,40.691,0.0301,0.0084,0.0088,0.888,0.04,0.091,1.0,1.0
0.95,0.1,0.9,0.03,0.0,10,6,5,2.4673,0.6202,36.234,0.0301,0.0088,0.0096,0.872,0.037,0.103,1.0,1.0
0.95,0.1,0.9,0.03,0.0,10,6,10,2.4673,0.6202,31.916,0.0301,0.0094,0.01,0.882,0.036,0.099,1.0,1.0
0.95,0.1,0.9,0.03,0.01,0,0,0,2.4673,0.6202,46.0,0.0301,0.008,0.0085,0.878,0.035,0.095,1.0,1.0
0.95,0.1,0.9,0.03,0.01,0,0,5,2.4673,0.6202,41.535,0.0302,0.0084,0.0091,0.88,0.04,0.09,1.0,1.0
0.95,0.1,0.9,0.03,0.01,0,0,10,2.4673,0.6202,37.163,0.0301,0.0088,0.0093,0.879,0.034,0.092,1.0,1.0
0.95,0.1,0.9,0.03,0.01,6,4,0,2.4673,0.6202,42.447,0.0302,0.0083,0.009,0.878,0.035,0.094,1.0,1.0
0.95,0.1,0.9,0.03,0.01,6,4,5,2.4673,0.6202,38.045,0.0301,0.0087,0.0094,0.887,0.044,0.091,1.0,1.0
0.95,0.1,0.9,0.03,0.01,6,4,10,2.4673,0.6202,33.641,0.0303,0.0093,0.0102,0.867,0.038,0.106,1.0,1.0
0.95,0.1,0.9,0.03,0.01,8,5,0,2.4673,0.6202,41.536,0.0302,0.0084,0.0089,0.882,0.038,0.093,1.0,1.0
0.95,0.1,0.9,0.03,0.01,8,5,5,2.4673,0.6202,37.122,0.0303,0.0089,0.0097,0.873,0.031,0.092,1.0,1.0
0.95,0.1,0.9,0.03,0.01,8,5,10,2.4673,0.6202,32.689,0.0301,0.0093,0.0101,0.883,0.038,0.093,1.0,1.0
0.95,0.1,0.9,0.03,0.01,10,6,0,2.4673,0.6202,40.708,0.0302,0.0084,0.009,0.887,0.032,0.087,1.0,1.0
0.95,0.1,0.9,0.03,0.01,10,6,5,2.4673,0.6202,36.278,0.03,0.0089,0.0094,0.872,0.036,0.107,1.0,1.0
0.95,0.1,0.9,0.03,0.01,10,6,10,2.4673,0.6202,31.854,0.0298,0.0094,0.0103,0.88,0.039,0.101,1.0,1.0
0.95,0.1,0.9,0.03,0.02,0,0,0,2.4673,0.6202,46.0,0.0302,0.008,0.0098,0.819,0.045,0.12,1.0,1.0
0.95,0.1,0.9,0.03,0.02,0,0,5,2.4673,0.6202,41.603,0.03,0.0084,0.0102,0.826,0.041,0.121,0.998,1.0
0.95,0.1,0.9,0.03,0.02,0,0,10,2.4673,0.6202,37.152,0.0301,0.0089,0.0104,0.849,0.042,0.107,1.0,1.0
0.95,0.1,0.9,0.03,0.02,6,4,0,2.4673,0.6202,42.428,0.0302,0.0084,0.0098,0.85,0.035,0.104,0.999,1.0
0.95,0.1,0.9,0.03,0.02,6,4,5,2.4673,0.6202,38.041,0.0298,0.0087,0.0104,0.833,0.04,0.127,0.998,1.0
0.95,0.1,0.9,0.03,0.02,6,4,10,2.4673,0.6202,33.636,0.0302,0.0094,0.0106,0.855,0.041,0.104,0.999,1.0
0.95,0.1,0.9,0.03,0.02,8,5,0,2.4673,0.6202,41.596,0.0301,0.0084,0.0102,0.838,0.045,0.11,1.0,1.0
0.95,0.1,0.9,0.03,0.02,8,5,5,2.4673,0.6202,37.173,0.0299,0.0089,0.0102,0.86,0.048,0.103,1.0,1.0
0.95,0.1,0.9,0.03,0.02,8,5,10,2.4673,0.6202,32.693,0.0304,0.0096,0.0106,0.873,0.036,0.092,0.996,0.999
0.95,0.1,0.9,0.03,0.02,10,6,0,2.4673,0.6202,40.675,0.03,0.0084,0.0102,0.834,0.046,0.117,1.0,1.0
0.95,0.1,0.9,0.03,0.02,10,6,5,2.4673,0.6202,36.289,0.03,0.009,0.0107,0.847,0.037,0.107,0.996,0.999
0.95,0.1,0.9,0.03,0.02,10,6,10,2.4673,0.6202,31.822,0.0301,0.0095,0.0109,0.863,0.039,0.105,0.997,0.999
0.95,0.25,0.8,0.0,0.0,0,0,0,2.4673,0.034,46.0,-0.0001,0.009,0.0091,0.913,1.0,0.997,0.024,0.026
0.95,0.25,0.8,0.0,0.0,0,0,5,2.4673,0.034,41.578,-0.0002,0.0095,0.0096,0.916,1.0,0.993,0.027,0.025
0.95,0.25,0.8,0.0,0.0,0,0,10,2.4673,0.034,37.198,-0.0001,0.01,0.0101,0.917,0.999,0.986,0.027,0.027
0.95,0.25,0.8,0.0,0.0,6,4,0,2.4673,0.034,42.472,-0.0001,0.0094,0.0096,0.91,1.0,0.992,0.024,0.025
0.95,0.25,0.8,0.0,0.0,6,4,5,2.4673,0.034,38.021,-0.0001,0.0098,0.0101,0.902,0.998,0.986,0.024,0.022
0.95,0.25,0.8,0.0,0.0,6,4,10,2.4673,0.034,33.609,0.0001,0.0105,0.0108,0.894,0.994,0.977,0.024,0.029
0.95,0.25,0.8,0.0,0.0,8,5,0,2.4673,0.034,41.582,-0.0001,0.0095,0.0097,0.918,0.999,0.993,0.027,0.027
0.95,0.25,0.8,0.0,0.0,8,5,5,2.4673,0.034,37.127,-0.0001,0.01,0.0102,0.912,0.997,0.986,0.027,0.026
0.95,0.25,0.8,0.0,0.0,8,5,10,2.4673,0.034,32.71,-0.0001,0.0106,0.0107,0.916,0.996,0.979,0.023,0.027
0.95,0.25,0.8,0.0,0.0,10,6,0,2.4673,0.034,40.68,-0.0001,0.0095,0.0097,0.914,0.998,0.991,0.03,0.027
0.95,0.25,0.8,0.0,0.0,10,6,5,2.4673,0.034,36.301,-0.0001,0.01,0.0104,0.915,0.996,0.985,0.027,0.027
0.95,0.25,0.8,0.0,0.0,10,6,10,2.4673,0.034,31.832,-0.0003,0.0109,0.0112,0.907,0.994,0.971,0.025,0.021
0.95,0.25,0.8,0.0,0.01,0,0,0,2.4673,0.034,46.0,-0.0002,0.0091,0.0095,0.9,1.0,0.997,0.023,0.03
0.95,0.25,0.8,0.0,0.01,0,0,5,2.4673,0.034,41.584,-0.0002,0.0095,0.01,0.898,0.998,0.994,0.027,0.03
0.95,0.25,0.8,0.0,0.01,0,0,10,2.4673,0.034,37.166,-0.0001,0.0099,0.0105,0.904,0.996,0.987,0.02,0.028
0.95,0.25,0.8,0.0,0.01,6,4,0,2.4673,0.034,42.478,0.0,0.0094,0.0098,0.906,1.0,0.99,0.033,0.039
0.95,0.25,0.8,0.0,0.01,6,4,5,2.4673,0.034,38.028,-0.0,0.0099,0.0103,0.888,0.999,0.989,0.033,0.035
0.95,0.25,0.8,0.0,0.01,6,4,10,2.4673,0.034,33.584,0.0001,0.0105,0.0115,0.883,0.992,0.977,0.024,0.038
0.95,0.25,0.8,0.0,0.01,8,5,0,2.4673,0.034,41.608,-0.0,0.0094,0.0098,0.899,0.999,0.989,0.035,0.034
0.95,0.25,0.8,0.0,0.01,8,5,5,2.4673,0.034,37.13,-0.0002,0.0099,0.0106,0.888,0.996,0.989,0.024,0.038
0.95,0.25,0.8,0.0,0.01,8,5,10,2.4673,0.034,32.733,-0.0002,0.0106,0.011,0.903,0.996,0.973,0.024,0.026
0.95,0.25,0.8,0.0,0.01,10,6,0,2.4673,0.034,40.709,-0.0,0.0096,0.0103,0.888,0.999,0.992,0.03,0.033
0.95,0.25,0.8,0.0,0.01,10,6,5,2.4673,0.034,36.268,-0.0001,0.01,0.0106,0.904,0.999,0.99,0.024,0.037
0.95,0.25,0.8,0.0,0.01,10,6,10,2.4673,0.034,31.866,-0.0003,0.0108,0.0113,0.914,0.991,0.973,0.021,0.018
0.95,0.25,0.8,0.0,0.02,0,0,0,2.4673,0.034,46.0,-0.0,0.0091,0.0105,0.859,1.0,0.992,0.019,0.043
0.95,0.25,0.8,0.0,0.02,0,0,5,2.4673,0.034,41.595,-0.0001,0.0096,0.0109,0.862,0.991,0.986,0.024,0.05
0.95,0.25,0.8,0.0,0.02,0,0,10,2.4673,0.034,37.128,-0.0001,0.01,0.0113,0.861,0.987,0.985,0.024,0.046
0.95,0.25,0.8,0.0,0.02,6,4,0,2.4673,0.034,42.498,0.0001,0.0094,0.0108,0.864,0.996,0.988,0.026,0.045
0.95,0.25,0.8,0.0,0.02,6,4,5,2.4673,0.034,38.015,-0.0002,0.0098,0.0114,0.86,0.993,0.98,0.028,0.039
0.95,0.25,0.8,0.0,0.02,6,4,10,2.4673,0.034,33.571,0.0002,0.0107,0.0119,0.86,0.985,0.972,0.036,0.045
0.95,0.25,0.8,0.0,0.02,8,5,0,2.4673,0.034,41.604,-0.0002,0.0095,0.0105,0.879,0.997,0.989,0.02,0.036
0.95,0.25,0.8,0.0,0.02,8,5,5,2.4673,0.034,37.169,-0.0002,0.01,0.0111,0.884,0.993,0.984,0.025,0.036
0.95,0.25,0.8,0.0,0.02,8,5,10,2.4673,0.034,32.779,0.0001,0.0108,0.012,0.876,0.981,0.965,0.029,0.036
0.95,0.25,0.8,0.0,0.02,10,6,0,2.4673,0.034,40.71,0.0001,0.0097,0.0109,0.873,0.998,0.985,0.031,0.046
0.95,0.25,0.8,0.0,0.02,10,6,5,2.4673,0.034,36.258,-0.0002,0.0101,0.0116,0.87,0.993,0.981,0.027,0.042
0.95,0.25,0.8,0.0,0.02,10,6,10,2.4673,0.034,31.863,0.0001,0.0107,0.0121,0.879,0.983,0.96,0.031,0.045
0.95,0.25,0.8,0.03,0.0,0,0,0,2.4673,0.6558,46.0,0.0298,0.0091,0.0092,0.892,0.051,0.089,1.0,1.0
0.95,0.25,0.8,0.03,0.0,0,0,5,2.4673,0.6558,41.61,0.0297,0.0094,0.0097,0.894,0.041,0.09,1.0,0.999
0.95,0.25,0.8,0.03,0.0,0,0,10,2.4673,0.6558,37.146,0.0297,0.0101,0.0104,0.884,0.049,0.101,0.999,0.998
0.95,0.25,0.8,0.03,0.0,6,4,0,2.4673,0.6558,42.458,0.0299,0.0094,0.0096,0.891,0.044,0.089,1.0,1.0
0.95,0.25,0.8,0.03,0.0,6,4,5,2.4673,0.6558,38.006,0.0298,0.0099,0.0101,0.891,0.041,0.092,1.0,0.999
0.95,0.25,0.8,0.03,0.0,6,4,10,2.4673,0.6558,33.624,0.0298,0.0105,0.011,0.879,0.041,0.1,0.997,0.998
0.95,0.25,0.8,0.03,0.0,8,5,0,2.4673,0.6558,41.581,0.0298,0.0095,0.0097,0.884,0.044,0.096,1.0,1.0
0.95,0.25,0.8,0.03,0.0,8,5,5,2.4673,0.6558,37.186,0.0298,0.01,0.0102,0.894,0.04,0.086,0.999,0.998
0.95,0.25,0.8,0.03,0.0,8,5,10,2.4673,0.6558,32.715,0.0297,0.0107,0.0108,0.885,0.042,0.093,1.0,0.997
0.95,0.25,0.8,0.03,0.0,10,6,0,2.4673,0.6558,40.628,0.0298,0.0096,0.0098,0.891,0.041,0.088,1.0,0.999
0.95,0.25,0.8,0.03,0.0,10,6,5,2.4673,0.6558,36.251,0.0298,0.0102,0.0103,0.886,0.052,0.094,1.0,1.0
0.95,0.25,0.8,0.03,0.0,10,6,10,2.4673,0.6558,31.799,0.0296,0.0106,0.0111,0.88,0.046,0.108,0.998,0.998
0.95,0.25,0.8,0.03,0.01,0,0,0,2.4673,0.6558,46.0,0.0299,0.0091,0.0095,0.893,0.04,0.086,1.0,1.0
0.95,0.25,0.8,0.03,0.01,0,0,5,2.4673,0.6558,41.56,0.0298,0.0095,0.01,0.884,0.042,0.092,0.999,0.999
0.95,0.25,0.8,0.03,0.01,0,0,10,2.4673,0.6558,37.161,0.0297,0.01,0.0107,0.873,0.042,0.098,0.996,0.997
0.95,0.25,0.8,0.03,0.01,6,4,0,2.4673,0.6558,42.447,0.0297,0.0095,0.0098,0.881,0.043,0.099,1.0,0.999
0.95,0.25,0.8,0.03,0.01,6,4,5,2.4673,0.6558,38.012,0.0299,0.01,0.0107,0.865,0.038,0.108,0.996,0.999
0.95,0.25,0.8,0.03,0.01,6,4,10,2.4673,0.6558,33.601,0.0299,0.0106,0.0112,0.878,0.049,0.096,0.998,0.996
0.95,0.25,0.8,0.03,0.01,8,5,0,2.4673,0.6558,41.566,0.0297,0.0096,0.0101,0.861,0.046,0.114,0.999,0.998
0.95,0.25,0.8,0.03,0.01,8,5,5,2.4673,0.6558,37.146,0.0297,0.01,0.0107,0.876,0.042,0.103,0.996,0.998
0.95,0.25,0.8,0.03,0.01,8,5,10,2.4673,0.6558,32.744,0.0297,0.0106,0.0114,0.867,0.047,0.108,0.994,0.998
0.95,0.25,0.8,0.03,0.01,10,6,0,2.4673,0.6558,40.696,0.0298,0.0097,0.0103,0.881,0.046,0.091,0.998,0.998
0.95,0.25,0.8,0.03,0.01,10,6,5,2.4673,0.6558,36.234,0.0297,0.0101,0.0106,0.882,0.048,0.103,1.0,0.998
0.95,0.25,0.8,0.03,0.01,10,6,10,2.4673,0.6558,31.838,0.0298,0.0108,0.0116,0.883,0.046,0.096,0.993,0.996
0.95,0.25,0.8,0.03,0.02,0,0,0,2.4673,0.6558,46.0,0.0297,0.0092,0.0102,0.855,0.049,0.115,0.999,0.999
0.95,0.25,0.8,0.03,0.02,0,0,5,2.4673,0.6558,41.566,0.0298,0.0096,0.0108,0.852,0.047,0.112,0.999,1.0
0.95,0.25,0.8,0.03,0.02,0,0,10,2.4673,0.6558,37.15,0.0299,0.0102,0.0115,0.86,0.038,0.1,0.993,0.998
0.95,0.25,0.8,0.03,0.02,6,4,0,2.4673,0.6558,42.488,0.0297,0.0095,0.0112,0.839,0.049,0.118,0.993,0.999
0.95,0.25,0.8,0.03,0.02,6,4,5,2.4673,0.6558,38.027,0.0298,0.0101,0.011,0.859,0.049,0.113,0.998,0.998
0.95,0.25,0.8,0.03,0.02,6,4,10,2.4673,0.6558,33.586,0.0298,0.0108,0.0119,0.851,0.047,0.115,0.992,0.996
0.95,0.25,0.8,0.03,0.02,8,5,0,2.4673,0.6558,41.581,0.0299,0.0096,0.0106,0.869,0.041,0.099,0.998,1.0
0.95,0.25,0.8,0.03,0.02,8,5,5,2.4673,0.6558,37.197,0.0298,0.0101,0.0119,0.833,0.049,0.129,0.989,0.996
0.95,0.25,0.8,0.03,0.02,8,5,10,2.4673,0.6558,32.725,0.0297,0.0108,0.0124,0.841,0.039,0.12,0.982,0.996
0.95,0.25,0.8,0.03,0.02,10,6,0,2.4673,0.6558,40.673,0.0295,0.0096,0.0108,0.856,0.054,0.111,0.999,0.999
0.95,0.25,0.8,0.03,0.02,10,6,5,2.4673,0.6558,36.305,0.0297,0.0101,0.0115,0.848,0.043,0.112,0.994,0.997
0.95,0.25,0.8,0.03,0.02,10,6,10,2.4673,0.6558,31.797,0.0297,0.0109,0.0119,0.863,0.039,0.102,0.99,0.995
0.95,0.25,0.9,0.0,0.0,0,0,0,2.4673,0.034,46.0,0.0001,0.0075,0.0077,0.901,1.0,1.0,0.026,0.028
0.95,0.25,0.9,0.0,0.0,0,0,5,2.4673,0.034,41.599,0.0002,0.0078,0.0081,0.897,1.0,1.0,0.021,0.032
0.95,0.25,0.9,0.0,0.0,0,0,10,2.4673,0.034,37.1,0.0002,0.0083,0.0085,0.909,1.0,0.998,0.028,0.038
0.95,0.25,0.9,0.0,0.0,6,4,0,2.4673,0.034,42.46,0.0001,0.0078,0.008,0.905,1.0,0.999,0.022,0.027
0.95,0.25,0.9,0.0,0.0,6,4,5,2.4673,0.034,38.039,0.0001,0.0081,0.0084,0.911,1.0,0.996,0.026,0.029
0.95,0.25,0.9,0.0,0.0,6,4,10,2.4673,0.034,33.619,-0.0001,0.0087,0.0091,0.902,1.0,0.993,0.024,0.029
0.95,0.25,0.9,0.0,0.0,8,5,0,2.4673,0.034,41.569,0.0001,0.0079,0.008,0.9,1.0,0.999,0.023,0.03
0.95,0.25,0.9,0.0,0.0,8,5,5,2.4673,0.034,37.162,0.0001,0.0083,0.0087,0.899,0.999,0.996,0.02,0.023
0.95,0.25,0.9,0.0,0.0,8,5,10,2.4673,0.034,32.722,0.0002,0.0088,0.0091,0.921,0.999,0.992,0.025,0.025
0.95,0.25,0.9,0.0,0.0,10,6,0,2.4673,0.034,40.705,0.0001,0.0079,0.0082,0.909,1.0,1.0,0.022,0.024
0.95,0.25,0.9,0.0,0.0,10,6,5,2.4673,0.034,36.273,0.0002,0.0085,0.0086,0.912,1.0,0.999,0.026,0.034
0.95,0.25,0.9,0.0,0.0,10,6,10,2.4673,0.034,31.916,-0.0001,0.009,0.0093,0.913,1.0,0.99,0.026,0.026
0.95,0.25,0.9,0.0,0.01,0,0,0,2.4673,0.034,46.0,0.0001,0.0076,0.0082,0.884,1.0,1.0,0.019,0.035
0.95,0.25,0.9,0.0,0.01,0,0,5,2.4673,0.034,41.585,0.0002,0.0079,0.0086,0.887,1.0,0.999,0.025,0.042
0.95,0.25,0.9,0.0,0.01,0,0,10,2.4673,0.034,37.128,0.0001,0.0084,0.009,0.881,1.0,0.994,0.023,0.039
0.95,0.25,0.9,0.0,0.01,6,4,0,2.4673,0.034,42.436,0.0001,0.0079,0.0084,0.892,0.999,0.998,0.02,0.043
0.95,0.25,0.9,0.0,0.01,6,4,5,2.4673,0.034,37.985,0.0002,0.0083,0.0088,0.888,1.0,0.997,0.032,0.043
0.95,0.25,0.9,0.0,0.01,6,4,10,2.4673,0.034,33.66,0.0001,0.0088,0.0098,0.871,0.999,0.987,0.02,0.041
0.95,0.25,0.9,0.0,0.01,8,5,0,2.4673,0.034,41.566,0.0001,0.0079,0.0085,0.883,1.0,0.999,0.028,0.036
0.95,0.25,0.9,0.0,0.01,8,5,5,2.4673,0.034,37.173,0.0002,0.0083,0.0088,0.887,1.0,0.995,0.025,0.032
0.95,0.25,0.9,0.0,0.01,8,5,10,2.4673,0.034,32.729,0.0002,0.0089,0.0092,0.888,0.999,0.991,0.027,0.032
0.95,0.25,0.9,0.0,0.01,10,6,0,2.4673,0.034,40.678,0.0001,0.008,0.0085,0.893,1.0,0.999,0.025,0.035
0.95,0.25,0.9,0.0,0.01,10,6,5,2.4673,0.034,36.292,0.0002,0.0084,0.0088,0.885,1.0,0.997,0.022,0.034
0.95,0.25,0.9,0.0,0.01,10,6,10,2.4673,0.034,31.857,0.0001,0.0089,0.0093,0.905,0.999,0.993,0.024,0.028
0.95,0.25,0.9,0.0,0.02,0,0,0,2.4673,0.034,46.0,-0.0001,0.0077,0.0091,0.836,0.999,0.998,0.024,0.049
0.95,0.25,0.9,0.0,0.02,0,0,5,2.4673,0.034,41.585,0.0001,0.008,0.0094,0.831,1.0,0.998,0.027,0.065
0.95,0.25,0.9,0.0,0.02,0,0,10,2.4673,0.034,37.123,0.0001,0.0083,0.0098,0.863,0.998,0.994,0.028,0.053
0.95,0.25,0.9,0.0,0.02,6,4,0,2.4673,0.034,42.468,0.0002,0.0079,0.0095,0.847,0.998,0.997,0.024,0.058
0.95,0.25,0.9,0.0,0.02,6,4,5,2.4673,0.034,38.063,0.0001,0.0083,0.0094,0.872,0.999,0.998,0.027,0.049
0.95,0.25,0.9,0.0,0.02,6,4,10,2.4673,0.034,33.67,0.0,0.0089,0.01,0.862,0.999,0.994,0.019,0.051
0.95,0.25,0.9,0.0,0.02,8,5,0,2.4673,0.034,41.583,0.0002,0.008,0.0093,0.847,1.0,0.997,0.028,0.048
0.95,0.25,0.9,0.0,0.02,8,5,5,2.4673,0.034,37.161,0.0002,0.0085,0.0102,0.827,0.999,0.996,0.025,0.057
0.95,0.25,0.9,0.0,0.02,8,5,10,2.4673,0.034,32.652,0.0005,0.009,0.0103,0.844,0.998,0.993,0.024,0.054
0.95,0.25,0.9,0.0,0.02,10,6,0,2.4673,0.034,40.669,0.0,0.0081,0.0096,0.831,1.0,0.999,0.022,0.056
0.95,0.25,0.9,0.0,0.02,10,6,5,2.4673,0.034,36.273,0.0002,0.0085,0.0099,0.848,0.999,0.995,0.023,0.05
0.95,0.25,0.9,0.0,0.02,10,6,10,2.4673,0.034,31.842,0.0003,0.0091,0.0106,0.845,0.998,0.989,0.027,0.061
0.95,0.25,0.9,0.03,0.0,0,0,0,2.4673,0.6558,46.0,0.0297,0.0084,0.0086,0.88,0.051,0.1,1.0,1.0
0.95,0.25,0.9,0.03,0.0,0,0,5,2.4673,0.6558,41.575,0.0297,0.0088,0.0091,0.88,0.051,0.096,1.0,1.0
0.95,0.25,0.9,0.03,0.0,0,0,10,2.4673,0.6558,37.131,0.0297,0.0093,0.0096,0.864,0.053,0.11,1.0,1.0
0.95,0.25,0.9,0.03,0.0,6,4,0,2.4673,0.6558,42.443,0.0297,0.0087,0.009,0.877,0.044,0.103,1.0,1.0
0.95,0.25,0.9,0.03,0.0,6,4,5,2.4673,0.6558,38.029,0.0298,0.0091,0.0095,0.871,0.04,0.111,1.0,1.0
0.95,0.25,0.9,0.03,0.0,6,4,10,2.4673,0.6558,33.571,0.0298,0.0096,0.01,0.879,0.049,0.104,1.0,1.0
0.95,0.25,0.9,0.03,0.0,8,5,0,2.4673,0.6558,41.565,0.0297,0.0088,0.0091,0.877,0.05,0.097,1.0,1.0
0.95,0.25,0.9,0.03,0.0,8,5,5,2.4673,0.6558,37.14,0.0296,0.0093,0.0096,0.876,0.055,0.109,1.0,1.0
0.95,0.25,0.9,0.03,0.0,8,5,10,2.4673,0.6558,32.752,0.0296,0.0097,0.0102,0.867,0.053,0.117,0.999,1.0
0.95,0.25,0.9,0.03,0.0,10,6,0,2.4673,0.6558,40.662,0.0297,0.0089,0.0091,0.883,0.054,0.105,1.0,1.0
0.95,0.25,0.9,0.03,0.0,10,6,5,2.4673,0.6558,36.226,0.0298,0.0093,0.0099,0.876,0.05,0.109,1.0,1.0
0.95,0.25,0.9,0.03,0.0,10,6,10,2.4673,0.6558,31.878,0.0297,0.0099,0.0104,0.869,0.053,0.114,0.999,1.0
0.95,0.25,0.9,0.03,0.01,0,0,0,2.4673,0.6558,46.0,0.0297,0.0084,0.0089,0.865,0.05,0.116,1.0,1.0
0.95,0.25,0.9,0.03,0.01,0,0,5,2.4673,0.6558,41.531,0.0297,0.0088,0.0095,0.862,0.048,0.113,1.0,1.0
0.95,0.25,0.9,0.03,0.01,0,0,10,2.4673,0.6558,37.139,0.0298,0.0093,0.0102,0.859,0.051,0.11,0.999,1.0
0.95,0.25,0.9,0.03,0.01,6,4,0,2.4673,0.6558,42.46,0.0296,0.0087,0.0095,0.856,0.054,0.116,1.0,1.0
0.95,0.25,0.9,0.03,0.01,6,4,5,2.4673,0.6558,38.073,0.0297,0.0092,0.0098,0.868,0.053,0.111,1.0,1.0
0.95,0.25,0.9,0.03,0.01,6,4,10,2.4673,0.6558,33.589,0.0297,0.0096,0.0107,0.862,0.043,0.115,0.997,1.0
0.95,0.25,0.9,0.03,0.01,8,5,0,2.4673,0.6558,41.561,0.0298,0.0088,0.0094,0.867,0.048,0.104,1.0,1.0
0.95,0.25,0.9,0.03,0.01,8,5,5,2.4673,0.6558,37.188,0.0297,0.0092,0.0098,0.872,0.048,0.109,1.0,1.0
0.95,0.25,0.9,0.03,0.01,8,5,10,2.4673,0.6558,32.752,0.0296,0.0098,0.0104,0.869,0.051,0.114,0.999,1.0
0.95,0.25,0.9,0.03,0.01,10,6,0,2.4673,0.6558,40.71,0.0298,0.0089,0.0095,0.868,0.045,0.108,1.0,1.0
0.95,0.25,0.9,0.03,0.01,10,6,5,2.4673,0.6558,36.265,0.0298,0.0095,0.0098,0.875,0.041,0.102,1.0,1.0
0.95,0.25,0.9,0.03,0.01,10,6,10,2.4673,0.6558,31.811,0.0297,0.01,0.0104,0.872,0.053,0.109,0.999,1.0
0.95,0.25,0.9,0.03,0.02,0,0,0,2.4673,0.6558,46.0,0.0297,0.0084,0.0098,0.849,0.06,0.113,0.999,1.0
0.95,0.25,0.9,0.03,0.02,0,0,5,2.4673,0.6558,41.571,0.0296,0.0089,0.0106,0.819,0.054,0.135,0.999,1.0
0.95,0.25,0.9,0.03,0.02,0,0,10,2.4673,0.6558,37.135,0.0299,0.0094,0.0111,0.855,0.052,0.11,0.996,0.999
0.95,0.25,0.9,0.03,0.02,6,4,0,2.4673,0.6558,42.467,0.0296,0.0088,0.0104,0.817,0.06,0.137,0.999,1.0
0.95,0.25,0.9,0.03,0.02,6,4,5,2.4673,0.6558,38.083,0.0299,0.0092,0.0107,0.828,0.043,0.129,0.997,1.0
0.95,0.25,0.9,0.03,0.02,6,4,10,2.4673,0.6558,33.572,0.0297,0.0098,0.0112,0.85,0.048,0.121,0.996,1.0
0.95,0.25,0.9,0.03,0.02,8,5,0,2.4673,0.6558,41.566,0.0297,0.0089,0.0105,0.825,0.044,0.129,0.998,1.0
0.95,0.25,0.9,0.03,0.02,8,5,5,2.4673,0.6558,37.169,0.0295,0.0095,0.0108,0.832,0.057,0.136,0.991,1.0
0.95,0.25,0.9,0.03,0.02,8,5,10,2.4673,0.6558,32.712,0.0298,0.01,0.011,0.861,0.047,0.113,0.996,1.0
0.95,0.25,0.9,0.03,0.02,10,6,0,2.4673,0.6558,40.709,0.0296,0.009,0.0102,0.852,0.054,0.117,1.0,1.0
0.95,0.25,0.9,0.03,0.02,10,6,5,2.4673,0.6558,36.272,0.0298,0.0094,0.011,0.83,0.046,0.127,0.998,1.0
0.95,0.25,0.9,0.03,0.02,10,6,10,2.4673,0.6558,31.874,0.0296,0.01,0.0111,0.86,0.051,0.114,0.995,1.0
0.95,0.5,0.8,0.0,0.0,0,0,0,2.4673,0.1335,46.0,-0.0002,0.0125,0.0126,0.895,0.972,0.941,0.02,0.032
0.95,0.5,0.8,0.0,0.0,0,0,5,2.4673,0.1335,41.538,-0.0001,0.0131,0.0134,0.896,0.957,0.925,0.02,0.039
0.95,0.5,0.8,0.0,0.0,0,0,10,2.4673,0.1335,37.189,-0.0002,0.0138,0.0137,0.895,0.942,0.905,0.022,0.033
0.95,0.5,0.8,0.0,0.0,6,4,0,2.4673,0.1335,42.443,-0.0001,0.013,0.0131,0.893,0.958,0.927,0.024,0.03
0.95,0.5,0.8,0.0,0.0,6,4,5,2.4673,0.1335,38.016,-0.0001,0.0137,0.0136,0.915,0.957,0.906,0.015,0.028
0.95,0.5,0.8,0.0,0.0,6,4,10,2.4673,0.1335,33.58,0.0,0.0146,0.0147,0.903,0.905,0.855,0.019,0.033
0.95,0.5,0.8,0.0,0.0,8,5,0,2.4673,0.1335,41.528,-0.0001,0.013,0.0132,0.9,0.962,0.923,0.021,0.027
0.95,0.5,0.8,0.0,0.0,8,5,5,2.4673,0.1335,37.15,-0.0004,0.0139,0.0141,0.896,0.929,0.895,0.016,0.031
0.95,0.5,0.8,0.0,0.0,8,5,10,2.4673,0.1335,32.754,0.0,0.0146,0.0151,0.904,0.896,0.832,0.02,0.034
0.95,0.5,0.8,0.0,0.0,10,6,0,2.4673,0.1335,40.661,-0.0002,0.0131,0.0135,0.897,0.95,0.921,0.02,0.028
0.95,0.5,0.8,0.0,0.0,10,6,5,2.4673,0.1335,36.264,-0.0003,0.014,0.0142,0.902,0.932,0.883,0.021,0.037
0.95,0.5,0.8,0.0,0.0,10,6,10,2.4673,0.1335,31.805,-0.0001,0.015,0.0152,0.913,0.885,0.84,0.02,0.036
0.95,0.5,0.8,0.0,0.01,0,0,0,2.4673,0.1335,46.0,-0.0002,0.0125,0.0129,0.889,0.967,0.938,0.016,0.028
0.95,0.5,0.8,0.0,0.01,0,0,5,2.4673,0.1335,41.595,-0.0001,0.0131,0.0135,0.901,0.95,0.922,0.025,0.04
0.95,0.5,0.8,0.0,0.01,0,0,10,2.4673,0.1335,37.149,-0.0002,0.0139,0.0145,0.889,0.919,0.88,0.02,0.039
0.95,0.5,0.8,0.0,0.01,6,4,0,2.4673,0.1335,42.482,-0.0001,0.013,0.0132,0.898,0.961,0.924,0.02,0.032
0.95,0.5,0.8,0.0,0.01,6,4,5,2.4673,0.1335,38.006,-0.0002,0.0136,0.0143,0.883,0.927,0.897,0.017,0.037
0.95,0.5,0.8,0.0,0.01,6,4,10,2.4673,0.1335,33.632,0.0,0.0145,0.0148,0.895,0.911,0.86,0.02,0.033
0.95,0.5,0.8,0.0,0.01,8,5,0,2.4673,0.1335,41.591,-0.0001,0.0132,0.0133,0.895,0.959,0.922,0.023,0.034
0.95,0.5,0.8,0.0,0.01,8,5,5,2.4673,0.1335,37.165,-0.0,0.0138,0.0142,0.901,0.924,0.887,0.024,0.043
0.95,0.5,0.8,0.0,0.01,8,5,10,2.4673,0.1335,32.698,-0.0001,0.0146,0.0153,0.908,0.888,0.83,0.019,0.034
0.95,0.5,0.8,0.0,0.01,10,6,0,2.4673,0.1335,40.692,-0.0001,0.0133,0.0134,0.895,0.956,0.918,0.023,0.032
0.95,0.5,0.8,0.0,0.01,10,6,5,2.4673,0.1335,36.246,-0.0001,0.014,0.0148,0.886,0.916,0.868,0.024,0.048
0.95,0.5,0.8,0.0,0.01,10,6,10,2.4673,0.1335,31.844,0.0,0.0148,0.0156,0.888,0.863,0.829,0.025,0.04
0.95,0.5,0.8,0.0,0.02,0,0,0,2.4673,0.1335,46.0,-0.0003,0.0125,0.0136,0.875,0.945,0.93,0.025,0.05
0.95,0.5,0.8,0.0,0.02,0,0,5,2.4673,0.1335,41.593,-0.0004,0.0131,0.0141,0.88,0.937,0.917,0.014,0.034
0.95,0.5,0.8,0.0,0.02,0,0,10,2.4673,0.1335,37.189,0.0001,0.014,0.0149,0.88,0.897,0.861,0.025,0.047
0.95,0.5,0.8,0.0,0.02,6,4,0,2.4673,0.1335,42.433,-0.0003,0.0131,0.0142,0.879,0.929,0.915,0.022,0.039
0.95,0.5,0.8,0.0,0.02,6,4,5,2.4673,0.1335,38.056,-0.0002,0.0138,0.0147,0.883,0.917,0.896,0.02,0.038
0.95,0.5,0.8,0.0,0.02,6,4,10,2.4673,0.1335,33.632,-0.0003,0.0146,0.0157,0.894,0.883,0.841,0.018,0.034
0.95,0.5,0.8,0.0,0.02,8,5,0,2.4673,0.1335,41.55,-0.0,0.0132,0.0143,0.882,0.93,0.906,0.018,0.038
0.95,0.5,0.8,0.0,0.02,8,5,5,2.4673,0.1335,37.129,-0.0002,0.0139,0.0149,0.877,0.896,0.881,0.016,0.041
0.95,0.5,0.8,0.0,0.02,8,5,10,2.4673,0.1335,32.746,-0.0001,0.0148,0.0156,0.897,0.874,0.83,0.024,0.038
0.95,0.5,0.8,0.0,0.02,10,6,0,2.4673,0.1335,40.717,-0.0001,0.0132,0.0143,0.879,0.928,0.912,0.024,0.043
0.95,0.5,0.8,0.0,0.02,10,6,5,2.4673,0.1335,36.241,-0.0001,0.0139,0.0149,0.888,0.907,0.866,0.023,0.04
0.95,0.5,0.8,0.0,0.02,10,6,10,2.4673,0.1335,31.843,-0.0003,0.0149,0.016,0.888,0.844,0.809,0.021,0.038
0.95,0.5,0.8,0.03,0.0,0,0,0,2.4673,0.78,46.0,0.0298,0.0103,0.0103,0.901,0.046,0.075,0.998,0.995
0.95,0.5,0.8,0.03,0.0,0,0,5,2.4673,0.78,41.576,0.0298,0.0108,0.0108,0.906,0.043,0.076,0.997,0.993
0.95,0.5,0.8,0.03,0.0,0,0,10,2.4673,0.78,37.118,0.0296,0.0113,0.0114,0.886,0.05,0.094,0.993,0.99
0.95,0.5,0.8,0.03,0.0,6,4,0,2.4673,0.78,42.398,0.0298,0.0106,0.0108,0.901,0.039,0.076,0.998,0.994
0.95,0.5,0.8,0.03,0.0,6,4,5,2.4673,0.78,38.075,0.0297,0.0113,0.0117,0.892,0.041,0.086,0.996,0.991
0.95,0.5,0.8,0.03,0.0,6,4,10,2.4673,0.78,33.606,0.0297,0.012,0.0119,0.895,0.045,0.087,0.989,0.984
0.95,0.5,0.8,0.03,0.0,8,5,0,2.4673,0.78,41.53,0.0298,0.0109,0.011,0.907,0.037,0.07,0.998,0.995
0.95,0.5,0.8,0.03,0.0,8,5,5,2.4673,0.78,37.173,0.0299,0.0115,0.0116,0.911,0.041,0.068,0.994,0.992
0.95,0.5,0.8,0.03,0.0,8,5,10,2.4673,0.78,32.782,0.0295,0.0121,0.0125,0.889,0.049,0.089,0.981,0.977
0.95,0.5,0.8,0.03,0.0,10,6,0,2.4673,0.78,40.676,0.0297,0.0109,0.0108,0.901,0.043,0.085,0.996,0.992
0.95,0.5,0.8,0.03,0.0,10,6,5,2.4673,0.78,36.25,0.0298,0.0117,0.0116,0.901,0.042,0.08,0.991,0.99
0.95,0.5,0.8,0.03,0.0,10,6,10,2.4673,0.78,31.842,0.0298,0.0121,0.0122,0.91,0.039,0.074,0.987,0.981
0.95,0.5,0.8,0.03,0.01,0,0,0,2.4673,0.78,46.0,0.0298,0.0104,0.0105,0.891,0.045,0.084,0.999,0.996
0.95,0.5,0.8,0.03,0.01,0,0,5,2.4673,0.78,41.582,0.0297,0.0109,0.0109,0.902,0.045,0.081,0.997,0.993
0.95,0.5,0.8,0.03,0.01,0,0,10,2.4673,0.78,37.165,0.0297,0.0115,0.0119,0.882,0.044,0.09,0.991,0.988
0.95,0.5,0.8,0.03,0.01,6,4,0,2.4673,0.78,42.474,0.0298,0.0107,0.0111,0.892,0.04,0.081,0.998,0.996
0.95,0.5,0.8,0.03,0.01,6,4,5,2.4673,0.78,37.996,0.0298,0.0114,0.0117,0.899,0.044,0.082,0.989,0.989
0.95,0.5,0.8,0.03,0.01,6,4,10,2.4673,0.78,33.594,0.0298,0.012,0.012,0.9,0.042,0.079,0.99,0.986
0.95,0.5,0.8,0.03,0.01,8,5,0,2.4673,0.78,41.574,0.0297,0.0109,0.0111,0.901,0.046,0.079,0.997,0.994
0.95,0.5,0.8,0.03,0.01,8,5,5,2.4673,0.78,37.146,0.0299,0.0114,0.0118,0.902,0.043,0.073,0.994,0.987
0.95,0.5,0.8,0.03,0.01,8,5,10,2.4673,0.78,32.766,0.03,0.0122,0.0126,0.897,0.033,0.078,0.982,0.986
0.95,0.5,0.8,0.03,0.01,10,6,0,2.4673,0.78,40.706,0.0296,0.011,0.0112,0.885,0.048,0.09,0.994,0.991
0.95,0.5,0.8,0.03,0.01,10,6,5,2.4673,0.78,36.281,0.0299,0.0117,0.0123,0.873,0.04,0.094,0.988,0.99
0.95,0.5,0.8,0.03,0.01,10,6,10,2.4673,0.78,31.868,0.0297,0.0124,0.0127,0.894,0.039,0.087,0.983,0.979
0.95,0.5,0.8,0.03,0.02,0,0,0,2.4673,0.78,46.0,0.0297,0.0104,0.0111,0.874,0.052,0.095,0.995,0.995
0.95,0.5,0.8,0.03,0.02,0,0,5,2.4673,0.78,41.58,0.0296,0.0109,0.0122,0.846,0.053,0.116,0.99,0.991
0.95,0.5,0.8,0.03,0.02,0,0,10,2.4673,0.78,37.131,0.0298,0.0116,0.0122,0.888,0.049,0.08,0.982,0.983
0.95,0.5,0.8,0.03,0.02,6,4,0,2.4673,0.78,42.459,0.0297,0.0108,0.0114,0.876,0.045,0.092,0.991,0.996
0.95,0.5,0.8,0.03,0.02,6,4,5,2.4673,0.78,38.018,0.0298,0.0114,0.0123,0.883,0.048,0.085,0.983,0.987
0.95,0.5,0.8,0.03,0.02,6,4,10,2.4673,0.78,33.627,0.0297,0.0121,0.0127,0.883,0.045,0.094,0.976,0.976
0.95,0.5,0.8,0.03,0.02,8,5,0,2.4673,0.78,41.577,0.0297,0.0109,0.012,0.869,0.054,0.099,0.988,0.988
0.95,0.5,0.8,0.03,0.02,8,5,5,2.4673,0.78,37.171,0.0299,0.0117,0.0126,0.866,0.051,0.101,0.98,0.989
0.95,0.5,0.8,0.03,0.02,8,5,10,2.4673,0.78,32.762,0.0295,0.0122,0.0135,0.866,0.048,0.102,0.957,0.971
0.95,0.5,0.8,0.03,0.02,10,6,0,2.4673,0.78,40.705,0.03,0.0111,0.0122,0.859,0.043,0.1,0.989,0.992
0.95,0.5,0.8,0.03,0.02,10,6,5,2.4673,0.78,36.248,0.0297,0.0117,0.0126,0.874,0.051,0.101,0.979,0.985
0.95,0.5,0.8,0.03,0.02,10,6,10,2.4673,0.78,31.842,0.0299,0.0124,0.0132,0.885,0.04,0.087,0.972,0.979
0.95,0.5,0.9,0.0,0.0,0,0,0,2.4673,0.1335,46.0,-0.0001,0.0115,0.0119,0.891,0.987,0.962,0.019,0.036
0.95,0.5,0.9,0.0,0.0,0,0,5,2.4673,0.1335,41.569,-0.0002,0.0121,0.0123,0.909,0.98,0.948,0.017,0.032
0.95,0.5,0.9,0.0,0.0,0,0,10,2.4673,0.1335,37.106,-0.0002,0.0128,0.0131,0.901,0.969,0.931,0.014,0.029
0.95,0.5,0.9,0.0,0.0,6,4,0,2.4673,0.1335,42.476,-0.0001,0.012,0.0124,0.897,0.976,0.951,0.022,0.036
0.95,0.5,0.9,0.0,0.0,6,4,5,2.4673,0.1335,38.024,-0.0001,0.0125,0.013,0.901,0.966,0.932,0.017,0.035
0.95,0.5,0.9,0.0,0.0,6,4,10,2.4673,0.1335,33.588,-0.0001,0.0132,0.014,0.89,0.945,0.901,0.016,0.043
0.95,0.5,0.9,0.0,0.0,8,5,0,2.4673,0.1335,41.596,-0.0001,0.0122,0.0124,0.896,0.979,0.96,0.023,0.038
0.95,0.5,0.9,0.0,0.0,8,5,5,2.4673,0.1335,37.123,-0.0002,0.0128,0.0133,0.899,0.962,0.924,0.013,0.03
0.95,0.5,0.9,0.0,0.0,8,5,10,2.4673,0.1335,32.795,0.0,0.0134,0.0143,0.909,0.933,0.891,0.019,0.032
0.95,0.5,0.9,0.0,0.0,10,6,0,2.4673,0.1335,40.677,-0.0002,0.0121,0.0126,0.889,0.972,0.947,0.025,0.04
0.95,0.5,0.9,0.0,0.0,10,6,5,2.4673,0.1335,36.266,-0.0,0.013,0.0134,0.904,0.952,0.92,0.023,0.039
0.95,0.5,0.9,0.0,0.0,10,6,10,2.4673,0.1335,31.878,-0.0,0.0137,0.0147,0.895,0.908,0.865,0.016,0.038
0.95,0.5,0.9,0.0,0.01,0,0,0,2.4673,0.1335,46.0,-0.0002,0.0115,0.0121,0.89,0.98,0.962,0.018,0.038
0.95,0.5,0.9,0.0,0.01,0,0,5,2.4673,0.1335,41.566,-0.0001,0.0121,0.0127,0.888,0.971,0.945,0.027,0.049
0.95,0.5,0.9,0.0,0.01,0,0,10,2.4673,0.1335,37.196,0.0,0.0128,0.0135,0.892,0.956,0.923,0.02,0.036
0.95,0.5,0.9,0.0,0.01,6,4,0,2.4673,0.1335,42.464,0.0001,0.012,0.0126,0.894,0.973,0.951,0.027,0.042
0.95,0.5,0.9,0.0,0.01,6,4,5,2.4673,0.1335,38.035,-0.0001,0.0127,0.0135,0.89,0.949,0.922,0.025,0.036
0.95,0.5,0.9,0.0,0.01,6,4,10,2.4673,0.1335,33.618,-0.0001,0.0134,0.0138,0.897,0.946,0.907,0.016,0.033
0.95,0.5,0.9,0.0,0.01,8,5,0,2.4673,0.1335,41.587,-0.0002,0.0121,0.0125,0.901,0.98,0.955,0.022,0.036
0.95,0.5,0.9,0.0,0.01,8,5,5,2.4673,0.1335,37.152,-0.0003,0.0129,0.0135,0.883,0.954,0.92,0.015,0.032
0.95,0.5,0.9,0.0,0.01,8,5,10,2.4673,0.1335,32.72,-0.0003,0.0136,0.0144,0.88,0.923,0.892,0.027,0.043
0.95,0.5,0.9,0.0,0.01,10,6,0,2.4673,0.1335,40.679,-0.0002,0.0122,0.0128,0.891,0.972,0.942,0.019,0.039
0.95,0.5,0.9,0.0,0.01,10,6,5,2.4673,0.1335,36.279,-0.0001,0.013,0.0137,0.894,0.941,0.914,0.02,0.033
0.95,0.5,0.9,0.0,0.01,10,6,10,2.4673,0.1335,31.867,-0.0001,0.0138,0.0142,0.895,0.933,0.885,0.022,0.038
0.95,0.5,0.9,0.0,0.02,0,0,0,2.4673,0.1335,46.0,-0.0002,0.0116,0.013,0.864,0.968,0.957,0.026,0.049
0.95,0.5,0.9,0.0,0.02,0,0,5,2.4673,0.1335,41.578,0.0001,0.0122,0.0134,0.862,0.953,0.943,0.022,0.06
0.95,0.5,0.9,0.0,0.02,0,0,10,2.4673,0.1335,37.147,-0.0001,0.0128,0.0145,0.865,0.918,0.907,0.021,0.053
0.95,0.5,0.9,0.0,0.02,6,4,0,2.4673,0.1335,42.46,-0.0003,0.012,0.0133,0.873,0.959,0.944,0.021,0.046
0.95,0.5,0.9,0.0,0.02,6,4,5,2.4673,0.1335,38.046,-0.0001,0.0127,0.0136,0.886,0.944,0.927,0.024,0.045
0.95,0.5,0.9,0.0,0.02,6,4,10,2.4673,0.1335,33.616,-0.0001,0.0135,0.0147,0.88,0.912,0.889,0.022,0.051
0.95,0.5,0.9,0.0,0.02,8,5,0,2.4673,0.1335,41.582,-0.0002,0.0122,0.0135,0.865,0.955,0.94,0.015,0.048
0.95,0.5,0.9,0.0,0.02,8,5,5,2.4673,0.1335,37.168,0.0,0.0129,0.014,0.869,0.943,0.916,0.022,0.044
0.95,0.5,0.9,0.0,0.02,8,5,10,2.4673,0.1335,32.689,0.0001,0.0135,0.0152,0.869,0.896,0.875,0.028,0.055
0.95,0.5,0.9,0.0,0.02,10,6,0,2.4673,0.1335,40.706,-0.0001,0.0124,0.0138,0.862,0.953,0.935,0.016,0.049
0.95,0.5,0.9,0.0,0.02,10,6,5,2.4673,0.1335,36.219,0.0,0.013,0.0143,0.866,0.917,0.9,0.021,0.049
0.95,0.5,0.9,0.0,0.02,10,6,10,2.4673,0.1335,31.856,0.0001,0.0138,0.0152,0.867,0.891,0.87,0.018,0.046
0.95,0.5,0.9,0.03,0.0,0,0,0,2.4673,0.78,46.0,0.03,0.0098,0.0104,0.894,0.034,0.076,0.999,0.999
0.95,0.5,0.9,0.03,0.0,0,0,5,2.4673,0.78,41.558,0.0299,0.0103,0.0109,0.88,0.031,0.089,0.998,0.997
0.95,0.5,0.9,0.03,0.0,0,0,10,2.4673,0.78,37.113,0.03,0.0109,0.0115,0.88,0.035,0.091,0.995,0.996
0.95,0.5,0.9,0.03,0.0,6,4,0,2.4673,0.78,42.483,0.03,0.0102,0.0107,0.9,0.036,0.071,0.999,0.998
0.95,0.5,0.9,0.03,0.0,6,4,5,2.4673,0.78,38.085,0.0301,0.0107,0.0113,0.896,0.033,0.075,0.998,0.994
0.95,0.5,0.9,0.03,0.0,6,4,10,2.4673,0.78,33.561,0.03,0.0113,0.012,0.886,0.041,0.089,0.994,0.992
0.95,0.5,0.9,0.03,0.0,8,5,0,2.4673,0.78,41.572,0.0302,0.0103,0.0109,0.895,0.033,0.078,0.999,0.999
0.95,0.5,0.9,0.03,0.0,8,5,5,2.4673,0.78,37.155,0.0301,0.0109,0.0116,0.87,0.032,0.097,0.996,0.995
0.95,0.5,0.9,0.03,0.0,8,5,10,2.4673,0.78,32.772,0.03,0.0115,0.0121,0.883,0.039,0.094,0.993,0.992
0.95,0.5,0.9,0.03,0.0,10,6,0,2.4673,0.78,40.701,0.0299,0.0104,0.0109,0.892,0.04,0.08,0.998,0.997
0.95,0.5,0.9,0.03,0.0,10,6,5,2.4673,0.78,36.293,0.0302,0.011,0.0118,0.887,0.033,0.082,0.996,0.996
0.95,0.5,0.9,0.03,0.0,10,6,10,2.4673,0.78,31.879,0.0301,0.0117,0.0121,0.893,0.028,0.086,0.99,0.992
0.95,0.5,0.9,0.03,0.01,0,0,0,2.4673,0.78,46.0,0.0301,0.0098,0.0107,0.88,0.037,0.081,0.998,0.999
0.95,0.5,0.9,0.03,0.01,0,0,5,2.4673,0.78,41.555,0.0299,0.0103,0.011,0.88,0.041,0.095,0.997,0.997
0.95,0.5,0.9,0.03,0.01,0,0,10,2.4673,0.78,37.098,0.0302,0.0109,0.0116,0.884,0.032,0.083,0.996,0.996
0.95,0.5,0.9,0.03,0.01,6,4,0,2.4673,0.78,42.462,0.03,0.0103,0.0112,0.88,0.042,0.091,0.995,0.998
0.95,0.5,0.9,0.03,0.01,6,4,5,2.4673,0.78,37.997,0.0299,0.0108,0.0115,0.89,0.033,0.083,0.995,0.992
0.95,0.5,0.9,0.03,0.01,6,4,10,2.4673,0.78,33.649,0.0301,0.0114,0.0128,0.856,0.034,0.103,0.984,0.988
0.95,0.5,0.9,0.03,0.01,8,5,0,2.4673,0.78,41.599,0.0301,0.0103,0.011,0.889,0.036,0.079,0.996,0.997
0.95,0.5,0.9,0.03,0.01,8,5,5,2.4673,0.78,37.129,0.0299,0.0108,0.012,0.878,0.034,0.09,0.996,0.997
0.95,0.5,0.9,0.03,0.01,8,5,10,2.4673,0.78,32.754,0.0301,0.0115,0.0126,0.869,0.036,0.101,0.984,0.992
0.95,0.5,0.9,0.03,0.01,10,6,0,2.4673,0.78,40.708,0.0301,0.0104,0.0113,0.886,0.037,0.086,0.997,0.999
0.95,0.5,0.9,0.03,0.01,10,6,5,2.4673,0.78,36.229,0.0301,0.011,0.0113,0.894,0.04,0.08,0.996,0.994
0.95,0.5,0.9,0.03,0.01,10,6,10,2.4673,0.78,31.828,0.03,0.0116,0.0128,0.866,0.043,0.099,0.98,0.986
0.95,0.5,0.9,0.03,0.02,0,0,0,2.4673,0.78,46.0,0.0302,0.0099,0.0115,0.844,0.035,0.104,0.997,0.999
0.95,0.5,0.9,0.03,0.02,0,0,5,2.4673,0.78,41.532,0.03,0.0105,0.0118,0.86,0.044,0.101,0.993,0.996
0.95,0.5,0.9,0.03,0.02,0,0,10,2.4673,0.78,37.143,0.0297,0.011,0.0122,0.864,0.043,0.104,0.988,0.994
0.95,0.5,0.9,0.03,0.02,6,4,0,2.4673,0.78,42.475,0.0299,0.0102,0.0117,0.861,0.034,0.097,0.992,0.996
0.95,0.5,0.9,0.03,0.02,6,4,5,2.4673,0.78,38.067,0.0301,0.0108,0.0124,0.849,0.03,0.101,0.988,0.994
0.95,0.5,0.9,0.03,0.02,6,4,10,2.4673,0.78,33.598,0.0299,0.0114,0.0127,0.864,0.032,0.095,0.983,0.988
0.95,0.5,0.9,0.03,0.02,8,5,0,2.4673,0.78,41.593,0.0301,0.0103,0.0121,0.851,0.044,0.106,0.989,0.996
0.95,0.5,0.9,0.03,0.02,8,5,5,2.4673,0.78,37.209,0.03,0.011,0.0126,0.857,0.038,0.095,0.981,0.995
0.95,0.5,0.9,0.03,0.02,8,5,10,2.4673,0.78,32.712,0.0301,0.0117,0.0132,0.854,0.03,0.103,0.977,0.991
0.95,0.5,0.9,0.03,0.02,10,6,0,2.4673,0.78,40.692,0.03,0.0105,0.0122,0.852,0.039,0.101,0.988,0.991
0.95,0.5,0.9,0.03,0.02,10,6,5,2.4673,0.78,36.267,0.0301,0.0112,0.0126,0.857,0.042,0.099,0.979,0.99
0.95,0.5,0.9,0.03,0.02,10,6,10,2.4673,0.78,31.842,0.0301,0.0118,0.0135,0.856,0.045,0.105,0.958,0.976
